08/24/2026 06:47:10 PM: INFO: ********Test_001_Login********
08/24/2026 06:47:10 PM: INFO: ********Verify Home Page Title********
08/24/2026 06:47:14 PM: INFO: ********Home Page Title test is passed********
08/24/2026 06:47:18 PM: INFO: ********Verify Login Test********
08/24/2026 06:47:24 PM: INFO: ********Login test Passed********
08/24/2026 07:07:28 PM: INFO: ********Test_001_Login********
08/24/2026 07:07:28 PM: INFO: ********Verify Home Page Title********
08/24/2026 07:07:32 PM: INFO: ********Home Page Title test is passed********
08/24/2026 07:07:36 PM: INFO: ********Verify Login Test********
08/24/2026 07:07:43 PM: INFO: ********Login test Passed********
08/24/2026 07:14:25 PM: INFO: ********Test_001_Login********
08/24/2026 07:14:25 PM: INFO: ********Verify Home Page Title********
08/24/2026 07:14:27 PM: INFO: ********Home Page Title test is passed********
08/24/2026 07:14:46 PM: INFO: ********Verify Login Test********
08/24/2026 07:14:52 PM: INFO: ********Login test Passed********
08/24/2026 07:22:33 PM: INFO: ********Test_001_Login********
08/24/2026 07:22:33 PM: INFO: ********Verify Home Page Title********
08/24/2026 07:22:37 PM: INFO: ********Home Page Title test is passed********
08/24/2026 07:22:41 PM: INFO: ********Verify Login Test********
08/24/2026 07:22:49 PM: INFO: ********Login test Passed********
08/24/2026 08:25:25 PM: INFO: ********Test_001_Login********
08/24/2026 08:25:25 PM: INFO: ********Verify Home Page Title********
08/24/2026 08:25:27 PM: INFO: ********Verify Login Test********
08/24/2026 08:25:28 PM: INFO: ********Home Page Title test is passed********
08/24/2026 08:25:36 PM: INFO: ********Login test Passed********
08/24/2026 08:40:16 PM: INFO: ********Test_001_Login********
08/24/2026 08:40:16 PM: INFO: ********Verify Home Page Title********
08/24/2026 08:40:16 PM: INFO: ********Verify Login Test********
08/24/2026 08:40:20 PM: INFO: ********Home Page Title test is passed********
08/24/2026 08:40:23 PM: INFO: ********Login test Passed********
08/24/2026 10:04:32 PM: INFO: **********Test_002_DDT_Login********
08/24/2026 10:04:32 PM: INFO: ********Verify Login DDT Test********
08/24/2026 10:06:59 PM: INFO: **********Test_002_DDT_Login********
08/24/2026 10:06:59 PM: INFO: ********Verify Login DDT Test********
08/24/2026 10:07:09 PM: INFO: *****Test Passed****
08/24/2026 10:07:10 PM: INFO: ****Login DDT Test Passed****
08/25/2026 08:48:54 AM: INFO: **********Test_002_DDT_Login********
08/25/2026 08:48:54 AM: INFO: ********Verify Login DDT Test********
08/25/2026 08:49:04 AM: INFO: *****Test Passed****
08/25/2026 08:52:07 AM: INFO: **********Test_002_DDT_Login********
08/25/2026 08:52:07 AM: INFO: ********Verify Login DDT Test********
08/25/2026 08:52:13 AM: INFO: Row 2: *****Test Passed*****
08/25/2026 08:52:15 AM: ERROR: Row 3: *****Test Failed*****
08/25/2026 09:15:04 AM: INFO: **********Test_002_DDT_Login********
08/25/2026 09:15:04 AM: INFO: ********Verify Login DDT Test********
08/25/2026 09:15:10 AM: INFO: Row 2: *****Test Passed*****
08/25/2026 09:18:40 AM: INFO: **********Test_002_DDT_Login********
08/25/2026 09:18:40 AM: INFO: ********Verify Login DDT Test********
08/25/2026 09:18:48 AM: INFO: Row 2: *****Test Passed*****
08/25/2026 09:18:52 AM: INFO: Row 3: *****Test Passed*****
08/25/2026 09:18:55 AM: INFO: Row 4: *****Test Passed*****
08/25/2026 09:18:59 AM: INFO: Row 5: *****Test Passed*****
08/25/2026 09:19:02 AM: INFO: Row 6: *****Test Passed*****
08/25/2026 09:19:02 AM: INFO: ****Login DDT Test Passed****
08/25/2026 09:19:03 AM: INFO: ****End of Login DDT Test****
08/25/2026 09:19:03 AM: INFO: *****Completed TC_LoginDDT_002******
08/25/2026 05:55:37 PM: INFO: **********Test_003_AddCustomer**********
08/25/2026 05:55:45 PM: INFO: *********Login Successful**********
08/25/2026 05:55:45 PM: INFO: *****Starting Add Customer Test*******
08/25/2026 05:55:47 PM: INFO: ********Providing customer info**********
08/25/2026 06:03:56 PM: INFO: **********Test_003_AddCustomer**********
08/25/2026 06:04:02 PM: INFO: *********Login Successful**********
08/25/2026 06:04:02 PM: INFO: *****Starting Add Customer Test*******
08/25/2026 06:04:06 PM: INFO: ********Providing customer info**********
08/25/2026 06:06:48 PM: INFO: **********Test_003_AddCustomer**********
08/25/2026 06:06:53 PM: INFO: *********Login Successful**********
08/25/2026 06:06:53 PM: INFO: *****Starting Add Customer Test*******
08/25/2026 06:06:57 PM: INFO: ********Providing customer info**********
08/25/2026 06:25:23 PM: INFO: **********Test_003_AddCustomer**********
08/25/2026 06:25:29 PM: INFO: *********Login Successful**********
08/25/2026 06:25:29 PM: INFO: *****Starting Add Customer Test*******
08/25/2026 06:25:32 PM: INFO: ********Providing customer info**********
08/25/2026 06:25:38 PM: INFO: ********Saving customer info**********
08/25/2026 06:25:38 PM: INFO: ********Add customer validation*********
08/25/2026 06:25:39 PM: INFO: ********Add customer test passed**********
08/25/2026 06:25:39 PM: INFO: ******Ending Add Customer Test*******
08/25/2026 06:29:27 PM: INFO: **********Test_003_AddCustomer**********
08/25/2026 06:29:34 PM: INFO: *********Login Successful**********
08/25/2026 06:29:34 PM: INFO: *****Starting Add Customer Test*******
08/25/2026 06:29:36 PM: INFO: ********Providing customer info**********
08/25/2026 06:29:41 PM: INFO: ********Saving customer info**********
08/25/2026 06:29:41 PM: INFO: ********Add customer validation*********
08/25/2026 06:29:42 PM: INFO: ********Add customer test passed**********
08/25/2026 06:29:43 PM: INFO: ******Ending Add Customer Test*******
08/25/2026 08:22:47 PM: INFO: *******SearchCustomerByEmail_004*********
08/25/2026 08:22:56 PM: INFO: ***********Login Successful**********
08/25/2026 08:22:56 PM: INFO: **********Starting SearchCustomerByEmail_004**********
08/25/2026 08:22:57 PM: INFO: ******** searching customer by emailID***********
08/25/2026 08:23:02 PM: INFO: ********TC_SearchCustomerByEmail_004 Finished**********
08/25/2026 08:28:26 PM: INFO: *******SearchCustomerByName_005*********
08/25/2026 08:28:30 PM: INFO: ***********Login Successful**********
08/25/2026 08:28:30 PM: INFO: **********Starting SearchCustomerByName_005**********
08/25/2026 08:28:34 PM: INFO: ******** searching customer by Name***********
08/25/2026 08:28:38 PM: INFO: ********TC_SearchCustomerByName_005 Finished**********
08/25/2026 08:29:30 PM: INFO: *******SearchCustomerByName_005*********
08/25/2026 08:29:35 PM: INFO: ***********Login Successful**********
08/25/2026 08:29:35 PM: INFO: **********Starting SearchCustomerByName_005**********
08/25/2026 08:29:38 PM: INFO: ******** searching customer by Name***********
08/25/2026 08:29:41 PM: INFO: ********TC_SearchCustomerByName_005 Finished**********
08/25/2026 08:38:42 PM: INFO: *******SearchCustomerByEmail_004*********
08/25/2026 08:38:47 PM: INFO: ***********Login Successful**********
08/25/2026 08:38:47 PM: INFO: **********Starting SearchCustomerByEmail_004**********
08/25/2026 08:38:50 PM: INFO: ******** searching customer by emailID***********
08/25/2026 08:38:54 PM: INFO: ********TC_SearchCustomerByEmail_004 Finished**********
08/25/2026 08:40:06 PM: INFO: *******SearchCustomerByName_005*********
08/25/2026 08:40:13 PM: INFO: ***********Login Successful**********
08/25/2026 08:40:13 PM: INFO: **********Starting SearchCustomerByName_005**********
08/25/2026 08:40:14 PM: INFO: ******** searching customer by Name***********
08/25/2026 08:40:18 PM: INFO: ********TC_SearchCustomerByName_005 Finished**********
08/25/2026 08:46:43 PM: INFO: **********Test_003_AddCustomer**********
08/25/2026 08:46:48 PM: INFO: *********Login Successful**********
08/25/2026 08:46:48 PM: INFO: *****Starting Add Customer Test*******
08/25/2026 08:46:51 PM: INFO: ********Providing customer info**********
08/25/2026 08:46:56 PM: INFO: ********Saving customer info**********
08/25/2026 08:46:56 PM: INFO: ********Add customer validation*********
08/25/2026 08:46:57 PM: INFO: ********Add customer test passed**********
08/25/2026 08:46:57 PM: INFO: ******Ending Add Customer Test*******
08/25/2026 10:18:03 PM: INFO: *******Exporting All Customers*******
08/25/2026 10:18:11 PM: INFO: *******Login Successful*****
08/25/2026 10:18:11 PM: INFO: ******Starting Export All Customers*******
08/25/2026 10:18:13 PM: INFO: ******Scroll to Customers table and perform******
08/25/2026 10:23:29 PM: INFO: **********Test_003_AddCustomer**********
08/25/2026 10:23:34 PM: INFO: *********Login Successful**********
08/25/2026 10:23:34 PM: INFO: *****Starting Add Customer Test*******
08/25/2026 10:23:38 PM: INFO: ********Providing customer info**********
08/25/2026 10:23:43 PM: INFO: ********Saving customer info**********
08/25/2026 10:23:43 PM: INFO: ********Add customer validation*********
08/25/2026 10:23:43 PM: INFO: ********Add customer test passed**********
08/25/2026 10:23:44 PM: INFO: ******Ending Add Customer Test*******
08/25/2026 10:24:44 PM: INFO: *******Exporting All Customers*******
08/25/2026 10:24:51 PM: INFO: *******Login Successful*****
08/25/2026 10:24:51 PM: INFO: ******Starting Export All Customers*******
08/25/2026 10:24:53 PM: INFO: ******Scroll to Customers table and perform******
08/25/2026 10:27:17 PM: INFO: *******Exporting All Customers*******
08/25/2026 10:27:24 PM: INFO: *******Login Successful*****
08/25/2026 10:27:24 PM: INFO: ******Starting Export All Customers*******
08/25/2026 10:27:25 PM: INFO: ******Scroll to Customers table and perform******
08/26/2026 08:39:17 AM: INFO: *******Exporting All Customers*******
08/26/2026 08:39:23 AM: INFO: *******Login Successful*****
08/26/2026 08:39:23 AM: INFO: ******Starting Export All Customers*******
08/26/2026 08:39:29 AM: INFO: ******Scroll to Customers table and perform******
08/26/2026 08:41:31 AM: INFO: *******Exporting All Customers*******
08/26/2026 08:41:35 AM: INFO: *******Login Successful*****
08/26/2026 08:41:35 AM: INFO: ******Starting Export All Customers*******
08/26/2026 08:41:38 AM: INFO: ******Scroll to Customers table and perform******
08/26/2026 08:45:08 AM: INFO: *******Exporting All Customers*******
08/26/2026 08:45:16 AM: INFO: *******Login Successful*****
08/26/2026 08:45:16 AM: INFO: ******Starting Export All Customers*******
08/26/2026 08:45:17 AM: INFO: ******Scroll to Customers table and perform******
08/26/2026 08:47:55 AM: INFO: *******Exporting All Customers*******
08/26/2026 08:47:59 AM: INFO: *******Login Successful*****
08/26/2026 08:47:59 AM: INFO: ******Starting Export All Customers*******
08/26/2026 08:48:02 AM: INFO: ******Scroll to Customers table and perform******
08/26/2026 09:28:26 AM: INFO: *******Exporting All Customers*******
08/26/2026 09:28:31 AM: INFO: *******Login Successful*****
08/26/2026 09:28:31 AM: INFO: ******Starting Export All Customers*******
08/26/2026 09:28:35 AM: INFO: ******Scroll to Customers table and perform******
08/26/2026 09:38:42 AM: INFO: *******Exporting All Customers*******
08/26/2026 09:38:49 AM: INFO: *******Login Successful*****
08/26/2026 09:38:49 AM: INFO: ******Starting Export All Customers*******
08/26/2026 09:38:50 AM: INFO: ******Scroll to Customers table and perform******
08/26/2026 09:38:53 AM: INFO: ******* Export All Customers Completed *******
08/26/2026 10:39:31 AM: INFO: *******Exporting All Customers*******
08/26/2026 10:39:38 AM: INFO: *******Login Successful*****
08/26/2026 10:39:38 AM: INFO: ******Starting Export All Customers*******
08/26/2026 10:39:39 AM: INFO: ******Scroll to Customers table and perform******
08/26/2026 10:44:37 AM: INFO: *******Exporting All Customers*******
08/26/2026 10:44:43 AM: INFO: *******Login Successful*****
08/26/2026 10:44:43 AM: INFO: ******Starting Export All Customers*******
08/26/2026 10:44:45 AM: INFO: ******Scroll to Customers table and perform******
08/26/2026 10:44:48 AM: INFO: ******* Customers Selected Successfully *******
08/26/2026 10:44:48 AM: INFO: ******* Export All Customers Completed *******
08/26/2026 10:51:52 AM: INFO: *******Exporting All Customers*******
08/26/2026 10:51:58 AM: INFO: *******Login Successful*****
08/26/2026 10:51:58 AM: INFO: ******Starting Export All Customers*******
08/26/2026 10:52:01 AM: INFO: ******Scroll to Customers table and perform******
08/26/2026 10:52:03 AM: INFO: ******* Customers Selected Successfully *******
08/26/2026 10:52:03 AM: INFO: ******* Export All Customers Completed *******
08/26/2026 11:01:38 AM: INFO: *******Exporting All Customers*******
08/26/2026 11:01:44 AM: INFO: *******Login Successful*****
08/26/2026 11:01:44 AM: INFO: ******Starting Export All Customers*******
08/26/2026 11:01:46 AM: INFO: ******Scroll to Customers table and perform******
08/26/2026 11:01:53 AM: INFO: ******* Export All Customers Completed *******
08/26/2026 11:29:18 AM: INFO: *******Exporting All Customers*******
08/26/2026 11:29:25 AM: INFO: *******Login Successful*****
08/26/2026 11:29:25 AM: INFO: ******Starting Export All Customers*******
08/26/2026 11:29:26 AM: INFO: ******Scroll to Customers table and perform******
08/26/2026 11:29:28 AM: INFO: ******* Customers Selected Successfully *******
08/26/2026 11:29:29 AM: INFO: ******* Export All Customers Completed *******
08/26/2026 11:34:53 AM: INFO: ******* Exporting Selected Customers to XML *******
08/26/2026 11:35:00 AM: INFO: ******* Login Successful *****
08/26/2026 11:35:00 AM: INFO: ****** Navigating to Customers ******
08/26/2026 11:35:02 AM: INFO: ****** Customers page opened ******
08/26/2026 11:35:04 AM: INFO: ******* Customers Selected Successfully *******
08/26/2026 11:35:06 AM: INFO: ******* Export Selected Customers XML Completed *******
08/26/2026 11:38:33 AM: INFO: ******* Exporting Selected Customers to XML *******
08/26/2026 11:38:37 AM: INFO: ******* Download directory: C:\Users\hp\PycharmProjects\Python_Selenium_Hybrid\downloads *******
08/26/2026 11:38:39 AM: INFO: ******* Login Successful *****
08/26/2026 11:38:39 AM: INFO: ****** Navigating to Customers ******
08/26/2026 11:38:42 AM: INFO: ****** Customers page opened ******
08/26/2026 11:38:44 AM: INFO: ******* Customers Selected Successfully *******
08/26/2026 11:38:45 AM: INFO: ******* Export Selected XML button clicked *******
08/26/2026 11:38:50 AM: INFO: ******* XML Downloaded Successfully: customers.xml *******
08/26/2026 11:38:50 AM: INFO: ******* XML File Verification Successful *******
08/26/2026 11:51:53 AM: INFO: ******* Exporting Selected Customers to XML *******
08/26/2026 11:51:56 AM: INFO: ******* Download directory: C:\Users\hp\PycharmProjects\Python_Selenium_Hybrid\downloads *******
08/26/2026 11:52:02 AM: INFO: ******* Login Successful *****
08/26/2026 11:52:02 AM: INFO: ****** Navigating to Customers ******
08/26/2026 11:52:03 AM: INFO: ****** Customers page opened ******
08/26/2026 11:52:05 AM: INFO: ******* Customers Selected Successfully *******
08/26/2026 11:52:07 AM: INFO: ******* Export Selected XML button clicked *******
08/26/2026 11:52:09 AM: INFO: ******* XML Downloaded Successfully: customers.xml *******
08/26/2026 11:52:09 AM: INFO: ******* XML File Verification Successful *******
08/26/2026 11:55:27 AM: INFO: ******* Exporting Selected Customers to XML *******
08/26/2026 11:55:33 AM: INFO: ******* Download directory: C:\Users\hp\PycharmProjects\Python_Selenium_Hybrid\downloads *******
08/26/2026 11:55:33 AM: INFO: ******* Login Successful *****
08/26/2026 11:55:33 AM: INFO: ****** Navigating to Customers ******
08/26/2026 11:55:36 AM: INFO: ****** Customers page opened ******
08/26/2026 11:55:39 AM: INFO: ******* Customers Selected Successfully *******
08/26/2026 11:55:40 AM: INFO: ******* Export Selected XML button clicked *******
08/26/2026 11:55:42 AM: INFO: ******* XML Downloaded Successfully: customers.xml *******
08/26/2026 11:55:42 AM: INFO: ******* XML File Verification Successful *******
08/26/2026 12:11:43 PM: INFO: ******* Exporting All Customers to XML *******
08/26/2026 12:11:46 PM: INFO: ******* Download directory: C:\Users\hp\PycharmProjects\Python_Selenium_Hybrid\downloads *******
08/26/2026 12:11:48 PM: INFO: ******* Login Successful *****
08/26/2026 12:11:48 PM: INFO: ****** Starting Export All Customers *******
08/26/2026 12:11:51 PM: INFO: ****** Customers page opened ******
08/26/2026 12:11:54 PM: INFO: ******* Export All Customers XML button clicked *******
08/26/2026 12:11:57 PM: INFO: ******* XML Downloaded Successfully: customers.xml *******
08/26/2026 12:11:57 PM: INFO: ******* XML File Verification Successful *******
08/26/2026 02:29:56 PM: INFO: ******* Exporting All Customers to Excel *******
08/26/2026 02:30:03 PM: INFO: ******* Download directory: C:\Users\hp\PycharmProjects\Python_Selenium_Hybrid\downloads *******
08/26/2026 02:30:08 PM: INFO: ******* Login Successful *****
08/26/2026 02:30:08 PM: INFO: ****** Starting Export All Customers *******
08/26/2026 02:30:10 PM: INFO: ****** Customers page opened ******
08/26/2026 02:30:14 PM: INFO: ******* Export All Customers Excel button clicked *******
08/26/2026 02:30:16 PM: INFO: ******* Excel Downloaded Successfully: customers.xlsx *******
08/26/2026 02:30:16 PM: INFO: ******* Excel File Verification Successful *******
08/26/2026 02:37:32 PM: INFO: ******* Exporting Selected Customers to Excel *******
08/26/2026 02:37:36 PM: INFO: ******* Download directory: C:\Users\hp\PycharmProjects\Python_Selenium_Hybrid\downloads *******
08/26/2026 02:37:38 PM: INFO: ******* Login Successful *****
08/26/2026 02:37:38 PM: INFO: ****** Navigating to Customers ******
08/26/2026 02:37:41 PM: INFO: ****** Customers page opened ******
08/26/2026 02:37:43 PM: INFO: ******* Customers Selected Successfully *******
08/26/2026 02:37:45 PM: INFO: ******* Export Selected Excel button clicked *******
08/26/2026 02:37:48 PM: INFO: ******* Excel Downloaded Successfully: customers.xlsx *******
08/26/2026 02:37:48 PM: INFO: ******* Excel File Verification Successful *******
08/26/2026 04:39:06 PM: INFO: ******* Editing Customer *******
08/26/2026 04:39:15 PM: INFO: ******* Login Successful *****
08/26/2026 04:39:18 PM: INFO: ******* Customers page opened *******
08/26/2026 04:39:21 PM: INFO: ******* Edit Customer button clicked *******
08/26/2026 04:39:24 PM: INFO: ******* Edit Customer page opened successfully *******
08/26/2026 04:55:56 PM: INFO: ******* Editing Customer *******
08/26/2026 04:56:02 PM: INFO: ******* Login Successful *****
08/26/2026 04:56:05 PM: INFO: ******* Customers page opened *******
08/26/2026 04:56:08 PM: INFO: ******* Edit Customer button clicked *******
08/26/2026 04:56:11 PM: INFO: ******* Edit Customer page opened successfully *******
08/26/2026 04:56:12 PM: INFO: ********* Edit Customer test passed **********
08/26/2026 04:56:13 PM: INFO: ****** Ending Edit Customer Test *******
08/26/2026 05:07:49 PM: INFO: **********Test_003_AddCustomer**********
08/26/2026 05:07:55 PM: INFO: *********Login Successful**********
08/26/2026 05:07:55 PM: INFO: *****Starting Add Customer Test*******
08/26/2026 05:08:00 PM: INFO: ********Providing customer info**********
08/26/2026 05:08:14 PM: INFO: ********Saving customer info**********
08/26/2026 05:08:14 PM: INFO: ********Add customer validation*********
08/26/2026 05:08:15 PM: INFO: ********Add customer test passed**********
08/26/2026 05:08:16 PM: INFO: ******Ending Add Customer Test*******
08/26/2026 06:04:42 PM: INFO: ******* Deleting Customer *******
08/26/2026 06:04:50 PM: INFO: ******* Login Successful *****
08/26/2026 06:04:51 PM: INFO: ******* Customers page opened *******
08/26/2026 06:04:55 PM: INFO: ******* Edit Customer button clicked *******
08/26/2026 06:04:57 PM: INFO: ******* Edit Customer page opened successfully *******
08/26/2026 06:04:57 PM: INFO: ******* Delete Customer button clicked *******
08/26/2026 06:04:59 PM: INFO: ******* Delete confirmation accepted *******
08/26/2026 06:04:59 PM: INFO: ********* Delete Customer test passed **********
08/26/2026 06:05:00 PM: INFO: ****** Ending Delete Customer Test *******
08/26/2026 08:19:33 PM: INFO: **********Test_003_AddCustomer**********
08/26/2026 08:19:41 PM: INFO: *********Login Successful**********
08/26/2026 08:19:41 PM: INFO: *****Starting Add Customer Test*******
08/26/2026 08:19:43 PM: INFO: ********Providing customer info**********
08/26/2026 08:19:49 PM: INFO: ********Saving customer info**********
08/26/2026 08:19:49 PM: INFO: ********Add customer validation*********
08/26/2026 08:19:50 PM: INFO: ********Add customer test passed**********
08/26/2026 08:19:50 PM: INFO: ******Ending Add Customer Test*******
08/26/2026 08:19:54 PM: INFO: ********Verify Login Test********
08/26/2026 08:20:00 PM: INFO: ********Login test Passed********
08/26/2026 08:40:07 PM: INFO: ******* Exporting Selected Customers to XML *******
08/26/2026 08:40:11 PM: INFO: ******* Download directory: C:\Users\hp\PycharmProjects\Python_Selenium_Hybrid\downloads *******
08/26/2026 08:40:13 PM: INFO: ******* Login Successful *****
08/26/2026 08:40:13 PM: INFO: ****** Navigating to Customers ******
08/26/2026 08:40:14 PM: INFO: ****** Customers page opened ******
08/26/2026 08:40:17 PM: INFO: ******* Customers Selected Successfully *******
08/26/2026 08:40:18 PM: INFO: ******* Export Selected XML button clicked *******
08/26/2026 08:40:19 PM: INFO: ******* XML Downloaded Successfully: customers.xml *******
08/26/2026 08:40:19 PM: INFO: ******* XML File Verification Successful *******
08/26/2026 09:05:41 PM: INFO: **********Test_003_AddCustomer**********
08/26/2026 09:05:45 PM: INFO: *********Login Successful**********
08/26/2026 09:05:45 PM: INFO: *****Starting Add Customer Test*******
08/26/2026 09:05:49 PM: INFO: ********Providing customer info**********
08/26/2026 09:05:54 PM: INFO: ********Saving customer info**********
08/26/2026 09:05:54 PM: INFO: ********Add customer validation*********
08/26/2026 09:05:54 PM: INFO: ********Add customer test passed**********
08/26/2026 09:05:55 PM: INFO: ******Ending Add Customer Test*******
08/26/2026 09:05:59 PM: INFO: ********Verify Login Test********
08/26/2026 09:06:05 PM: INFO: ********Login test Passed********
08/26/2026 09:33:31 PM: INFO: ******* Deleting Customer *******
08/26/2026 09:33:39 PM: INFO: ******* Login Successful *****
08/26/2026 09:33:40 PM: INFO: ******* Customers page opened *******
08/26/2026 09:33:44 PM: INFO: ******* Edit Customer button clicked *******
08/26/2026 09:33:46 PM: INFO: ******* Edit Customer page opened successfully *******
08/26/2026 09:33:46 PM: INFO: ******* Delete Customer button clicked *******
08/26/2026 09:33:47 PM: INFO: ******* Delete confirmation accepted *******
08/26/2026 09:33:48 PM: INFO: ********* Delete Customer test passed **********
08/26/2026 09:33:49 PM: INFO: ****** Ending Delete Customer Test *******
08/26/2026 09:33:53 PM: INFO: ******* Editing Customer *******
08/26/2026 09:33:57 PM: INFO: ******* Login Successful *****
08/26/2026 09:33:59 PM: INFO: ******* Customers page opened *******
08/26/2026 09:34:02 PM: INFO: ******* Edit Customer button clicked *******
08/26/2026 09:34:05 PM: INFO: ******* Edit Customer page opened successfully *******
08/26/2026 09:34:07 PM: INFO: ********* Edit Customer test passed **********
08/26/2026 09:34:07 PM: INFO: ****** Ending Edit Customer Test *******
08/26/2026 09:34:11 PM: INFO: ******* Exporting All Customers to Excel *******
08/26/2026 09:34:14 PM: INFO: ******* Download directory: C:\Users\hp\PycharmProjects\Python_Selenium_Hybrid\downloads *******
08/26/2026 09:34:15 PM: INFO: ******* Login Successful *****
08/26/2026 09:34:15 PM: INFO: ****** Starting Export All Customers *******
08/26/2026 09:34:18 PM: INFO: ****** Customers page opened ******
08/26/2026 09:34:22 PM: INFO: ******* Export All Customers Excel button clicked *******
08/26/2026 09:34:24 PM: INFO: ******* Excel Downloaded Successfully: customers.xlsx *******
08/26/2026 09:34:24 PM: INFO: ******* Excel File Verification Successful *******
08/26/2026 09:34:28 PM: INFO: ******* Exporting All Customers to XML *******
08/26/2026 09:34:32 PM: INFO: ******* Download directory: C:\Users\hp\PycharmProjects\Python_Selenium_Hybrid\downloads *******
08/26/2026 09:34:32 PM: INFO: ******* Login Successful *****
08/26/2026 09:34:32 PM: INFO: ****** Starting Export All Customers *******
08/26/2026 09:34:37 PM: INFO: ****** Customers page opened ******
08/26/2026 09:34:40 PM: INFO: ******* Export All Customers XML button clicked *******
08/26/2026 09:34:44 PM: INFO: ******* XML Downloaded Successfully: customers.xml *******
08/26/2026 09:34:44 PM: INFO: ******* XML File Verification Successful *******
08/26/2026 09:34:50 PM: INFO: ******* Exporting Selected Customers to Excel *******
08/26/2026 09:34:52 PM: INFO: ******* Download directory: C:\Users\hp\PycharmProjects\Python_Selenium_Hybrid\downloads *******
08/26/2026 09:34:53 PM: INFO: ******* Login Successful *****
08/26/2026 09:34:53 PM: INFO: ****** Navigating to Customers ******
08/26/2026 09:34:56 PM: INFO: ****** Customers page opened ******
08/26/2026 09:34:58 PM: INFO: ******* Customers Selected Successfully *******
08/26/2026 09:35:00 PM: INFO: ******* Export Selected Excel button clicked *******
08/26/2026 09:35:01 PM: INFO: ******* Excel Downloaded Successfully: customers.xlsx *******
08/26/2026 09:35:01 PM: INFO: ******* Excel File Verification Successful *******
08/26/2026 09:35:05 PM: INFO: ******* Exporting Selected Customers to XML *******
08/26/2026 09:35:09 PM: INFO: ******* Download directory: C:\Users\hp\PycharmProjects\Python_Selenium_Hybrid\downloads *******
08/26/2026 09:35:10 PM: INFO: ******* Login Successful *****
08/26/2026 09:35:10 PM: INFO: ****** Navigating to Customers ******
08/26/2026 09:35:13 PM: INFO: ****** Customers page opened ******
08/26/2026 09:35:15 PM: INFO: ******* Customers Selected Successfully *******
08/26/2026 09:35:16 PM: INFO: ******* Export Selected XML button clicked *******
08/26/2026 09:35:20 PM: INFO: ******* XML Downloaded Successfully: customers.xml *******
08/26/2026 09:35:20 PM: INFO: ******* XML File Verification Successful *******
08/26/2026 09:35:25 PM: INFO: ********Test_001_Login********
08/26/2026 09:35:25 PM: INFO: ********Verify Home Page Title********
08/26/2026 09:35:29 PM: INFO: ********Home Page Title test is passed********
08/26/2026 09:35:33 PM: INFO: ********Verify Login Test********
08/26/2026 09:35:39 PM: INFO: ********Login test Passed********
08/26/2026 09:35:43 PM: INFO: **********Test_002_DDT_Login********
08/26/2026 09:35:43 PM: INFO: ********Verify Login DDT Test********
08/26/2026 09:35:49 PM: INFO: Row 2: *****Test Passed*****
08/26/2026 09:35:53 PM: INFO: Row 3: *****Test Passed*****
08/26/2026 09:35:55 PM: INFO: Row 4: *****Test Passed*****
08/26/2026 09:35:59 PM: INFO: Row 5: *****Test Passed*****
08/26/2026 09:36:02 PM: INFO: Row 6: *****Test Passed*****
08/26/2026 09:36:02 PM: INFO: ****Login DDT Test Passed****
08/26/2026 09:36:02 PM: INFO: ****End of Login DDT Test****
08/26/2026 09:36:02 PM: INFO: *****Completed TC_LoginDDT_002******
08/26/2026 09:36:07 PM: INFO: *******SearchCustomerByEmail_004*********
08/26/2026 09:36:11 PM: INFO: ***********Login Successful**********
08/26/2026 09:36:11 PM: INFO: **********Starting SearchCustomerByEmail_004**********
08/26/2026 09:36:14 PM: INFO: ******** searching customer by emailID***********
08/26/2026 09:36:18 PM: INFO: ********TC_SearchCustomerByEmail_004 Finished**********
08/26/2026 09:36:22 PM: INFO: *******SearchCustomerByName_005*********
08/26/2026 09:36:26 PM: INFO: ***********Login Successful**********
08/26/2026 09:36:26 PM: INFO: **********Starting SearchCustomerByName_005**********
08/26/2026 09:36:28 PM: INFO: ******** searching customer by Name***********
08/26/2026 09:36:32 PM: INFO: ********TC_SearchCustomerByName_005 Finished**********
08/27/2026 08:27:39 AM: INFO: ******* Deleting Customer *******
08/27/2026 08:27:46 AM: INFO: ******* Login Successful *****
08/27/2026 08:27:49 AM: INFO: ******* Customers page opened *******
08/27/2026 08:27:52 AM: INFO: ******* Edit Customer button clicked *******
08/27/2026 08:27:54 AM: INFO: ******* Edit Customer page opened successfully *******
08/27/2026 08:27:54 AM: INFO: ******* Delete Customer button clicked *******
08/27/2026 08:27:56 AM: INFO: ******* Delete confirmation accepted *******
08/27/2026 08:27:57 AM: INFO: ********* Delete Customer test passed **********
08/27/2026 08:27:57 AM: INFO: ****** Ending Delete Customer Test *******
08/27/2026 08:28:02 AM: INFO: ******* Editing Customer *******
08/27/2026 08:28:07 AM: INFO: ******* Login Successful *****
08/27/2026 08:28:09 AM: INFO: ******* Customers page opened *******
08/27/2026 08:28:13 AM: INFO: ******* Edit Customer button clicked *******
08/27/2026 08:28:15 AM: INFO: ******* Edit Customer page opened successfully *******
08/27/2026 08:28:17 AM: INFO: ********* Edit Customer test passed **********
08/27/2026 08:28:17 AM: INFO: ****** Ending Edit Customer Test *******
08/27/2026 08:28:24 AM: INFO: ******* Exporting All Customers to Excel *******
08/27/2026 08:28:28 AM: INFO: ******* Download directory: C:\Users\hp\PycharmProjects\Python_Selenium_Hybrid\downloads *******
08/27/2026 08:28:30 AM: INFO: ******* Login Successful *****
08/27/2026 08:28:30 AM: INFO: ****** Starting Export All Customers *******
08/27/2026 08:28:32 AM: INFO: ****** Customers page opened ******
08/27/2026 08:28:36 AM: INFO: ******* Export All Customers Excel button clicked *******
08/27/2026 08:28:37 AM: INFO: ******* Excel Downloaded Successfully: customers.xlsx *******
08/27/2026 08:28:37 AM: INFO: ******* Excel File Verification Successful *******
08/27/2026 08:28:43 AM: INFO: ******* Exporting All Customers to XML *******
08/27/2026 08:28:47 AM: INFO: ******* Download directory: C:\Users\hp\PycharmProjects\Python_Selenium_Hybrid\downloads *******
08/27/2026 08:28:48 AM: INFO: ******* Login Successful *****
08/27/2026 08:28:48 AM: INFO: ****** Starting Export All Customers *******
08/27/2026 08:28:52 AM: INFO: ****** Customers page opened ******
08/27/2026 08:28:56 AM: INFO: ******* Export All Customers XML button clicked *******
08/27/2026 08:29:00 AM: INFO: ******* XML Downloaded Successfully: customers.xml *******
08/27/2026 08:29:00 AM: INFO: ******* XML File Verification Successful *******
08/27/2026 08:29:06 AM: INFO: ******* Exporting Selected Customers to Excel *******
08/27/2026 08:29:09 AM: INFO: ******* Download directory: C:\Users\hp\PycharmProjects\Python_Selenium_Hybrid\downloads *******
08/27/2026 08:29:11 AM: INFO: ******* Login Successful *****
08/27/2026 08:29:11 AM: INFO: ****** Navigating to Customers ******
08/27/2026 08:29:13 AM: INFO: ****** Customers page opened ******
08/27/2026 08:29:16 AM: INFO: ******* Customers Selected Successfully *******
08/27/2026 08:29:17 AM: INFO: ******* Export Selected Excel button clicked *******
08/27/2026 08:29:18 AM: INFO: ******* Excel Downloaded Successfully: customers.xlsx *******
08/27/2026 08:29:18 AM: INFO: ******* Excel File Verification Successful *******
08/27/2026 08:29:25 AM: INFO: ******* Exporting Selected Customers to XML *******
08/27/2026 08:29:28 AM: INFO: ******* Download directory: C:\Users\hp\PycharmProjects\Python_Selenium_Hybrid\downloads *******
08/27/2026 08:29:31 AM: INFO: ******* Login Successful *****
08/27/2026 08:29:31 AM: INFO: ****** Navigating to Customers ******
08/27/2026 08:29:33 AM: INFO: ****** Customers page opened ******
08/27/2026 08:29:35 AM: INFO: ******* Customers Selected Successfully *******
08/27/2026 08:29:36 AM: INFO: ******* Export Selected XML button clicked *******
08/27/2026 08:29:37 AM: INFO: ******* XML Downloaded Successfully: customers.xml *******
08/27/2026 08:29:37 AM: INFO: ******* XML File Verification Successful *******
08/27/2026 08:29:44 AM: INFO: ********Test_001_Login********
08/27/2026 08:29:44 AM: INFO: ********Verify Home Page Title********
08/27/2026 08:29:48 AM: INFO: ********Home Page Title test is passed********
08/27/2026 08:29:52 AM: INFO: ********Verify Login Test********
08/27/2026 08:29:58 AM: INFO: ********Login test Passed********
08/27/2026 08:30:03 AM: INFO: **********Test_002_DDT_Login********
08/27/2026 08:30:03 AM: INFO: ********Verify Login DDT Test********
08/27/2026 08:30:11 AM: INFO: Row 2: *****Test Passed*****
08/27/2026 08:30:15 AM: INFO: Row 3: *****Test Passed*****
08/27/2026 08:30:18 AM: INFO: Row 4: *****Test Passed*****
08/27/2026 08:30:21 AM: INFO: Row 5: *****Test Passed*****
08/27/2026 08:30:24 AM: INFO: Row 6: *****Test Passed*****
08/27/2026 08:30:24 AM: INFO: ****Login DDT Test Passed****
08/27/2026 08:30:25 AM: INFO: ****End of Login DDT Test****
08/27/2026 08:30:25 AM: INFO: *****Completed TC_LoginDDT_002******
08/27/2026 08:30:29 AM: INFO: *******SearchCustomerByEmail_004*********
08/27/2026 08:30:33 AM: INFO: ***********Login Successful**********
08/27/2026 08:30:33 AM: INFO: **********Starting SearchCustomerByEmail_004**********
08/27/2026 08:30:36 AM: INFO: ******** searching customer by emailID***********
08/27/2026 08:30:39 AM: INFO: ********TC_SearchCustomerByEmail_004 Finished**********
08/27/2026 08:30:43 AM: INFO: *******SearchCustomerByName_005*********
08/27/2026 08:30:47 AM: INFO: ***********Login Successful**********
08/27/2026 08:30:47 AM: INFO: **********Starting SearchCustomerByName_005**********
08/27/2026 08:30:50 AM: INFO: ******** searching customer by Name***********
08/27/2026 08:30:53 AM: INFO: ********TC_SearchCustomerByName_005 Finished**********
08/27/2026 08:34:15 AM: INFO: ********Verify Login Test********
08/27/2026 08:34:21 AM: INFO: ********Login test Passed********
08/27/2026 08:38:10 AM: INFO: ******* Deleting Customer *******
08/27/2026 08:38:15 AM: INFO: ******* Login Successful *****
08/27/2026 08:38:17 AM: INFO: ******* Customers page opened *******
08/27/2026 08:38:21 AM: INFO: ******* Edit Customer button clicked *******
08/27/2026 08:38:23 AM: INFO: ******* Edit Customer page opened successfully *******
08/27/2026 08:38:23 AM: INFO: ******* Delete Customer button clicked *******
08/27/2026 08:38:24 AM: INFO: ******* Delete confirmation accepted *******
08/27/2026 08:38:25 AM: INFO: ********* Delete Customer test passed **********
08/27/2026 08:38:25 AM: INFO: ****** Ending Delete Customer Test *******
08/27/2026 08:38:29 AM: INFO: ******* Editing Customer *******
08/27/2026 08:38:34 AM: INFO: ******* Login Successful *****
08/27/2026 08:38:36 AM: INFO: ******* Customers page opened *******
08/27/2026 08:38:39 AM: INFO: ******* Edit Customer button clicked *******
08/27/2026 08:38:41 AM: INFO: ******* Edit Customer page opened successfully *******
08/27/2026 08:38:43 AM: INFO: ********* Edit Customer test passed **********
08/27/2026 08:38:43 AM: INFO: ****** Ending Edit Customer Test *******
08/27/2026 08:38:47 AM: INFO: **********Test_003_AddCustomer**********
08/27/2026 08:38:51 AM: INFO: *********Login Successful**********
08/27/2026 08:38:51 AM: INFO: *****Starting Add Customer Test*******
08/27/2026 08:38:54 AM: INFO: ********Providing customer info**********
08/27/2026 08:39:06 AM: INFO: ********Saving customer info**********
08/27/2026 08:39:06 AM: INFO: ********Add customer validation*********
08/27/2026 08:39:06 AM: INFO: ********Add customer test passed**********
08/27/2026 08:39:07 AM: INFO: ******Ending Add Customer Test*******
08/27/2026 08:39:11 AM: INFO: ******* Exporting All Customers to Excel *******
08/27/2026 08:39:15 AM: INFO: ******* Download directory: C:\Users\hp\PycharmProjects\Python_Selenium_Hybrid\downloads *******
08/27/2026 08:39:15 AM: INFO: ******* Login Successful *****
08/27/2026 08:39:15 AM: INFO: ****** Starting Export All Customers *******
08/27/2026 08:39:18 AM: INFO: ****** Customers page opened ******
08/27/2026 08:39:22 AM: INFO: ******* Export All Customers Excel button clicked *******
08/27/2026 08:39:25 AM: INFO: ******* Excel Downloaded Successfully: customers.xlsx *******
08/27/2026 08:39:25 AM: INFO: ******* Excel File Verification Successful *******
08/27/2026 08:39:30 AM: INFO: ******* Exporting All Customers to XML *******
08/27/2026 08:39:33 AM: INFO: ******* Download directory: C:\Users\hp\PycharmProjects\Python_Selenium_Hybrid\downloads *******
08/27/2026 08:39:35 AM: INFO: ******* Login Successful *****
08/27/2026 08:39:35 AM: INFO: ****** Starting Export All Customers *******
08/27/2026 08:39:36 AM: INFO: ****** Customers page opened ******
08/27/2026 08:39:40 AM: INFO: ******* Export All Customers XML button clicked *******
08/27/2026 08:39:41 AM: INFO: ******* XML Downloaded Successfully: customers.xml *******
08/27/2026 08:39:41 AM: INFO: ******* XML File Verification Successful *******
08/27/2026 08:39:45 AM: INFO: ******* Exporting Selected Customers to Excel *******
08/27/2026 08:39:48 AM: INFO: ******* Download directory: C:\Users\hp\PycharmProjects\Python_Selenium_Hybrid\downloads *******
08/27/2026 08:39:49 AM: INFO: ******* Login Successful *****
08/27/2026 08:39:49 AM: INFO: ****** Navigating to Customers ******
08/27/2026 08:39:51 AM: INFO: ****** Customers page opened ******
08/27/2026 08:39:54 AM: INFO: ******* Customers Selected Successfully *******
08/27/2026 08:39:55 AM: INFO: ******* Export Selected Excel button clicked *******
08/27/2026 08:39:59 AM: INFO: ******* Excel Downloaded Successfully: customers.xlsx *******
08/27/2026 08:39:59 AM: INFO: ******* Excel File Verification Successful *******
08/27/2026 08:40:04 AM: INFO: ******* Exporting Selected Customers to XML *******
08/27/2026 08:40:07 AM: INFO: ******* Download directory: C:\Users\hp\PycharmProjects\Python_Selenium_Hybrid\downloads *******
08/27/2026 08:40:08 AM: INFO: ******* Login Successful *****
08/27/2026 08:40:08 AM: INFO: ****** Navigating to Customers ******
08/27/2026 08:40:10 AM: INFO: ****** Customers page opened ******
08/27/2026 08:40:13 AM: INFO: ******* Customers Selected Successfully *******
08/27/2026 08:40:15 AM: INFO: ******* Export Selected XML button clicked *******
08/27/2026 08:40:16 AM: INFO: ******* XML Downloaded Successfully: customers.xml *******
08/27/2026 08:40:16 AM: INFO: ******* XML File Verification Successful *******
08/27/2026 08:40:20 AM: INFO: ********Test_001_Login********
08/27/2026 08:40:20 AM: INFO: ********Verify Home Page Title********
08/27/2026 08:40:23 AM: INFO: ********Home Page Title test is passed********
08/27/2026 08:40:27 AM: INFO: ********Verify Login Test********
08/27/2026 08:40:32 AM: INFO: ********Login test Passed********
08/27/2026 08:40:37 AM: INFO: **********Test_002_DDT_Login********
08/27/2026 08:40:37 AM: INFO: ********Verify Login DDT Test********
08/27/2026 08:40:43 AM: INFO: Row 2: *****Test Passed*****
08/27/2026 08:40:46 AM: INFO: Row 3: *****Test Passed*****
08/27/2026 08:40:49 AM: INFO: Row 4: *****Test Passed*****
08/27/2026 08:40:52 AM: INFO: Row 5: *****Test Passed*****
08/27/2026 08:40:56 AM: INFO: Row 6: *****Test Passed*****
08/27/2026 08:40:56 AM: INFO: ****Login DDT Test Passed****
08/27/2026 08:40:56 AM: INFO: ****End of Login DDT Test****
08/27/2026 08:40:56 AM: INFO: *****Completed TC_LoginDDT_002******
08/27/2026 08:41:00 AM: INFO: *******SearchCustomerByEmail_004*********
08/27/2026 08:41:05 AM: INFO: ***********Login Successful**********
08/27/2026 08:41:05 AM: INFO: **********Starting SearchCustomerByEmail_004**********
08/27/2026 08:41:08 AM: INFO: ******** searching customer by emailID***********
08/27/2026 08:41:11 AM: INFO: ********TC_SearchCustomerByEmail_004 Finished**********
08/27/2026 08:41:15 AM: INFO: *******SearchCustomerByName_005*********
08/27/2026 08:41:19 AM: INFO: ***********Login Successful**********
08/27/2026 08:41:19 AM: INFO: **********Starting SearchCustomerByName_005**********
08/27/2026 08:41:22 AM: INFO: ******** searching customer by Name***********
08/27/2026 08:41:26 AM: INFO: ********TC_SearchCustomerByName_005 Finished**********
08/27/2026 08:55:20 AM: WARNING: Error sending stats to Plausible: error sending request for url (https://plausible.io/api/event)
08/27/2026 08:55:32 AM: INFO: **********Test_003_AddCustomer**********
08/27/2026 08:55:39 AM: INFO: *********Login Successful**********
08/27/2026 08:55:39 AM: INFO: *****Starting Add Customer Test*******
08/27/2026 08:56:10 AM: INFO: ********Verify Login Test********
08/27/2026 08:56:16 AM: INFO: ********Login test Passed********
08/27/2026 09:07:29 AM: INFO: **********Test_003_AddCustomer**********
08/27/2026 09:07:39 AM: INFO: *********Login Successful**********
08/27/2026 09:07:39 AM: INFO: *****Starting Add Customer Test*******
08/27/2026 09:07:46 AM: INFO: ********Providing customer info**********
08/27/2026 09:07:50 AM: INFO: ********Saving customer info**********
08/27/2026 09:07:50 AM: INFO: ********Add customer validation*********
08/27/2026 09:07:51 AM: INFO: ********Add customer test passed**********
08/27/2026 09:07:53 AM: INFO: ******Ending Add Customer Test*******
08/27/2026 09:08:05 AM: INFO: ********Verify Login Test********
08/27/2026 09:08:12 AM: INFO: ********Login test Passed********
08/27/2026 09:11:32 AM: INFO: **********Test_003_AddCustomer**********
08/27/2026 09:11:36 AM: INFO: *********Login Successful**********
08/27/2026 09:11:36 AM: INFO: *****Starting Add Customer Test*******
08/27/2026 09:11:39 AM: INFO: ********Providing customer info**********
08/27/2026 09:11:44 AM: INFO: ********Saving customer info**********
08/27/2026 09:11:44 AM: INFO: ********Add customer validation*********
08/27/2026 09:11:44 AM: INFO: ********Add customer test passed**********
08/27/2026 09:11:45 AM: INFO: ******Ending Add Customer Test*******
08/27/2026 09:11:49 AM: INFO: ********Verify Login Test********
08/27/2026 09:11:53 AM: INFO: ********Login test Passed********
08/27/2026 09:12:08 AM: INFO: **********Test_003_AddCustomer**********
08/27/2026 09:12:14 AM: INFO: *********Login Successful**********
08/27/2026 09:12:14 AM: INFO: *****Starting Add Customer Test*******
08/27/2026 09:12:30 AM: INFO: ********Verify Login Test********
08/27/2026 09:12:37 AM: INFO: ********Login test Passed********
08/27/2026 09:16:36 AM: INFO: **********Test_003_AddCustomer**********
08/27/2026 09:16:42 AM: INFO: *********Login Successful**********
08/27/2026 09:16:42 AM: INFO: *****Starting Add Customer Test*******
08/27/2026 09:16:57 AM: INFO: ********Verify Login Test********
08/27/2026 09:17:02 AM: INFO: ********Login test Passed********
08/27/2026 09:17:18 AM: INFO: **********Test_003_AddCustomer**********
08/27/2026 09:17:25 AM: INFO: *********Login Successful**********
08/27/2026 09:17:25 AM: INFO: *****Starting Add Customer Test*******
08/27/2026 09:17:50 AM: INFO: ********Verify Login Test********
08/27/2026 09:17:57 AM: INFO: ********Login test Passed********
08/27/2026 10:17:34 AM: INFO: **********Test_003_AddCustomer**********
08/27/2026 10:17:40 AM: INFO: *********Login Successful**********
08/27/2026 10:17:40 AM: INFO: *****Starting Add Customer Test*******
08/27/2026 10:17:42 AM: INFO: ********Providing customer info**********
08/27/2026 10:17:48 AM: INFO: ********Verify Login Test********
08/27/2026 10:17:53 AM: INFO: ********Login test Passed********
08/27/2026 10:18:13 AM: INFO: **********Test_003_AddCustomer**********
08/27/2026 10:18:23 AM: INFO: *********Login Successful**********
08/27/2026 10:18:23 AM: INFO: *****Starting Add Customer Test*******
08/27/2026 10:18:28 AM: INFO: ********Providing customer info**********
08/27/2026 10:19:02 AM: INFO: ********Verify Login Test********
08/27/2026 10:19:08 AM: INFO: ********Login test Passed********
08/27/2026 10:52:26 AM: INFO: **********Test_003_AddCustomer**********
08/27/2026 10:52:30 AM: INFO: *********Login Successful**********
08/27/2026 10:52:30 AM: INFO: *****Starting Add Customer Test*******
08/27/2026 10:52:33 AM: INFO: ********Providing customer info**********
08/27/2026 10:52:38 AM: INFO: ********Verify Login Test********
08/27/2026 10:52:43 AM: INFO: ********Login test Passed********
08/27/2026 10:53:00 AM: INFO: **********Test_003_AddCustomer**********
08/27/2026 10:53:08 AM: INFO: *********Login Successful**********
08/27/2026 10:53:08 AM: INFO: *****Starting Add Customer Test*******
08/27/2026 10:53:45 AM: INFO: ********Verify Login Test********
08/27/2026 10:53:52 AM: INFO: ********Login test Passed********
08/27/2026 11:41:58 AM: INFO: **********Test_003_AddCustomer**********
08/27/2026 11:42:03 AM: INFO: *********Login Successful**********
08/27/2026 11:42:03 AM: INFO: *****Starting Add Customer Test*******
08/27/2026 11:42:05 AM: INFO: ********Providing customer info**********
08/27/2026 11:42:11 AM: INFO: ********Verify Login Test********
08/27/2026 11:42:16 AM: INFO: ********Login test Passed********
08/27/2026 11:42:33 AM: INFO: **********Test_003_AddCustomer**********
08/27/2026 11:42:40 AM: INFO: *********Login Successful**********
08/27/2026 11:42:40 AM: INFO: *****Starting Add Customer Test*******
08/27/2026 11:42:43 AM: INFO: ********Providing customer info**********
08/27/2026 11:42:59 AM: INFO: ********Verify Login Test********
08/27/2026 11:43:03 AM: INFO: ********Login test Passed********
08/27/2026 11:45:37 AM: INFO: **********Test_003_AddCustomer**********
08/27/2026 11:45:42 AM: INFO: *********Login Successful**********
08/27/2026 11:45:42 AM: INFO: *****Starting Add Customer Test*******
08/27/2026 11:45:44 AM: INFO: ********Providing customer info**********
08/27/2026 11:45:51 AM: INFO: ********Verify Login Test********
08/27/2026 11:45:56 AM: INFO: ********Login test Passed********
08/27/2026 11:46:19 AM: INFO: **********Test_003_AddCustomer**********
08/27/2026 11:46:31 AM: INFO: *********Login Successful**********
08/27/2026 11:46:31 AM: INFO: *****Starting Add Customer Test*******
08/27/2026 11:46:38 AM: INFO: ********Providing customer info**********
08/27/2026 11:46:54 AM: INFO: ********Verify Login Test********
08/27/2026 11:47:01 AM: INFO: ********Login test Passed********
08/27/2026 11:49:44 AM: INFO: **********Test_003_AddCustomer**********
08/27/2026 11:49:48 AM: INFO: *********Login Successful**********
08/27/2026 11:49:48 AM: INFO: *****Starting Add Customer Test*******
08/27/2026 11:49:52 AM: INFO: ********Providing customer info**********
08/27/2026 11:49:58 AM: INFO: ********Verify Login Test********
08/27/2026 11:50:03 AM: INFO: ********Login test Passed********
08/27/2026 11:50:18 AM: INFO: **********Test_003_AddCustomer**********
08/27/2026 11:50:26 AM: INFO: *********Login Successful**********
08/27/2026 11:50:26 AM: INFO: *****Starting Add Customer Test*******
08/27/2026 11:50:56 AM: INFO: ********Verify Login Test********
08/27/2026 11:51:02 AM: INFO: ********Login test Passed********
08/27/2026 11:53:35 AM: INFO: **********Test_003_AddCustomer**********
08/27/2026 11:53:41 AM: INFO: *********Login Successful**********
08/27/2026 11:53:41 AM: INFO: *****Starting Add Customer Test*******
08/27/2026 11:53:44 AM: INFO: ********Providing customer info**********
08/27/2026 11:53:49 AM: INFO: ********Verify Login Test********
08/27/2026 11:53:54 AM: INFO: ********Login test Passed********
08/27/2026 11:54:09 AM: INFO: **********Test_003_AddCustomer**********
08/27/2026 11:54:20 AM: INFO: *********Login Successful**********
08/27/2026 11:54:20 AM: INFO: *****Starting Add Customer Test*******
08/27/2026 11:55:01 AM: INFO: ********Verify Login Test********
08/27/2026 11:55:06 AM: INFO: ********Login test Passed********
08/27/2026 11:55:26 AM: INFO: **********Test_003_AddCustomer**********
08/27/2026 11:55:30 AM: INFO: *********Login Successful**********
08/27/2026 11:55:30 AM: INFO: *****Starting Add Customer Test*******
08/27/2026 11:55:34 AM: INFO: ********Providing customer info**********
08/27/2026 11:55:36 AM: INFO: ********Saving customer info**********
08/27/2026 11:55:36 AM: INFO: ********Add customer validation*********
08/27/2026 11:55:37 AM: ERROR: ********Add customer test failed**********
08/27/2026 11:55:41 AM: INFO: ********Verify Login Test********
08/27/2026 11:55:46 AM: INFO: ********Login test Passed********
08/27/2026 11:56:01 AM: INFO: **********Test_003_AddCustomer**********
08/27/2026 11:56:07 AM: INFO: *********Login Successful**********
08/27/2026 11:56:07 AM: INFO: *****Starting Add Customer Test*******
08/27/2026 11:56:23 AM: INFO: ********Verify Login Test********
08/27/2026 11:56:29 AM: INFO: ********Login test Passed********
08/27/2026 12:01:25 PM: INFO: **********Test_003_AddCustomer**********
08/27/2026 12:01:29 PM: INFO: *********Login Successful**********
08/27/2026 12:01:29 PM: INFO: *****Starting Add Customer Test*******
08/27/2026 12:01:33 PM: INFO: ********Providing customer info**********
08/27/2026 12:01:35 PM: INFO: ********Saving customer info**********
08/27/2026 12:01:35 PM: INFO: ********Add customer validation*********
08/27/2026 12:01:35 PM: ERROR: ********Add customer test failed**********
08/27/2026 12:01:40 PM: INFO: ********Verify Login Test********
08/27/2026 12:01:44 PM: INFO: ********Login test Passed********
08/27/2026 12:01:59 PM: INFO: **********Test_003_AddCustomer**********
08/27/2026 12:02:09 PM: INFO: *********Login Successful**********
08/27/2026 12:02:09 PM: INFO: *****Starting Add Customer Test*******
08/27/2026 12:02:45 PM: INFO: ********Verify Login Test********
08/27/2026 12:02:50 PM: INFO: ********Login test Passed********
08/27/2026 12:05:00 PM: INFO: **********Test_003_AddCustomer**********
08/27/2026 12:05:04 PM: INFO: *********Login Successful**********
08/27/2026 12:05:04 PM: INFO: *****Starting Add Customer Test*******
08/27/2026 12:05:08 PM: INFO: ********Providing customer info**********
08/27/2026 12:05:10 PM: INFO: ********Saving customer info**********
08/27/2026 12:05:10 PM: INFO: ********Add customer validation*********
08/27/2026 12:05:31 PM: ERROR: ********Add customer test failed********** Message: 
Stacktrace:
	chromedriver!GetHandleVerifier [0x7ff6dbfaabb5+151b5]
	chromedriver!GetHandleVerifier [0x7ff6dbfaac10+15210]
	chromedriver!(No symbol) [0x7ff6dbad5d6d]
	chromedriver!(No symbol) [0x7ff6dbb31289]
	chromedriver!(No symbol) [0x7ff6dbb3158c]
	chromedriver!(No symbol) [0x7ff6dbb82027]
	chromedriver!(No symbol) [0x7ff6dbb7ec0b]
	chromedriver!(No symbol) [0x7ff6dbb237cc]
	chromedriver!(No symbol) [0x7ff6dbb246f3]
	chromedriver!GetHandleVerifier [0x7ff6dc5cb79b+635d9b]
	chromedriver!GetHandleVerifier [0x7ff6dc5c5ac6+6300c6]
	chromedriver!GetHandleVerifier [0x7ff6dc5ebcee+6562ee]
	chromedriver!GetHandleVerifier [0x7ff6dbfc8ffe+335fe]
	chromedriver!GetHandleVerifier [0x7ff6dbfd147c+3ba7c]
	chromedriver!GetHandleVerifier [0x7ff6dbfb4d64+1f364]
	chromedriver!GetHandleVerifier [0x7ff6dbfb4ef4+1f4f4]
	chromedriver!GetHandleVerifier [0x7ff6dbf97d97+2397]
	KERNEL32!BaseThreadInitThunk [0x7fff5b037374+14]
	ntdll!RtlUserThreadStart [0x7fff5ca7cc91+21]

08/27/2026 12:05:31 PM: INFO: ******Ending Add Customer Test*******
08/27/2026 12:05:35 PM: INFO: ********Verify Login Test********
08/27/2026 12:05:41 PM: INFO: ********Login test Passed********
08/27/2026 12:05:58 PM: INFO: **********Test_003_AddCustomer**********
08/27/2026 12:06:02 PM: INFO: *********Login Successful**********
08/27/2026 12:06:02 PM: INFO: *****Starting Add Customer Test*******
08/27/2026 12:06:07 PM: INFO: ********Providing customer info**********
08/27/2026 12:06:10 PM: INFO: ********Saving customer info**********
08/27/2026 12:06:10 PM: INFO: ********Add customer validation*********
08/27/2026 12:06:31 PM: ERROR: ********Add customer test failed********** Message: 
Stacktrace:
RemoteError@chrome://remote/content/shared/RemoteError.sys.mjs:8:8
WebDriverError@chrome://remote/content/shared/webdriver/Errors.sys.mjs:169:5
NoSuchElementError@chrome://remote/content/shared/webdriver/Errors.sys.mjs:538:5
dom.find/</<@chrome://remote/content/shared/DOM.sys.mjs:137:16

08/27/2026 12:06:33 PM: INFO: ******Ending Add Customer Test*******
08/27/2026 12:06:47 PM: INFO: ********Verify Login Test********
08/27/2026 12:06:54 PM: INFO: ********Login test Passed********
08/27/2026 12:34:37 PM: INFO: **********Test_003_AddCustomer**********
08/27/2026 12:34:40 PM: INFO: *********Login Successful**********
08/27/2026 12:34:40 PM: INFO: *****Starting Add Customer Test*******
08/27/2026 12:34:45 PM: INFO: ********Providing customer info**********
08/27/2026 12:34:47 PM: INFO: ********Saving customer info**********
08/27/2026 12:34:47 PM: INFO: ********Add customer validation*********
08/27/2026 12:34:48 PM: INFO: Success message: ×
The new customer has been added successfully.
08/27/2026 12:34:48 PM: INFO: ********Add customer test passed**********
08/27/2026 12:34:48 PM: INFO: ******Ending Add Customer Test*******
08/27/2026 12:34:52 PM: INFO: ********Verify Login Test********
08/27/2026 12:34:57 PM: INFO: ********Login test Passed********
08/27/2026 12:35:13 PM: INFO: **********Test_003_AddCustomer**********
08/27/2026 12:35:19 PM: INFO: *********Login Successful**********
08/27/2026 12:35:19 PM: INFO: *****Starting Add Customer Test*******
08/27/2026 12:35:58 PM: INFO: ********Verify Login Test********
08/27/2026 12:36:03 PM: INFO: ********Login test Passed********
08/27/2026 12:45:29 PM: INFO: **********Test_003_AddCustomer**********
08/27/2026 12:45:36 PM: INFO: *********Login Successful**********
08/27/2026 12:45:36 PM: INFO: *****Starting Add Customer Test*******
08/27/2026 12:48:58 PM: INFO: **********Test_003_AddCustomer**********
08/27/2026 12:49:04 PM: INFO: *********Login Successful**********
08/27/2026 12:49:04 PM: INFO: *****Starting Add Customer Test*******
08/27/2026 12:53:01 PM: INFO: **********Test_003_AddCustomer**********
08/27/2026 12:53:06 PM: INFO: *********Login Successful**********
08/27/2026 12:53:06 PM: INFO: *****Starting Add Customer Test*******
08/27/2026 12:53:10 PM: INFO: ********Providing customer info**********
08/27/2026 12:53:12 PM: INFO: ********Saving customer info**********
08/27/2026 12:53:12 PM: INFO: ********Add customer validation*********
08/27/2026 12:53:13 PM: INFO: Success message: ×
The new customer has been added successfully.
08/27/2026 12:53:13 PM: INFO: ********Add customer test passed**********
08/27/2026 12:53:15 PM: INFO: ******Ending Add Customer Test*******
08/27/2026 12:54:36 PM: INFO: **********Test_003_AddCustomer**********
08/27/2026 12:54:40 PM: INFO: *********Login Successful**********
08/27/2026 12:54:40 PM: INFO: *****Starting Add Customer Test*******
08/27/2026 12:54:43 PM: INFO: ********Providing customer info**********
08/27/2026 12:54:45 PM: INFO: ********Saving customer info**********
08/27/2026 12:54:45 PM: INFO: ********Add customer validation*********
08/27/2026 12:54:45 PM: INFO: Success message: ×
The new customer has been added successfully.
08/27/2026 12:54:45 PM: INFO: ********Add customer test passed**********
08/27/2026 12:54:46 PM: INFO: ******Ending Add Customer Test*******
08/27/2026 12:54:50 PM: INFO: ********Verify Login Test********
08/27/2026 12:54:55 PM: INFO: ********Login test Passed********
08/27/2026 12:55:09 PM: INFO: **********Test_003_AddCustomer**********
08/27/2026 12:55:14 PM: INFO: *********Login Successful**********
08/27/2026 12:55:14 PM: INFO: *****Starting Add Customer Test*******
08/27/2026 12:55:17 PM: INFO: ********Providing customer info**********
08/27/2026 12:55:20 PM: INFO: ********Saving customer info**********
08/27/2026 12:55:20 PM: INFO: ********Add customer validation*********
08/27/2026 12:55:20 PM: INFO: Success message: ×
The new customer has been added successfully.
08/27/2026 12:55:20 PM: INFO: ********Add customer test passed**********
08/27/2026 12:55:22 PM: INFO: ******Ending Add Customer Test*******
08/27/2026 12:55:34 PM: INFO: ********Verify Login Test********
08/27/2026 12:55:39 PM: INFO: ********Login test Passed********
08/27/2026 01:00:29 PM: INFO: **********Test_003_AddCustomer**********
08/27/2026 01:00:32 PM: INFO: *********Login Successful**********
08/27/2026 01:00:32 PM: INFO: *****Starting Add Customer Test*******
08/27/2026 01:00:36 PM: INFO: ********Providing customer info**********
08/27/2026 01:00:38 PM: INFO: ********Saving customer info**********
08/27/2026 01:00:38 PM: INFO: ********Add customer validation*********
08/27/2026 01:00:38 PM: INFO: Success message: ×
The new customer has been added successfully.
08/27/2026 01:00:38 PM: INFO: ********Add customer test passed**********
08/27/2026 01:00:39 PM: INFO: ******Ending Add Customer Test*******
08/27/2026 01:00:42 PM: INFO: ********Verify Login Test********
08/27/2026 01:00:47 PM: INFO: ********Login test Passed********
08/27/2026 01:01:02 PM: INFO: **********Test_003_AddCustomer**********
08/27/2026 01:01:08 PM: INFO: *********Login Successful**********
08/27/2026 01:01:08 PM: INFO: *****Starting Add Customer Test*******
08/27/2026 01:01:12 PM: INFO: ********Providing customer info**********
08/27/2026 01:01:15 PM: INFO: ********Saving customer info**********
08/27/2026 01:01:15 PM: INFO: ********Add customer validation*********
08/27/2026 01:01:15 PM: INFO: Success message: ×
The new customer has been added successfully.
08/27/2026 01:01:15 PM: INFO: ********Add customer test passed**********
08/27/2026 01:01:17 PM: INFO: ******Ending Add Customer Test*******
08/27/2026 01:01:28 PM: INFO: ********Verify Login Test********
08/27/2026 01:01:33 PM: INFO: ********Login test Passed********
08/27/2026 01:14:42 PM: INFO: **********Test_003_AddCustomer**********
08/27/2026 01:14:47 PM: INFO: *********Login Successful**********
08/27/2026 01:14:47 PM: INFO: *****Starting Add Customer Test*******
08/27/2026 01:14:50 PM: INFO: ********Providing customer info**********
08/27/2026 01:14:52 PM: INFO: ********Saving customer info**********
08/27/2026 01:14:52 PM: INFO: ********Add customer validation*********
08/27/2026 01:14:53 PM: INFO: Success message: ×
The new customer has been added successfully.
08/27/2026 01:14:53 PM: INFO: ********Add customer test passed**********
08/27/2026 01:14:53 PM: INFO: ******Ending Add Customer Test*******
08/27/2026 01:14:58 PM: INFO: ********Verify Login Test********
08/27/2026 01:15:03 PM: INFO: ********Login test Passed********
08/27/2026 01:15:19 PM: INFO: **********Test_003_AddCustomer**********
08/27/2026 01:15:25 PM: INFO: *********Login Successful**********
08/27/2026 01:15:25 PM: INFO: *****Starting Add Customer Test*******
08/27/2026 01:15:40 PM: INFO: ********Providing customer info**********
08/27/2026 01:15:44 PM: INFO: ********Saving customer info**********
08/27/2026 01:15:44 PM: INFO: ********Add customer validation*********
08/27/2026 01:15:45 PM: INFO: Success message: ×
The new customer has been added successfully.
08/27/2026 01:15:45 PM: INFO: ********Add customer test passed**********
08/27/2026 01:15:48 PM: INFO: ******Ending Add Customer Test*******
08/27/2026 01:16:00 PM: INFO: ********Verify Login Test********
08/27/2026 01:16:05 PM: INFO: ********Login test Passed********
08/27/2026 02:00:11 PM: INFO: **********Test_003_AddCustomer**********
08/27/2026 02:00:17 PM: INFO: *********Login Successful**********
08/27/2026 02:00:17 PM: INFO: *****Starting Add Customer Test*******
08/27/2026 02:00:19 PM: INFO: ********Providing customer info**********
08/27/2026 02:00:23 PM: INFO: ********Saving customer info**********
08/27/2026 02:00:23 PM: INFO: ********Add customer validation*********
08/27/2026 02:00:23 PM: INFO: Success message: ×
The new customer has been added successfully.
08/27/2026 02:00:23 PM: INFO: ********Add customer test passed**********
08/27/2026 02:00:24 PM: INFO: ******Ending Add Customer Test*******
08/27/2026 02:00:28 PM: INFO: ********Verify Login Test********
08/27/2026 02:00:33 PM: INFO: ********Login test Passed********
08/27/2026 02:00:51 PM: INFO: **********Test_003_AddCustomer**********
08/27/2026 02:00:58 PM: INFO: *********Login Successful**********
08/27/2026 02:00:58 PM: INFO: *****Starting Add Customer Test*******
08/27/2026 02:01:02 PM: INFO: ********Providing customer info**********
08/27/2026 02:01:04 PM: INFO: ********Saving customer info**********
08/27/2026 02:01:04 PM: INFO: ********Add customer validation*********
08/27/2026 02:01:05 PM: INFO: Success message: ×
The new customer has been added successfully.
08/27/2026 02:01:05 PM: INFO: ********Add customer test passed**********
08/27/2026 02:01:06 PM: INFO: ******Ending Add Customer Test*******
08/27/2026 02:01:20 PM: INFO: ********Verify Login Test********
08/27/2026 02:01:25 PM: INFO: ********Login test Passed********
08/27/2026 02:03:54 PM: INFO: **********Test_003_AddCustomer**********
08/27/2026 02:03:59 PM: INFO: *********Login Successful**********
08/27/2026 02:03:59 PM: INFO: *****Starting Add Customer Test*******
08/27/2026 02:04:02 PM: INFO: ********Providing customer info**********
08/27/2026 02:04:04 PM: INFO: ********Saving customer info**********
08/27/2026 02:04:04 PM: INFO: ********Add customer validation*********
08/27/2026 02:04:05 PM: INFO: Success message: ×
The new customer has been added successfully.
08/27/2026 02:04:05 PM: INFO: ********Add customer test passed**********
08/27/2026 02:04:05 PM: INFO: ******Ending Add Customer Test*******
08/27/2026 02:04:10 PM: INFO: ********Verify Login Test********
08/27/2026 02:04:15 PM: INFO: ********Login test Passed********
08/27/2026 02:04:33 PM: INFO: **********Test_003_AddCustomer**********
08/27/2026 02:04:38 PM: INFO: *********Login Successful**********
08/27/2026 02:04:38 PM: INFO: *****Starting Add Customer Test*******
08/27/2026 02:04:45 PM: INFO: ********Providing customer info**********
08/27/2026 02:04:48 PM: INFO: ********Saving customer info**********
08/27/2026 02:04:48 PM: INFO: ********Add customer validation*********
08/27/2026 02:04:48 PM: INFO: Success message: ×
The new customer has been added successfully.
08/27/2026 02:04:48 PM: INFO: ********Add customer test passed**********
08/27/2026 02:04:50 PM: INFO: ******Ending Add Customer Test*******
08/27/2026 02:05:03 PM: INFO: ********Verify Login Test********
08/27/2026 02:05:09 PM: INFO: ********Login test Passed********
08/27/2026 02:18:39 PM: INFO: ******* Deleting Customer *******
08/27/2026 02:18:44 PM: INFO: ******* Login Successful *****
08/27/2026 02:18:48 PM: INFO: ******* Customers page opened *******
08/27/2026 02:18:51 PM: INFO: ******* Edit Customer button clicked *******
08/27/2026 02:18:53 PM: INFO: ******* Edit Customer page opened successfully *******
08/27/2026 02:18:53 PM: INFO: ******* Delete Customer button clicked *******
08/27/2026 02:18:54 PM: INFO: ******* Delete confirmation accepted *******
08/27/2026 02:18:55 PM: INFO: ********* Delete Customer test passed **********
08/27/2026 02:18:55 PM: INFO: ****** Ending Delete Customer Test *******
08/27/2026 02:19:00 PM: INFO: ******* Editing Customer *******
08/27/2026 02:19:06 PM: INFO: ******* Login Successful *****
08/27/2026 02:19:08 PM: INFO: ******* Customers page opened *******
08/27/2026 02:19:11 PM: INFO: ******* Edit Customer button clicked *******
08/27/2026 02:19:13 PM: INFO: ******* Edit Customer page opened successfully *******
08/27/2026 02:19:15 PM: INFO: ********* Edit Customer test passed **********
08/27/2026 02:19:16 PM: INFO: ****** Ending Edit Customer Test *******
08/27/2026 02:19:20 PM: INFO: ******* Exporting All Customers to Excel *******
08/27/2026 02:19:24 PM: INFO: ******* Download directory: C:\Users\hp\PycharmProjects\Python_Selenium_Hybrid\downloads *******
08/27/2026 02:19:25 PM: INFO: ******* Login Successful *****
08/27/2026 02:19:25 PM: INFO: ****** Starting Export All Customers *******
08/27/2026 02:19:27 PM: INFO: ****** Customers page opened ******
08/27/2026 02:19:31 PM: INFO: ******* Export All Customers Excel button clicked *******
08/27/2026 02:19:33 PM: INFO: ******* Excel Downloaded Successfully: customers.xlsx *******
08/27/2026 02:19:33 PM: INFO: ******* Excel File Verification Successful *******
08/27/2026 02:19:39 PM: INFO: ******* Exporting All Customers to XML *******
08/27/2026 02:19:42 PM: INFO: ******* Download directory: C:\Users\hp\PycharmProjects\Python_Selenium_Hybrid\downloads *******
08/27/2026 02:19:43 PM: INFO: ******* Login Successful *****
08/27/2026 02:19:43 PM: INFO: ****** Starting Export All Customers *******
08/27/2026 02:19:47 PM: INFO: ****** Customers page opened ******
08/27/2026 02:19:53 PM: INFO: ******* Export All Customers XML button clicked *******
08/27/2026 02:19:57 PM: INFO: ******* XML Downloaded Successfully: customers.xml *******
08/27/2026 02:19:57 PM: INFO: ******* XML File Verification Successful *******
08/27/2026 02:20:06 PM: INFO: ******* Exporting Selected Customers to Excel *******
08/27/2026 02:20:08 PM: INFO: ******* Download directory: C:\Users\hp\PycharmProjects\Python_Selenium_Hybrid\downloads *******
08/27/2026 02:20:11 PM: INFO: ******* Login Successful *****
08/27/2026 02:20:11 PM: INFO: ****** Navigating to Customers ******
08/27/2026 02:20:14 PM: INFO: ****** Customers page opened ******
08/27/2026 02:20:17 PM: INFO: ******* Customers Selected Successfully *******
08/27/2026 02:20:18 PM: INFO: ******* Export Selected Excel button clicked *******
08/27/2026 02:20:23 PM: INFO: ******* Excel Downloaded Successfully: customers.xlsx *******
08/27/2026 02:20:23 PM: INFO: ******* Excel File Verification Successful *******
08/27/2026 02:20:29 PM: INFO: ******* Exporting Selected Customers to XML *******
08/27/2026 02:20:32 PM: INFO: ******* Download directory: C:\Users\hp\PycharmProjects\Python_Selenium_Hybrid\downloads *******
08/27/2026 02:20:33 PM: INFO: ******* Login Successful *****
08/27/2026 02:20:33 PM: INFO: ****** Navigating to Customers ******
08/27/2026 02:20:35 PM: INFO: ****** Customers page opened ******
08/27/2026 02:20:38 PM: INFO: ******* Customers Selected Successfully *******
08/27/2026 02:20:39 PM: INFO: ******* Export Selected XML button clicked *******
08/27/2026 02:20:41 PM: INFO: ******* XML Downloaded Successfully: customers.xml *******
08/27/2026 02:20:41 PM: INFO: ******* XML File Verification Successful *******
08/27/2026 02:20:46 PM: INFO: ********Test_001_Login********
08/27/2026 02:20:46 PM: INFO: ********Verify Home Page Title********
08/27/2026 02:20:49 PM: INFO: ********Home Page Title test is passed********
08/27/2026 02:20:54 PM: INFO: ********Verify Login Test********
08/27/2026 02:20:59 PM: INFO: ********Login test Passed********
08/27/2026 02:21:06 PM: INFO: **********Test_002_DDT_Login********
08/27/2026 02:21:06 PM: INFO: ********Verify Login DDT Test********
08/27/2026 02:21:12 PM: INFO: Row 2: *****Test Passed*****
08/27/2026 02:21:17 PM: INFO: Row 3: *****Test Passed*****
08/27/2026 02:21:21 PM: INFO: Row 4: *****Test Passed*****
08/27/2026 02:21:24 PM: INFO: Row 5: *****Test Passed*****
08/27/2026 02:21:27 PM: INFO: Row 6: *****Test Passed*****
08/27/2026 02:21:27 PM: INFO: ****Login DDT Test Passed****
08/27/2026 02:21:27 PM: INFO: ****End of Login DDT Test****
08/27/2026 02:21:27 PM: INFO: *****Completed TC_LoginDDT_002******
08/27/2026 02:21:31 PM: INFO: *******SearchCustomerByEmail_004*********
08/27/2026 02:21:35 PM: INFO: ***********Login Successful**********
08/27/2026 02:21:35 PM: INFO: **********Starting SearchCustomerByEmail_004**********
08/27/2026 02:21:38 PM: INFO: ******** searching customer by emailID***********
08/27/2026 02:21:41 PM: INFO: ********TC_SearchCustomerByEmail_004 Finished**********
08/27/2026 02:21:47 PM: INFO: *******SearchCustomerByName_005*********
08/27/2026 02:21:52 PM: INFO: ***********Login Successful**********
08/27/2026 02:21:52 PM: INFO: **********Starting SearchCustomerByName_005**********
08/27/2026 02:21:55 PM: INFO: ******** searching customer by Name***********
08/27/2026 02:21:58 PM: INFO: ********TC_SearchCustomerByName_005 Finished**********
08/27/2026 02:22:19 PM: INFO: ******* Deleting Customer *******
08/27/2026 02:22:25 PM: INFO: ******* Login Successful *****
08/27/2026 02:22:26 PM: INFO: ******* Customers page opened *******
08/27/2026 02:22:29 PM: INFO: ******* Edit Customer button clicked *******
08/27/2026 02:22:31 PM: INFO: ******* Edit Customer page opened successfully *******
08/27/2026 02:22:31 PM: INFO: ******* Delete Customer button clicked *******
08/27/2026 02:22:32 PM: INFO: ******* Delete confirmation accepted *******
08/27/2026 02:22:33 PM: INFO: ********* Delete Customer test passed **********
08/27/2026 02:22:36 PM: INFO: ****** Ending Delete Customer Test *******
08/27/2026 02:22:49 PM: INFO: ******* Editing Customer *******
08/27/2026 02:22:53 PM: INFO: ******* Login Successful *****
08/27/2026 02:22:56 PM: INFO: ******* Customers page opened *******
08/27/2026 02:22:59 PM: INFO: ******* Edit Customer button clicked *******
08/27/2026 02:23:01 PM: INFO: ******* Edit Customer page opened successfully *******
08/27/2026 02:23:03 PM: INFO: ********* Edit Customer test passed **********
08/27/2026 02:23:05 PM: INFO: ****** Ending Edit Customer Test *******
08/27/2026 02:23:16 PM: INFO: ******* Exporting All Customers to Excel *******
08/27/2026 02:23:17 PM: INFO: ******* Download directory: C:\Users\hp\PycharmProjects\Python_Selenium_Hybrid\downloads *******
08/27/2026 02:23:20 PM: INFO: ******* Login Successful *****
08/27/2026 02:23:20 PM: INFO: ****** Starting Export All Customers *******
08/27/2026 02:23:23 PM: INFO: ****** Customers page opened ******
08/27/2026 02:23:32 PM: INFO: ******* Export All Customers Excel button clicked *******
08/27/2026 02:24:16 PM: INFO: ******* Exporting All Customers to XML *******
08/27/2026 02:24:18 PM: INFO: ******* Download directory: C:\Users\hp\PycharmProjects\Python_Selenium_Hybrid\downloads *******
08/27/2026 02:24:20 PM: INFO: ******* Login Successful *****
08/27/2026 02:24:20 PM: INFO: ****** Starting Export All Customers *******
08/27/2026 02:24:24 PM: INFO: ****** Customers page opened ******
08/27/2026 02:24:32 PM: INFO: ******* Export All Customers XML button clicked *******
08/27/2026 02:25:16 PM: INFO: ******* Exporting Selected Customers to Excel *******
08/27/2026 02:25:18 PM: INFO: ******* Download directory: C:\Users\hp\PycharmProjects\Python_Selenium_Hybrid\downloads *******
08/27/2026 02:25:20 PM: INFO: ******* Login Successful *****
08/27/2026 02:25:20 PM: INFO: ****** Navigating to Customers ******
08/27/2026 02:25:24 PM: INFO: ****** Customers page opened ******
08/27/2026 02:25:26 PM: INFO: ******* Customers Selected Successfully *******
08/27/2026 02:25:33 PM: INFO: ******* Export Selected Excel button clicked *******
08/27/2026 02:26:19 PM: INFO: ******* Exporting Selected Customers to XML *******
08/27/2026 02:26:21 PM: INFO: ******* Download directory: C:\Users\hp\PycharmProjects\Python_Selenium_Hybrid\downloads *******
08/27/2026 02:26:24 PM: INFO: ******* Login Successful *****
08/27/2026 02:26:24 PM: INFO: ****** Navigating to Customers ******
08/27/2026 02:26:26 PM: INFO: ****** Customers page opened ******
08/27/2026 02:26:28 PM: INFO: ******* Customers Selected Successfully *******
08/27/2026 02:26:35 PM: INFO: ******* Export Selected XML button clicked *******
08/27/2026 02:27:19 PM: INFO: ********Test_001_Login********
08/27/2026 02:27:19 PM: INFO: ********Verify Home Page Title********
08/27/2026 02:27:21 PM: INFO: ********Home Page Title test is passed********
08/27/2026 02:27:35 PM: INFO: ********Verify Login Test********
08/27/2026 02:27:39 PM: INFO: ********Login test Passed********
08/27/2026 02:27:53 PM: INFO: **********Test_002_DDT_Login********
08/27/2026 02:27:53 PM: INFO: ********Verify Login DDT Test********
08/27/2026 02:28:00 PM: INFO: Row 2: *****Test Passed*****
08/27/2026 02:28:05 PM: INFO: Row 3: *****Test Passed*****
08/27/2026 02:28:08 PM: INFO: Row 4: *****Test Passed*****
08/27/2026 02:28:11 PM: INFO: Row 5: *****Test Passed*****
08/27/2026 02:28:14 PM: INFO: Row 6: *****Test Passed*****
08/27/2026 02:28:14 PM: INFO: ****Login DDT Test Passed****
08/27/2026 02:28:16 PM: INFO: ****End of Login DDT Test****
08/27/2026 02:28:16 PM: INFO: *****Completed TC_LoginDDT_002******
08/27/2026 02:28:28 PM: INFO: *******SearchCustomerByEmail_004*********
08/27/2026 02:28:36 PM: INFO: ***********Login Successful**********
08/27/2026 02:28:36 PM: INFO: **********Starting SearchCustomerByEmail_004**********
08/27/2026 02:28:38 PM: INFO: ******** searching customer by emailID***********
08/27/2026 02:28:43 PM: INFO: ********TC_SearchCustomerByEmail_004 Finished**********
08/27/2026 02:28:56 PM: INFO: *******SearchCustomerByName_005*********
08/27/2026 02:29:03 PM: INFO: ***********Login Successful**********
08/27/2026 02:29:03 PM: INFO: **********Starting SearchCustomerByName_005**********
08/27/2026 02:29:07 PM: INFO: ******** searching customer by Name***********
08/27/2026 02:29:11 PM: INFO: ********TC_SearchCustomerByName_005 Finished**********
08/27/2026 03:55:31 PM: INFO: ******* Deleting Customer *******
08/27/2026 03:55:41 PM: INFO: ******* Login Successful *****
08/27/2026 03:55:42 PM: INFO: ******* Customers page opened *******
08/27/2026 03:55:46 PM: INFO: ******* Edit Customer button clicked *******
08/27/2026 03:55:48 PM: INFO: ******* Edit Customer page opened successfully *******
08/27/2026 03:55:48 PM: INFO: ******* Delete Customer button clicked *******
08/27/2026 03:55:49 PM: INFO: ******* Delete confirmation accepted *******
08/27/2026 03:55:49 PM: INFO: ********* Delete Customer test passed **********
08/27/2026 03:55:50 PM: INFO: ****** Ending Delete Customer Test *******
08/27/2026 03:55:54 PM: INFO: ******* Editing Customer *******
08/27/2026 03:55:59 PM: INFO: ******* Login Successful *****
08/27/2026 03:56:02 PM: INFO: ******* Customers page opened *******
08/27/2026 03:56:06 PM: INFO: ******* Edit Customer button clicked *******
08/27/2026 03:56:08 PM: INFO: ******* Edit Customer page opened successfully *******
08/27/2026 03:56:10 PM: INFO: ********* Edit Customer test passed **********
08/27/2026 03:56:10 PM: INFO: ****** Ending Edit Customer Test *******
08/27/2026 03:56:16 PM: INFO: ******* Exporting All Customers to Excel *******
08/27/2026 03:56:20 PM: INFO: ******* Download directory: C:\Users\hp\PycharmProjects\Python_Selenium_Hybrid\downloads *******
08/27/2026 03:56:20 PM: INFO: ******* Login Successful *****
08/27/2026 03:56:20 PM: INFO: ****** Starting Export All Customers *******
08/27/2026 03:56:23 PM: INFO: ****** Customers page opened ******
08/27/2026 03:56:27 PM: INFO: ******* Export All Customers Excel button clicked *******
08/27/2026 03:56:28 PM: INFO: ******* Excel Downloaded Successfully: customers.xlsx *******
08/27/2026 03:56:28 PM: INFO: ******* Excel File Verification Successful *******
08/27/2026 03:56:32 PM: INFO: ******* Exporting All Customers to XML *******
08/27/2026 03:56:37 PM: INFO: ******* Download directory: C:\Users\hp\PycharmProjects\Python_Selenium_Hybrid\downloads *******
08/27/2026 03:56:38 PM: INFO: ******* Login Successful *****
08/27/2026 03:56:38 PM: INFO: ****** Starting Export All Customers *******
08/27/2026 03:56:40 PM: INFO: ****** Customers page opened ******
08/27/2026 03:56:44 PM: INFO: ******* Export All Customers XML button clicked *******
08/27/2026 03:56:45 PM: INFO: ******* XML Downloaded Successfully: customers.xml *******
08/27/2026 03:56:45 PM: INFO: ******* XML File Verification Successful *******
08/27/2026 03:56:50 PM: INFO: ******* Exporting Selected Customers to Excel *******
08/27/2026 03:56:54 PM: INFO: ******* Download directory: C:\Users\hp\PycharmProjects\Python_Selenium_Hybrid\downloads *******
08/27/2026 03:56:56 PM: INFO: ******* Login Successful *****
08/27/2026 03:56:56 PM: INFO: ****** Navigating to Customers ******
08/27/2026 03:57:00 PM: INFO: ****** Customers page opened ******
08/27/2026 03:57:02 PM: INFO: ******* Customers Selected Successfully *******
08/27/2026 03:57:04 PM: INFO: ******* Export Selected Excel button clicked *******
08/27/2026 03:57:07 PM: INFO: ******* Excel Downloaded Successfully: customers.xlsx *******
08/27/2026 03:57:07 PM: INFO: ******* Excel File Verification Successful *******
08/27/2026 03:57:14 PM: INFO: ******* Exporting Selected Customers to XML *******
08/27/2026 03:57:17 PM: INFO: ******* Download directory: C:\Users\hp\PycharmProjects\Python_Selenium_Hybrid\downloads *******
08/27/2026 03:57:18 PM: INFO: ******* Login Successful *****
08/27/2026 03:57:18 PM: INFO: ****** Navigating to Customers ******
08/27/2026 03:57:20 PM: INFO: ****** Customers page opened ******
08/27/2026 03:57:23 PM: INFO: ******* Customers Selected Successfully *******
08/27/2026 03:57:24 PM: INFO: ******* Export Selected XML button clicked *******
08/27/2026 03:57:28 PM: INFO: ******* XML Downloaded Successfully: customers.xml *******
08/27/2026 03:57:28 PM: INFO: ******* XML File Verification Successful *******
08/27/2026 03:57:32 PM: INFO: ********Test_001_Login********
08/27/2026 03:57:32 PM: INFO: ********Verify Home Page Title********
08/27/2026 03:57:35 PM: INFO: ********Home Page Title test is passed********
08/27/2026 03:57:40 PM: INFO: ********Verify Login Test********
08/27/2026 03:57:46 PM: INFO: ********Login test Passed********
08/27/2026 03:57:52 PM: INFO: **********Test_002_DDT_Login********
08/27/2026 03:57:52 PM: INFO: ********Verify Login DDT Test********
08/27/2026 03:58:01 PM: INFO: Row 2: *****Test Passed*****
08/27/2026 03:58:04 PM: INFO: Row 3: *****Test Passed*****
08/27/2026 03:58:08 PM: INFO: Row 4: *****Test Passed*****
08/27/2026 03:58:12 PM: INFO: Row 5: *****Test Passed*****
08/27/2026 03:58:15 PM: INFO: Row 6: *****Test Passed*****
08/27/2026 03:58:15 PM: INFO: ****Login DDT Test Passed****
08/27/2026 03:58:15 PM: INFO: ****End of Login DDT Test****
08/27/2026 03:58:15 PM: INFO: *****Completed TC_LoginDDT_002******
08/27/2026 03:58:20 PM: INFO: *******SearchCustomerByEmail_004*********
08/27/2026 03:58:26 PM: INFO: ***********Login Successful**********
08/27/2026 03:58:26 PM: INFO: **********Starting SearchCustomerByEmail_004**********
08/27/2026 03:58:27 PM: INFO: ******** searching customer by emailID***********
08/27/2026 03:58:31 PM: INFO: ********TC_SearchCustomerByEmail_004 Finished**********
08/27/2026 03:58:35 PM: INFO: *******SearchCustomerByName_005*********
08/27/2026 03:58:41 PM: INFO: ***********Login Successful**********
08/27/2026 03:58:41 PM: INFO: **********Starting SearchCustomerByName_005**********
08/27/2026 03:58:43 PM: INFO: ******** searching customer by Name***********
08/27/2026 03:58:46 PM: INFO: ********TC_SearchCustomerByName_005 Finished**********
08/27/2026 03:59:05 PM: INFO: ******* Deleting Customer *******
08/27/2026 03:59:10 PM: INFO: ******* Login Successful *****
08/27/2026 03:59:15 PM: INFO: ******* Customers page opened *******
08/27/2026 03:59:17 PM: INFO: ******* Edit Customer button clicked *******
08/27/2026 03:59:19 PM: INFO: ******* Edit Customer page opened successfully *******
08/27/2026 03:59:20 PM: INFO: ******* Delete Customer button clicked *******
08/27/2026 03:59:21 PM: INFO: ******* Delete confirmation accepted *******
08/27/2026 03:59:21 PM: INFO: ********* Delete Customer test passed **********
08/27/2026 03:59:25 PM: INFO: ****** Ending Delete Customer Test *******
08/27/2026 03:59:37 PM: INFO: ******* Editing Customer *******
08/27/2026 03:59:43 PM: INFO: ******* Login Successful *****
08/27/2026 03:59:45 PM: INFO: ******* Customers page opened *******
08/27/2026 03:59:48 PM: INFO: ******* Edit Customer button clicked *******
08/27/2026 03:59:50 PM: INFO: ******* Edit Customer page opened successfully *******
08/27/2026 03:59:51 PM: INFO: ********* Edit Customer test passed **********
08/27/2026 03:59:54 PM: INFO: ****** Ending Edit Customer Test *******
08/27/2026 04:00:05 PM: INFO: ******* Exporting All Customers to Excel *******
08/27/2026 04:00:08 PM: INFO: ******* Download directory: C:\Users\hp\PycharmProjects\Python_Selenium_Hybrid\downloads *******
08/27/2026 04:00:13 PM: INFO: ******* Login Successful *****
08/27/2026 04:00:13 PM: INFO: ****** Starting Export All Customers *******
08/27/2026 04:00:16 PM: INFO: ****** Customers page opened ******
08/27/2026 04:00:24 PM: INFO: ******* Export All Customers Excel button clicked *******
08/27/2026 04:01:10 PM: INFO: ******* Exporting All Customers to XML *******
08/27/2026 04:01:13 PM: INFO: ******* Download directory: C:\Users\hp\PycharmProjects\Python_Selenium_Hybrid\downloads *******
08/27/2026 04:01:17 PM: INFO: ******* Login Successful *****
08/27/2026 04:01:17 PM: INFO: ****** Starting Export All Customers *******
08/27/2026 04:01:19 PM: INFO: ****** Customers page opened ******
08/27/2026 04:01:27 PM: INFO: ******* Export All Customers XML button clicked *******
08/27/2026 04:02:11 PM: INFO: ******* Exporting Selected Customers to Excel *******
08/27/2026 04:02:15 PM: INFO: ******* Download directory: C:\Users\hp\PycharmProjects\Python_Selenium_Hybrid\downloads *******
08/27/2026 04:02:18 PM: INFO: ******* Login Successful *****
08/27/2026 04:02:18 PM: INFO: ****** Navigating to Customers ******
08/27/2026 04:02:20 PM: INFO: ****** Customers page opened ******
08/27/2026 04:02:22 PM: INFO: ******* Customers Selected Successfully *******
08/27/2026 04:02:28 PM: INFO: ******* Export Selected Excel button clicked *******
08/27/2026 04:03:13 PM: INFO: ******* Exporting Selected Customers to XML *******
08/27/2026 04:03:16 PM: INFO: ******* Download directory: C:\Users\hp\PycharmProjects\Python_Selenium_Hybrid\downloads *******
08/27/2026 04:03:18 PM: INFO: ******* Login Successful *****
08/27/2026 04:03:18 PM: INFO: ****** Navigating to Customers ******
08/27/2026 04:03:22 PM: INFO: ****** Customers page opened ******
08/27/2026 04:03:24 PM: INFO: ******* Customers Selected Successfully *******
08/27/2026 04:03:31 PM: INFO: ******* Export Selected XML button clicked *******
08/27/2026 04:04:19 PM: INFO: ********Test_001_Login********
08/27/2026 04:04:19 PM: INFO: ********Verify Home Page Title********
08/27/2026 04:04:21 PM: INFO: ********Home Page Title test is passed********
08/27/2026 04:04:38 PM: INFO: ********Verify Login Test********
08/27/2026 04:04:45 PM: INFO: ********Login test Passed********
08/27/2026 04:04:59 PM: INFO: **********Test_002_DDT_Login********
08/27/2026 04:04:59 PM: INFO: ********Verify Login DDT Test********
08/27/2026 04:05:08 PM: INFO: Row 2: *****Test Passed*****
08/27/2026 04:05:12 PM: INFO: Row 3: *****Test Passed*****
08/27/2026 04:05:15 PM: INFO: Row 4: *****Test Passed*****
08/27/2026 04:05:18 PM: INFO: Row 5: *****Test Passed*****
08/27/2026 04:05:21 PM: INFO: Row 6: *****Test Passed*****
08/27/2026 04:05:21 PM: INFO: ****Login DDT Test Passed****
08/27/2026 04:05:23 PM: INFO: ****End of Login DDT Test****
08/27/2026 04:05:23 PM: INFO: *****Completed TC_LoginDDT_002******
08/27/2026 04:05:35 PM: INFO: *******SearchCustomerByEmail_004*********
08/27/2026 04:05:41 PM: INFO: ***********Login Successful**********
08/27/2026 04:05:41 PM: INFO: **********Starting SearchCustomerByEmail_004**********
08/27/2026 04:05:43 PM: INFO: ******** searching customer by emailID***********
08/27/2026 04:06:01 PM: INFO: *******SearchCustomerByName_005*********
08/27/2026 04:06:08 PM: INFO: ***********Login Successful**********
08/27/2026 04:06:08 PM: INFO: **********Starting SearchCustomerByName_005**********
08/27/2026 04:06:10 PM: INFO: ******** searching customer by Name***********
08/27/2026 06:03:47 PM: INFO: ******* Deleting Customer *******
08/27/2026 06:03:57 PM: INFO: ******* Login Successful *****
08/27/2026 06:03:59 PM: INFO: ******* Customers page opened *******
08/27/2026 06:04:03 PM: INFO: ******* Edit Customer button clicked *******
08/27/2026 06:04:05 PM: INFO: ******* Edit Customer page opened successfully *******
08/27/2026 06:04:05 PM: INFO: ******* Delete Customer button clicked *******
08/27/2026 06:04:07 PM: INFO: ******* Delete confirmation accepted *******
08/27/2026 06:04:07 PM: INFO: ********* Delete Customer test passed **********
08/27/2026 06:04:08 PM: INFO: ****** Ending Delete Customer Test *******
08/27/2026 06:04:15 PM: INFO: ******* Editing Customer *******
08/27/2026 06:04:22 PM: INFO: ******* Login Successful *****
08/27/2026 06:04:23 PM: INFO: ******* Customers page opened *******
08/27/2026 06:04:26 PM: INFO: ******* Edit Customer button clicked *******
08/27/2026 06:04:28 PM: INFO: ******* Edit Customer page opened successfully *******
08/27/2026 06:04:30 PM: INFO: ********* Edit Customer test passed **********
08/27/2026 06:04:32 PM: INFO: ****** Ending Edit Customer Test *******
08/27/2026 06:04:37 PM: INFO: ******* Exporting All Customers to Excel *******
08/27/2026 06:04:40 PM: INFO: ******* Download directory: C:\Users\hp\PycharmProjects\Python_Selenium_Hybrid\downloads *******
08/27/2026 06:04:41 PM: INFO: ******* Login Successful *****
08/27/2026 06:04:41 PM: INFO: ****** Starting Export All Customers *******
08/27/2026 06:04:43 PM: INFO: ****** Customers page opened ******
08/27/2026 06:04:47 PM: INFO: ******* Export All Customers Excel button clicked *******
08/27/2026 06:04:50 PM: INFO: ******* Excel Downloaded Successfully: customers.xlsx *******
08/27/2026 06:04:50 PM: INFO: ******* Excel File Verification Successful *******
08/27/2026 06:04:58 PM: INFO: ******* Exporting All Customers to XML *******
08/27/2026 06:05:00 PM: INFO: ******* Download directory: C:\Users\hp\PycharmProjects\Python_Selenium_Hybrid\downloads *******
08/27/2026 06:05:01 PM: INFO: ******* Login Successful *****
08/27/2026 06:05:01 PM: INFO: ****** Starting Export All Customers *******
08/27/2026 06:05:04 PM: INFO: ****** Customers page opened ******
08/27/2026 06:05:07 PM: INFO: ******* Export All Customers XML button clicked *******
08/27/2026 06:05:11 PM: INFO: ******* XML Downloaded Successfully: customers.xml *******
08/27/2026 06:05:11 PM: INFO: ******* XML File Verification Successful *******
08/27/2026 06:05:16 PM: INFO: ******* Exporting Selected Customers to Excel *******
08/27/2026 06:05:19 PM: INFO: ******* Download directory: C:\Users\hp\PycharmProjects\Python_Selenium_Hybrid\downloads *******
08/27/2026 06:05:20 PM: INFO: ******* Login Successful *****
08/27/2026 06:05:20 PM: INFO: ****** Navigating to Customers ******
08/27/2026 06:05:23 PM: INFO: ****** Customers page opened ******
08/27/2026 06:05:25 PM: INFO: ******* Customers Selected Successfully *******
08/27/2026 06:05:26 PM: INFO: ******* Export Selected Excel button clicked *******
08/27/2026 06:05:27 PM: INFO: ******* Excel Downloaded Successfully: customers.xlsx *******
08/27/2026 06:05:27 PM: INFO: ******* Excel File Verification Successful *******
08/27/2026 06:05:34 PM: INFO: ******* Exporting Selected Customers to XML *******
08/27/2026 06:05:37 PM: INFO: ******* Download directory: C:\Users\hp\PycharmProjects\Python_Selenium_Hybrid\downloads *******
08/27/2026 06:05:38 PM: INFO: ******* Login Successful *****
08/27/2026 06:05:38 PM: INFO: ****** Navigating to Customers ******
08/27/2026 06:05:40 PM: INFO: ****** Customers page opened ******
08/27/2026 06:05:43 PM: INFO: ******* Customers Selected Successfully *******
08/27/2026 06:05:44 PM: INFO: ******* Export Selected XML button clicked *******
08/27/2026 06:05:46 PM: INFO: ******* XML Downloaded Successfully: customers.xml *******
08/27/2026 06:05:46 PM: INFO: ******* XML File Verification Successful *******
08/27/2026 06:05:53 PM: INFO: ********Test_001_Login********
08/27/2026 06:05:53 PM: INFO: ********Verify Home Page Title********
08/27/2026 06:05:56 PM: INFO: ********Home Page Title test is passed********
08/27/2026 06:06:00 PM: INFO: ********Verify Login Test********
08/27/2026 06:06:06 PM: INFO: ********Login test Passed********
08/27/2026 06:06:10 PM: INFO: **********Test_002_DDT_Login********
08/27/2026 06:06:10 PM: INFO: ********Verify Login DDT Test********
08/27/2026 06:06:17 PM: INFO: Row 2: *****Test Passed*****
08/27/2026 06:06:20 PM: INFO: Row 3: *****Test Passed*****
08/27/2026 06:06:23 PM: INFO: Row 4: *****Test Passed*****
08/27/2026 06:06:26 PM: INFO: Row 5: *****Test Passed*****
08/27/2026 06:06:29 PM: INFO: Row 6: *****Test Passed*****
08/27/2026 06:06:29 PM: INFO: ****Login DDT Test Passed****
08/27/2026 06:06:30 PM: INFO: ****End of Login DDT Test****
08/27/2026 06:06:30 PM: INFO: *****Completed TC_LoginDDT_002******
08/27/2026 06:06:34 PM: INFO: *******SearchCustomerByEmail_004*********
08/27/2026 06:06:38 PM: INFO: ***********Login Successful**********
08/27/2026 06:06:38 PM: INFO: **********Starting SearchCustomerByEmail_004**********
08/27/2026 06:06:41 PM: INFO: ******** searching customer by emailID***********
08/27/2026 06:06:49 PM: INFO: *******SearchCustomerByName_005*********
08/27/2026 06:06:53 PM: INFO: ***********Login Successful**********
08/27/2026 06:06:53 PM: INFO: **********Starting SearchCustomerByName_005**********
08/27/2026 06:06:56 PM: INFO: ******** searching customer by Name***********
08/27/2026 06:07:26 PM: INFO: ******* Deleting Customer *******
08/27/2026 06:07:45 PM: INFO: ******* Login Successful *****
08/27/2026 06:07:49 PM: INFO: ******* Customers page opened *******
08/27/2026 06:07:52 PM: INFO: ******* Edit Customer button clicked *******
08/27/2026 06:07:54 PM: INFO: ******* Edit Customer page opened successfully *******
08/27/2026 06:07:54 PM: INFO: ******* Delete Customer button clicked *******
08/27/2026 06:07:56 PM: INFO: ******* Delete confirmation accepted *******
08/27/2026 06:07:57 PM: INFO: ********* Delete Customer test passed **********
08/27/2026 06:07:59 PM: INFO: ****** Ending Delete Customer Test *******
08/27/2026 06:08:15 PM: INFO: ******* Editing Customer *******
08/27/2026 06:08:24 PM: INFO: ******* Login Successful *****
08/27/2026 06:08:30 PM: INFO: ******* Customers page opened *******
08/27/2026 06:08:33 PM: INFO: ******* Edit Customer button clicked *******
08/27/2026 06:08:35 PM: INFO: ******* Edit Customer page opened successfully *******
08/27/2026 06:08:37 PM: INFO: ********* Edit Customer test passed **********
08/27/2026 06:08:39 PM: INFO: ****** Ending Edit Customer Test *******
08/27/2026 06:08:53 PM: INFO: ******* Exporting All Customers to Excel *******
08/27/2026 06:08:55 PM: INFO: ******* Download directory: C:\Users\hp\PycharmProjects\Python_Selenium_Hybrid\downloads *******
08/27/2026 06:08:58 PM: INFO: ******* Login Successful *****
08/27/2026 06:08:58 PM: INFO: ****** Starting Export All Customers *******
08/27/2026 06:09:00 PM: INFO: ****** Customers page opened ******
08/27/2026 06:09:08 PM: INFO: ******* Export All Customers Excel button clicked *******
08/27/2026 06:09:53 PM: INFO: ******* Exporting All Customers to XML *******
08/27/2026 06:09:56 PM: INFO: ******* Download directory: C:\Users\hp\PycharmProjects\Python_Selenium_Hybrid\downloads *******
08/27/2026 06:10:00 PM: INFO: ******* Login Successful *****
08/27/2026 06:10:00 PM: INFO: ****** Starting Export All Customers *******
08/27/2026 06:10:02 PM: INFO: ****** Customers page opened ******
08/27/2026 06:10:10 PM: INFO: ******* Export All Customers XML button clicked *******
08/27/2026 06:10:53 PM: INFO: ******* Exporting Selected Customers to Excel *******
08/27/2026 06:10:56 PM: INFO: ******* Download directory: C:\Users\hp\PycharmProjects\Python_Selenium_Hybrid\downloads *******
08/27/2026 06:10:59 PM: INFO: ******* Login Successful *****
08/27/2026 06:10:59 PM: INFO: ****** Navigating to Customers ******
08/27/2026 06:11:00 PM: INFO: ****** Customers page opened ******
08/27/2026 06:11:02 PM: INFO: ******* Customers Selected Successfully *******
08/27/2026 06:11:09 PM: INFO: ******* Export Selected Excel button clicked *******
08/27/2026 06:11:52 PM: INFO: ******* Exporting Selected Customers to XML *******
08/27/2026 06:11:56 PM: INFO: ******* Download directory: C:\Users\hp\PycharmProjects\Python_Selenium_Hybrid\downloads *******
08/27/2026 06:11:59 PM: INFO: ******* Login Successful *****
08/27/2026 06:11:59 PM: INFO: ****** Navigating to Customers ******
08/27/2026 06:12:00 PM: INFO: ****** Customers page opened ******
08/27/2026 06:12:03 PM: INFO: ******* Customers Selected Successfully *******
08/27/2026 06:12:09 PM: INFO: ******* Export Selected XML button clicked *******
08/27/2026 06:12:53 PM: INFO: ********Test_001_Login********
08/27/2026 06:12:53 PM: INFO: ********Verify Home Page Title********
08/27/2026 06:12:55 PM: INFO: ********Home Page Title test is passed********
08/27/2026 06:13:08 PM: INFO: ********Verify Login Test********
08/27/2026 06:13:13 PM: INFO: ********Login test Passed********
08/27/2026 06:13:26 PM: INFO: **********Test_002_DDT_Login********
08/27/2026 06:13:26 PM: INFO: ********Verify Login DDT Test********
08/27/2026 06:13:33 PM: INFO: Row 2: *****Test Passed*****
08/27/2026 06:13:37 PM: INFO: Row 3: *****Test Passed*****
08/27/2026 06:13:40 PM: INFO: Row 4: *****Test Passed*****
08/27/2026 06:13:43 PM: INFO: Row 5: *****Test Passed*****
08/27/2026 06:13:46 PM: INFO: Row 6: *****Test Passed*****
08/27/2026 06:13:46 PM: INFO: ****Login DDT Test Passed****
08/27/2026 06:13:47 PM: INFO: ****End of Login DDT Test****
08/27/2026 06:13:47 PM: INFO: *****Completed TC_LoginDDT_002******
08/27/2026 06:13:58 PM: INFO: *******SearchCustomerByEmail_004*********
08/27/2026 06:14:05 PM: INFO: ***********Login Successful**********
08/27/2026 06:14:05 PM: INFO: **********Starting SearchCustomerByEmail_004**********
08/27/2026 06:14:09 PM: INFO: ******** searching customer by emailID***********
08/27/2026 06:14:24 PM: INFO: *******SearchCustomerByName_005*********
08/27/2026 06:14:31 PM: INFO: ***********Login Successful**********
08/27/2026 06:14:31 PM: INFO: **********Starting SearchCustomerByName_005**********
08/27/2026 06:14:32 PM: INFO: ******** searching customer by Name***********
08/27/2026 06:16:23 PM: INFO: ******* Deleting Customer *******
08/27/2026 06:16:27 PM: INFO: ******* Login Successful *****
08/27/2026 06:16:29 PM: INFO: ******* Customers page opened *******
08/27/2026 06:16:33 PM: INFO: ******* Edit Customer button clicked *******
08/27/2026 06:16:35 PM: INFO: ******* Edit Customer page opened successfully *******
08/27/2026 06:16:35 PM: INFO: ******* Delete Customer button clicked *******
08/27/2026 06:16:37 PM: INFO: ******* Delete confirmation accepted *******
08/27/2026 06:16:38 PM: ERROR: ********* Delete Customer test failed **********
08/27/2026 06:16:42 PM: INFO: ******* Editing Customer *******
08/27/2026 06:16:50 PM: INFO: ******* Login Successful *****
08/27/2026 06:16:51 PM: INFO: ******* Customers page opened *******
08/27/2026 06:16:55 PM: INFO: ******* Edit Customer button clicked *******
08/27/2026 06:16:57 PM: INFO: ******* Edit Customer page opened successfully *******
08/27/2026 06:17:00 PM: INFO: ********* Edit Customer test passed **********
08/27/2026 06:17:00 PM: INFO: ****** Ending Edit Customer Test *******
08/27/2026 06:17:05 PM: INFO: ******* Exporting All Customers to Excel *******
08/27/2026 06:17:08 PM: INFO: ******* Download directory: C:\Users\hp\PycharmProjects\Python_Selenium_Hybrid\downloads *******
08/27/2026 06:17:09 PM: INFO: ******* Login Successful *****
08/27/2026 06:17:09 PM: INFO: ****** Starting Export All Customers *******
08/27/2026 06:17:12 PM: INFO: ****** Customers page opened ******
08/27/2026 06:17:15 PM: INFO: ******* Export All Customers Excel button clicked *******
08/27/2026 06:17:16 PM: INFO: ******* Excel Downloaded Successfully: customers.xlsx *******
08/27/2026 06:17:16 PM: INFO: ******* Excel File Verification Successful *******
08/27/2026 06:17:21 PM: INFO: ******* Exporting All Customers to XML *******
08/27/2026 06:17:24 PM: INFO: ******* Download directory: C:\Users\hp\PycharmProjects\Python_Selenium_Hybrid\downloads *******
08/27/2026 06:17:25 PM: INFO: ******* Login Successful *****
08/27/2026 06:17:25 PM: INFO: ****** Starting Export All Customers *******
08/27/2026 06:17:28 PM: INFO: ****** Customers page opened ******
08/27/2026 06:17:31 PM: INFO: ******* Export All Customers XML button clicked *******
08/27/2026 06:17:32 PM: INFO: ******* XML Downloaded Successfully: customers.xml *******
08/27/2026 06:17:32 PM: INFO: ******* XML File Verification Successful *******
08/27/2026 06:17:36 PM: INFO: ******* Exporting Selected Customers to Excel *******
08/27/2026 06:17:39 PM: INFO: ******* Download directory: C:\Users\hp\PycharmProjects\Python_Selenium_Hybrid\downloads *******
08/27/2026 06:17:42 PM: INFO: ******* Login Successful *****
08/27/2026 06:17:42 PM: INFO: ****** Navigating to Customers ******
08/27/2026 06:17:44 PM: INFO: ****** Customers page opened ******
08/27/2026 06:17:47 PM: INFO: ******* Customers Selected Successfully *******
08/27/2026 06:17:49 PM: INFO: ******* Export Selected Excel button clicked *******
08/27/2026 06:17:51 PM: INFO: ******* Excel Downloaded Successfully: customers.xlsx *******
08/27/2026 06:17:51 PM: INFO: ******* Excel File Verification Successful *******
08/27/2026 06:17:55 PM: INFO: ******* Exporting Selected Customers to XML *******
08/27/2026 06:17:58 PM: INFO: ******* Download directory: C:\Users\hp\PycharmProjects\Python_Selenium_Hybrid\downloads *******
08/27/2026 06:17:59 PM: INFO: ******* Login Successful *****
08/27/2026 06:17:59 PM: INFO: ****** Navigating to Customers ******
08/27/2026 06:18:01 PM: INFO: ****** Customers page opened ******
08/27/2026 06:18:04 PM: INFO: ******* Customers Selected Successfully *******
08/27/2026 06:18:05 PM: INFO: ******* Export Selected XML button clicked *******
08/27/2026 06:18:06 PM: INFO: ******* XML Downloaded Successfully: customers.xml *******
08/27/2026 06:18:06 PM: INFO: ******* XML File Verification Successful *******
08/27/2026 06:18:13 PM: INFO: ********Test_001_Login********
08/27/2026 06:18:13 PM: INFO: ********Verify Home Page Title********
08/27/2026 06:18:16 PM: INFO: ********Home Page Title test is passed********
08/27/2026 06:18:20 PM: INFO: ********Verify Login Test********
08/27/2026 06:18:25 PM: INFO: ********Login test Passed********
08/27/2026 06:18:31 PM: INFO: **********Test_002_DDT_Login********
08/27/2026 06:18:31 PM: INFO: ********Verify Login DDT Test********
08/27/2026 06:18:37 PM: INFO: Row 2: *****Test Passed*****
08/27/2026 06:18:40 PM: INFO: Row 3: *****Test Passed*****
08/27/2026 06:18:43 PM: INFO: Row 4: *****Test Passed*****
08/27/2026 06:18:46 PM: INFO: Row 5: *****Test Passed*****
08/27/2026 06:18:49 PM: INFO: Row 6: *****Test Passed*****
08/27/2026 06:18:49 PM: INFO: ****Login DDT Test Passed****
08/27/2026 06:18:50 PM: INFO: ****End of Login DDT Test****
08/27/2026 06:18:50 PM: INFO: *****Completed TC_LoginDDT_002******
08/27/2026 06:18:54 PM: INFO: *******SearchCustomerByEmail_004*********
08/27/2026 06:18:59 PM: INFO: ***********Login Successful**********
08/27/2026 06:18:59 PM: INFO: **********Starting SearchCustomerByEmail_004**********
08/27/2026 06:19:00 PM: INFO: ******** searching customer by emailID***********
08/27/2026 06:19:18 PM: INFO: *******SearchCustomerByName_005*********
08/27/2026 06:19:22 PM: INFO: ***********Login Successful**********
08/27/2026 06:19:22 PM: INFO: **********Starting SearchCustomerByName_005**********
08/27/2026 06:19:24 PM: INFO: ******** searching customer by Name***********
08/27/2026 06:19:44 PM: INFO: ******* Deleting Customer *******
08/27/2026 06:19:51 PM: INFO: ******* Login Successful *****
08/27/2026 06:19:53 PM: INFO: ******* Customers page opened *******
08/27/2026 06:19:56 PM: INFO: ******* Edit Customer button clicked *******
08/27/2026 06:19:58 PM: INFO: ******* Edit Customer page opened successfully *******
08/27/2026 06:19:58 PM: INFO: ******* Delete Customer button clicked *******
08/27/2026 06:19:59 PM: INFO: ******* Delete confirmation accepted *******
08/27/2026 06:20:00 PM: ERROR: ********* Delete Customer test failed **********
08/27/2026 06:20:13 PM: INFO: ******* Editing Customer *******
08/27/2026 06:20:19 PM: INFO: ******* Login Successful *****
08/27/2026 06:20:21 PM: INFO: ******* Customers page opened *******
08/27/2026 06:20:23 PM: INFO: ******* Edit Customer button clicked *******
08/27/2026 06:20:25 PM: INFO: ******* Edit Customer page opened successfully *******
08/27/2026 06:20:27 PM: INFO: ********* Edit Customer test passed **********
08/27/2026 06:20:29 PM: INFO: ****** Ending Edit Customer Test *******
08/27/2026 06:20:40 PM: INFO: ******* Exporting All Customers to Excel *******
08/27/2026 06:20:42 PM: INFO: ******* Download directory: C:\Users\hp\PycharmProjects\Python_Selenium_Hybrid\downloads *******
08/27/2026 06:20:45 PM: INFO: ******* Login Successful *****
08/27/2026 06:20:45 PM: INFO: ****** Starting Export All Customers *******
08/27/2026 06:20:47 PM: INFO: ****** Customers page opened ******
08/27/2026 06:20:55 PM: INFO: ******* Export All Customers Excel button clicked *******
08/27/2026 06:21:38 PM: INFO: ******* Exporting All Customers to XML *******
08/27/2026 06:21:41 PM: INFO: ******* Download directory: C:\Users\hp\PycharmProjects\Python_Selenium_Hybrid\downloads *******
08/27/2026 06:21:44 PM: INFO: ******* Login Successful *****
08/27/2026 06:21:44 PM: INFO: ****** Starting Export All Customers *******
08/27/2026 06:21:46 PM: INFO: ****** Customers page opened ******
08/27/2026 06:21:54 PM: INFO: ******* Export All Customers XML button clicked *******
08/27/2026 06:22:38 PM: INFO: ******* Exporting Selected Customers to Excel *******
08/27/2026 06:22:40 PM: INFO: ******* Download directory: C:\Users\hp\PycharmProjects\Python_Selenium_Hybrid\downloads *******
08/27/2026 06:22:44 PM: INFO: ******* Login Successful *****
08/27/2026 06:22:44 PM: INFO: ****** Navigating to Customers ******
08/27/2026 06:22:46 PM: INFO: ****** Customers page opened ******
08/27/2026 06:22:48 PM: INFO: ******* Customers Selected Successfully *******
08/27/2026 06:22:54 PM: INFO: ******* Export Selected Excel button clicked *******
08/27/2026 06:23:38 PM: INFO: ******* Exporting Selected Customers to XML *******
08/27/2026 06:23:40 PM: INFO: ******* Download directory: C:\Users\hp\PycharmProjects\Python_Selenium_Hybrid\downloads *******
08/27/2026 06:23:43 PM: INFO: ******* Login Successful *****
08/27/2026 06:23:43 PM: INFO: ****** Navigating to Customers ******
08/27/2026 06:23:46 PM: INFO: ****** Customers page opened ******
08/27/2026 06:23:48 PM: INFO: ******* Customers Selected Successfully *******
08/27/2026 06:23:54 PM: INFO: ******* Export Selected XML button clicked *******
08/27/2026 06:24:38 PM: INFO: ********Test_001_Login********
08/27/2026 06:24:38 PM: INFO: ********Verify Home Page Title********
08/27/2026 06:24:39 PM: INFO: ********Home Page Title test is passed********
08/27/2026 06:24:56 PM: INFO: ********Verify Login Test********
08/27/2026 06:25:01 PM: INFO: ********Login test Passed********
08/27/2026 06:25:21 PM: INFO: **********Test_002_DDT_Login********
08/27/2026 06:25:21 PM: INFO: ********Verify Login DDT Test********
08/27/2026 06:25:27 PM: INFO: Row 2: *****Test Passed*****
08/27/2026 06:25:31 PM: INFO: Row 3: *****Test Passed*****
08/27/2026 06:25:34 PM: INFO: Row 4: *****Test Passed*****
08/27/2026 06:25:37 PM: INFO: Row 5: *****Test Passed*****
08/27/2026 06:25:40 PM: INFO: Row 6: *****Test Passed*****
08/27/2026 06:25:40 PM: INFO: ****Login DDT Test Passed****
08/27/2026 06:25:42 PM: INFO: ****End of Login DDT Test****
08/27/2026 06:25:42 PM: INFO: *****Completed TC_LoginDDT_002******
08/27/2026 06:25:53 PM: INFO: *******SearchCustomerByEmail_004*********
08/27/2026 06:26:00 PM: INFO: ***********Login Successful**********
08/27/2026 06:26:00 PM: INFO: **********Starting SearchCustomerByEmail_004**********
08/27/2026 06:26:03 PM: INFO: ******** searching customer by emailID***********
08/27/2026 06:26:23 PM: INFO: *******SearchCustomerByName_005*********
08/27/2026 06:26:28 PM: INFO: ***********Login Successful**********
08/27/2026 06:26:28 PM: INFO: **********Starting SearchCustomerByName_005**********
08/27/2026 06:26:30 PM: INFO: ******** searching customer by Name***********
08/27/2026 06:30:41 PM: INFO: **********Test_003_AddCustomer**********
08/27/2026 06:30:45 PM: INFO: *********Login Successful**********
08/27/2026 06:30:45 PM: INFO: *****Starting Add Customer Test*******
08/27/2026 06:30:50 PM: INFO: ********Providing customer info**********
08/27/2026 06:30:52 PM: INFO: ********Saving customer info**********
08/27/2026 06:30:52 PM: INFO: ********Add customer validation*********
08/27/2026 06:30:53 PM: INFO: Success message: ×
The new customer has been added successfully.
08/27/2026 06:30:53 PM: INFO: ********Add customer test passed**********
08/27/2026 06:30:53 PM: INFO: ******Ending Add Customer Test*******
08/27/2026 06:35:56 PM: INFO: **********Test_003_AddCustomer**********
08/27/2026 06:36:01 PM: INFO: *********Login Successful**********
08/27/2026 06:36:01 PM: INFO: *****Starting Add Customer Test*******
08/27/2026 06:36:04 PM: INFO: ********Providing customer info**********
08/27/2026 06:38:47 PM: INFO: **********Test_003_AddCustomer**********
08/27/2026 06:38:53 PM: INFO: *********Login Successful**********
08/27/2026 06:38:53 PM: INFO: *****Starting Add Customer Test*******
08/27/2026 06:38:55 PM: INFO: ********Providing customer info**********
08/27/2026 06:38:57 PM: INFO: ********Customer information provided**********
08/27/2026 06:38:58 PM: INFO: ********Saving customer info**********
08/27/2026 06:38:58 PM: INFO: Success message: ×
The new customer has been added successfully.
08/27/2026 06:38:58 PM: INFO: ********Add customer test passed**********
08/27/2026 06:39:01 PM: INFO: ******Ending Add Customer Test*******
08/27/2026 06:39:05 PM: WARNING: Retrying (Retry(total=2, connect=None, read=None, redirect=None, status=None)) after connection broken by 'NewConnectionError("HTTPConnection(host='localhost', port=60307): Failed to establish a new connection: [WinError 10061] No connection could be made because the target machine actively refused it")': /session/bc10287e4aa81bdb93c40aa317ff2797
08/27/2026 06:39:09 PM: WARNING: Retrying (Retry(total=1, connect=None, read=None, redirect=None, status=None)) after connection broken by 'NewConnectionError("HTTPConnection(host='localhost', port=60307): Failed to establish a new connection: [WinError 10061] No connection could be made because the target machine actively refused it")': /session/bc10287e4aa81bdb93c40aa317ff2797
08/27/2026 06:39:13 PM: WARNING: Retrying (Retry(total=0, connect=None, read=None, redirect=None, status=None)) after connection broken by 'NewConnectionError("HTTPConnection(host='localhost', port=60307): Failed to establish a new connection: [WinError 10061] No connection could be made because the target machine actively refused it")': /session/bc10287e4aa81bdb93c40aa317ff2797
08/27/2026 06:40:30 PM: INFO: **********Test_003_AddCustomer**********
08/27/2026 06:40:37 PM: INFO: *********Login Successful**********
08/27/2026 06:40:37 PM: INFO: *****Starting Add Customer Test*******
08/27/2026 06:40:43 PM: INFO: ********Providing customer info**********
08/27/2026 06:40:46 PM: INFO: ********Customer information provided**********
08/27/2026 06:40:46 PM: INFO: ********Saving customer info**********
08/27/2026 06:40:47 PM: INFO: Success message: ×
The new customer has been added successfully.
08/27/2026 06:40:47 PM: INFO: ********Add customer test passed**********
08/27/2026 06:40:51 PM: INFO: ******Ending Add Customer Test*******
08/27/2026 06:40:55 PM: WARNING: Retrying (Retry(total=2, connect=None, read=None, redirect=None, status=None)) after connection broken by 'NewConnectionError("HTTPConnection(host='localhost', port=60413): Failed to establish a new connection: [WinError 10061] No connection could be made because the target machine actively refused it")': /session/710a3bb8-b717-45ce-8f77-7429cc01ce7f
08/27/2026 06:40:59 PM: WARNING: Retrying (Retry(total=1, connect=None, read=None, redirect=None, status=None)) after connection broken by 'NewConnectionError("HTTPConnection(host='localhost', port=60413): Failed to establish a new connection: [WinError 10061] No connection could be made because the target machine actively refused it")': /session/710a3bb8-b717-45ce-8f77-7429cc01ce7f
08/27/2026 06:41:03 PM: WARNING: Retrying (Retry(total=0, connect=None, read=None, redirect=None, status=None)) after connection broken by 'NewConnectionError("HTTPConnection(host='localhost', port=60413): Failed to establish a new connection: [WinError 10061] No connection could be made because the target machine actively refused it")': /session/710a3bb8-b717-45ce-8f77-7429cc01ce7f
08/27/2026 06:51:56 PM: INFO: **********Test_003_AddCustomer**********
08/27/2026 06:52:00 PM: INFO: *********Login Successful**********
08/27/2026 06:52:00 PM: INFO: *****Starting Add Customer Test*******
08/27/2026 06:52:04 PM: INFO: ********Providing customer info**********
08/27/2026 06:52:06 PM: INFO: ********Customer information provided**********
08/27/2026 06:52:06 PM: INFO: ********Saving customer info**********
08/27/2026 06:52:27 PM: ERROR: ********Add customer test failed********** Message: 
Stacktrace:
	chromedriver!GetHandleVerifier [0x7ff65dd1abb5+151b5]
	chromedriver!GetHandleVerifier [0x7ff65dd1ac10+15210]
	chromedriver!(No symbol) [0x7ff65d845d6d]
	chromedriver!(No symbol) [0x7ff65d8a1289]
	chromedriver!(No symbol) [0x7ff65d8a158c]
	chromedriver!(No symbol) [0x7ff65d8f2027]
	chromedriver!(No symbol) [0x7ff65d8eec0b]
	chromedriver!(No symbol) [0x7ff65d8937cc]
	chromedriver!(No symbol) [0x7ff65d8946f3]
	chromedriver!GetHandleVerifier [0x7ff65e33b79b+635d9b]
	chromedriver!GetHandleVerifier [0x7ff65e335ac6+6300c6]
	chromedriver!GetHandleVerifier [0x7ff65e35bcee+6562ee]
	chromedriver!GetHandleVerifier [0x7ff65dd38ffe+335fe]
	chromedriver!GetHandleVerifier [0x7ff65dd4147c+3ba7c]
	chromedriver!GetHandleVerifier [0x7ff65dd24d64+1f364]
	chromedriver!GetHandleVerifier [0x7ff65dd24ef4+1f4f4]
	chromedriver!GetHandleVerifier [0x7ff65dd07d97+2397]
	KERNEL32!BaseThreadInitThunk [0x7fff5b037374+14]
	ntdll!RtlUserThreadStart [0x7fff5ca7cc91+21]

08/27/2026 06:57:20 PM: INFO: **********Test_003_AddCustomer**********
08/27/2026 06:57:25 PM: INFO: *********Login Successful**********
08/27/2026 06:57:25 PM: INFO: *****Starting Add Customer Test*******
08/27/2026 06:57:27 PM: INFO: ********Providing customer info**********
08/27/2026 07:02:01 PM: INFO: **********Test_003_AddCustomer**********
08/27/2026 07:02:05 PM: INFO: *********Login Successful**********
08/27/2026 07:02:05 PM: INFO: *****Starting Add Customer Test*******
08/27/2026 07:02:10 PM: INFO: ********Providing customer info**********
08/27/2026 07:04:48 PM: INFO: **********Test_003_AddCustomer**********
08/27/2026 07:04:56 PM: INFO: *********Login Successful**********
08/27/2026 07:04:56 PM: INFO: *****Starting Add Customer Test*******
08/27/2026 07:04:58 PM: INFO: ********Providing customer info**********
08/27/2026 07:05:01 PM: INFO: ********Customer information provided**********
08/27/2026 07:05:02 PM: INFO: ********Saving customer info**********
08/27/2026 07:05:22 PM: ERROR: Customer creation failed: ×
Add the customer to 'Guests' or 'Registered' customer role
08/27/2026 07:05:23 PM: ERROR: ********Add customer test failed********** Customer was not added successfully
assert False
08/27/2026 08:14:28 PM: INFO: **********Test_003_AddCustomer**********
08/27/2026 08:14:36 PM: INFO: *********Login Successful**********
08/27/2026 08:14:36 PM: INFO: *****Starting Add Customer Test*******
08/27/2026 08:14:38 PM: INFO: ********Providing customer info**********
08/27/2026 08:14:40 PM: INFO: ********Customer information provided**********
08/27/2026 08:14:41 PM: INFO: ********Saving customer info**********
08/27/2026 08:14:42 PM: INFO: Success message: ×
The new customer has been added successfully.
08/27/2026 08:14:42 PM: INFO: ********Customer added successfully**********
08/27/2026 08:14:42 PM: INFO: ********Verifying customer in Customers grid**********
08/27/2026 08:18:30 PM: INFO: **********Test_003_AddCustomer**********
08/27/2026 08:18:34 PM: INFO: *********Login Successful**********
08/27/2026 08:18:34 PM: INFO: *****Starting Add Customer Test*******
08/27/2026 08:18:37 PM: INFO: ********Providing customer info**********
08/27/2026 08:18:39 PM: INFO: ********Customer information provided**********
08/27/2026 08:18:40 PM: INFO: ********Saving customer info**********
08/27/2026 08:18:40 PM: INFO: Success message: ×
The new customer has been added successfully.
08/27/2026 08:18:40 PM: INFO: ********Customer added successfully**********
08/27/2026 08:18:40 PM: INFO: ********Verifying customer in Customers grid**********
08/27/2026 08:18:41 PM: INFO: ********Customers page opened**********
08/27/2026 08:18:41 PM: INFO: ********Searching for xqh7xhsb@gmail.com**********
08/27/2026 08:18:41 PM: ERROR: Customer grid verification failed: Message: stale element reference: stale element not found in the current frame
  (Session info: chrome=151.0.7922.173); For documentation on this error, please visit: https://www.selenium.dev/documentation/webdriver/troubleshooting/errors#staleelementreferenceexception
Stacktrace:
	chromedriver!GetHandleVerifier [0x7ff611e2abb5+151b5]
	chromedriver!GetHandleVerifier [0x7ff611e2ac10+15210]
	chromedriver!(No symbol) [0x7ff611955d6d]
	chromedriver!(No symbol) [0x7ff61195dcd1]
	chromedriver!(No symbol) [0x7ff611960c85]
	chromedriver!(No symbol) [0x7ff611960d4f]
	chromedriver!(No symbol) [0x7ff6119ac51c]
	chromedriver!(No symbol) [0x7ff6119d9d0a]
	chromedriver!(No symbol) [0x7ff6119a4f76]
	chromedriver!(No symbol) [0x7ff6119fec0b]
	chromedriver!(No symbol) [0x7ff6119a37cc]
	chromedriver!(No symbol) [0x7ff6119a46f3]
	chromedriver!GetHandleVerifier [0x7ff61244b79b+635d9b]
	chromedriver!GetHandleVerifier [0x7ff612445ac6+6300c6]
	chromedriver!GetHandleVerifier [0x7ff61246bcee+6562ee]
	chromedriver!GetHandleVerifier [0x7ff611e48ffe+335fe]
	chromedriver!GetHandleVerifier [0x7ff611e5147c+3ba7c]
	chromedriver!GetHandleVerifier [0x7ff611e34d64+1f364]
	chromedriver!GetHandleVerifier [0x7ff611e34ef4+1f4f4]
	chromedriver!GetHandleVerifier [0x7ff611e17d97+2397]
	KERNEL32!BaseThreadInitThunk [0x7fff5b037374+14]
	ntdll!RtlUserThreadStart [0x7fff5ca7cc91+21]

08/27/2026 08:25:32 PM: INFO: **********Test_003_AddCustomer**********
08/27/2026 08:25:38 PM: INFO: *********Login Successful**********
08/27/2026 08:25:38 PM: INFO: *****Starting Add Customer Test*******
08/27/2026 08:25:40 PM: INFO: ********Providing customer info**********
08/27/2026 08:25:42 PM: INFO: ********Customer information provided**********
08/27/2026 08:25:42 PM: INFO: ********Saving customer info**********
08/27/2026 08:25:42 PM: INFO: Success message: ×
The new customer has been added successfully.
08/27/2026 08:25:42 PM: INFO: ********Customer added successfully**********
08/27/2026 08:25:42 PM: INFO: ********Verifying customer in Customers grid**********
08/27/2026 08:25:43 PM: INFO: ********Customers page opened**********
08/27/2026 08:25:43 PM: INFO: ********Searching for 4fnv3q40@gmail.com**********
08/27/2026 08:25:43 PM: INFO: ********Customer found in Customers grid**********
08/27/2026 08:25:43 PM: INFO: ********Add customer test passed**********
08/27/2026 08:51:25 PM: INFO: **********Test_003_AddCustomer**********
08/27/2026 08:51:37 PM: INFO: *********Login Successful**********
08/27/2026 08:51:37 PM: INFO: *****Starting Add Customer Test*******
08/27/2026 08:51:40 PM: INFO: ********Providing customer info**********
08/27/2026 08:51:43 PM: INFO: ********Customer information provided**********
08/27/2026 08:51:44 PM: INFO: ********Saving customer info**********
08/27/2026 08:51:44 PM: INFO: Success message: ×
The new customer has been added successfully.
08/27/2026 08:51:44 PM: INFO: ********Customer added successfully**********
08/27/2026 08:51:44 PM: INFO: ********Verifying customer in Customers grid**********
08/27/2026 08:51:45 PM: INFO: ********Customers page opened**********
08/27/2026 08:51:46 PM: INFO: ********Searching for lkd0e69c@gmail.com**********
08/27/2026 08:51:46 PM: INFO: ********Customer found in Customers grid**********
08/27/2026 08:51:46 PM: INFO: ********Add customer test passed**********
08/27/2026 08:56:40 PM: INFO: **********Test_003_AddCustomer**********
08/27/2026 08:56:44 PM: INFO: *********Login Successful**********
08/27/2026 08:56:44 PM: INFO: *****Starting Add Customer Test*******
08/27/2026 08:56:47 PM: INFO: ********Providing customer info**********
08/27/2026 08:56:49 PM: INFO: ********Customer information provided**********
08/27/2026 08:56:49 PM: INFO: ********Saving customer info**********
08/27/2026 08:56:50 PM: INFO: Success message: ×
The new customer has been added successfully.
08/27/2026 08:56:50 PM: INFO: ********Customer added successfully**********
08/27/2026 08:56:50 PM: INFO: ********Verifying customer in Customers grid**********
08/27/2026 08:56:50 PM: INFO: ********Customers page opened**********
08/27/2026 08:56:50 PM: INFO: ********Searching for 1pgk1jxe@gmail.com**********
08/27/2026 08:56:50 PM: INFO: ********Customer found in Customers grid**********
08/27/2026 08:56:50 PM: INFO: ********Add customer test passed**********
08/27/2026 08:56:55 PM: INFO: ********Verify Login Test********
08/27/2026 08:57:01 PM: INFO: ********Login test Passed********
08/27/2026 08:57:21 PM: INFO: **********Test_003_AddCustomer**********
08/27/2026 08:57:38 PM: INFO: *********Login Successful**********
08/27/2026 08:57:38 PM: INFO: *****Starting Add Customer Test*******
08/27/2026 08:57:51 PM: INFO: ********Providing customer info**********
08/27/2026 08:57:55 PM: INFO: ********Customer information provided**********
08/27/2026 08:57:57 PM: INFO: ********Saving customer info**********
08/27/2026 08:57:57 PM: INFO: Success message: ×
The new customer has been added successfully.
08/27/2026 08:57:57 PM: INFO: ********Customer added successfully**********
08/27/2026 08:57:57 PM: INFO: ********Verifying customer in Customers grid**********
08/27/2026 08:57:57 PM: INFO: ********Customers page opened**********
08/27/2026 08:58:13 PM: INFO: ********Verify Login Test********
08/27/2026 08:58:19 PM: INFO: ********Login test Passed********
08/27/2026 09:03:39 PM: INFO: **********Test_003_AddCustomer**********
08/27/2026 09:03:45 PM: INFO: *********Login Successful**********
08/27/2026 09:03:45 PM: INFO: *****Starting Add Customer Test*******
08/27/2026 09:03:48 PM: INFO: ********Providing customer info**********
08/27/2026 09:03:50 PM: INFO: ********Customer information provided**********
08/27/2026 09:03:51 PM: INFO: ********Saving customer info**********
08/27/2026 09:03:51 PM: INFO: Success message: ×
The new customer has been added successfully.
08/27/2026 09:03:51 PM: INFO: ********Customer added successfully**********
08/27/2026 09:03:51 PM: INFO: ********Verifying customer in Customers grid**********
08/27/2026 09:03:51 PM: INFO: ********Customers page opened**********
08/27/2026 09:04:13 PM: INFO: ********Verify Login Test********
08/27/2026 09:04:18 PM: INFO: ********Login test Passed********
08/27/2026 09:06:38 PM: INFO: **********Test_003_AddCustomer**********
08/27/2026 09:06:46 PM: INFO: *********Login Successful**********
08/27/2026 09:06:46 PM: INFO: *****Starting Add Customer Test*******
08/27/2026 09:06:50 PM: INFO: ********Providing customer info**********
08/27/2026 09:06:52 PM: INFO: ********Customer information provided**********
08/27/2026 09:06:53 PM: INFO: ********Saving customer info**********
08/27/2026 09:06:53 PM: INFO: Success message: ×
The new customer has been added successfully.
08/27/2026 09:06:53 PM: INFO: ********Customer added successfully**********
08/27/2026 09:06:53 PM: INFO: ********Verifying customer in Customers grid**********
08/27/2026 09:06:53 PM: INFO: ********Customers page opened**********
08/27/2026 09:06:53 PM: INFO: ********Searching for gn1zhh5o@gmail.com**********
08/27/2026 09:06:54 PM: INFO: ********Customer found in Customers grid**********
08/27/2026 09:06:54 PM: INFO: ********Add customer test passed**********
08/27/2026 09:07:06 PM: INFO: ********Verify Login Test********
08/27/2026 09:07:13 PM: INFO: ********Login test Passed********
08/27/2026 09:08:17 PM: INFO: **********Test_003_AddCustomer**********
08/27/2026 09:08:21 PM: INFO: *********Login Successful**********
08/27/2026 09:08:21 PM: INFO: *****Starting Add Customer Test*******
08/27/2026 09:08:25 PM: INFO: ********Providing customer info**********
08/27/2026 09:08:26 PM: INFO: ********Customer information provided**********
08/27/2026 09:08:26 PM: INFO: ********Saving customer info**********
08/27/2026 09:08:27 PM: INFO: Success message: ×
The new customer has been added successfully.
08/27/2026 09:08:27 PM: INFO: ********Customer added successfully**********
08/27/2026 09:08:27 PM: INFO: ********Verifying customer in Customers grid**********
08/27/2026 09:08:28 PM: INFO: ********Customers page opened**********
08/27/2026 09:08:28 PM: INFO: ********Searching for dsyeh74k@gmail.com**********
08/27/2026 09:08:28 PM: INFO: ********Customer found in Customers grid**********
08/27/2026 09:08:28 PM: INFO: ********Add customer test passed**********
08/27/2026 09:08:32 PM: INFO: ********Verify Login Test********
08/27/2026 09:08:37 PM: INFO: ********Login test Passed********
08/27/2026 09:08:51 PM: INFO: **********Test_003_AddCustomer**********
08/27/2026 09:08:56 PM: INFO: *********Login Successful**********
08/27/2026 09:08:56 PM: INFO: *****Starting Add Customer Test*******
08/27/2026 09:09:00 PM: INFO: ********Providing customer info**********
08/27/2026 09:09:02 PM: INFO: ********Customer information provided**********
08/27/2026 09:09:03 PM: INFO: ********Saving customer info**********
08/27/2026 09:09:03 PM: INFO: Success message: ×
The new customer has been added successfully.
08/27/2026 09:09:03 PM: INFO: ********Customer added successfully**********
08/27/2026 09:09:03 PM: INFO: ********Verifying customer in Customers grid**********
08/27/2026 09:09:04 PM: INFO: ********Customers page opened**********
08/27/2026 09:09:04 PM: INFO: ********Searching for 4di91gwz@gmail.com**********
08/27/2026 09:09:04 PM: INFO: ********Customer found in Customers grid**********
08/27/2026 09:09:04 PM: INFO: ********Add customer test passed**********
08/27/2026 09:09:17 PM: INFO: ********Verify Login Test********
08/27/2026 09:09:23 PM: INFO: ********Login test Passed********
08/28/2026 09:07:39 AM: INFO: ******* Deleting Customer *******
08/28/2026 09:07:47 AM: INFO: ******* Login Successful *****
08/28/2026 09:07:49 AM: INFO: ******* Customers page opened *******
08/28/2026 09:07:53 AM: INFO: ******* Edit Customer button clicked *******
08/28/2026 09:07:55 AM: INFO: ******* Edit Customer page opened successfully *******
08/28/2026 09:07:55 AM: INFO: ******* Delete Customer button clicked *******
08/28/2026 09:07:56 AM: INFO: ******* Delete confirmation accepted *******
08/28/2026 09:07:57 AM: INFO: ********* Delete Customer test passed **********
08/28/2026 09:07:57 AM: INFO: ****** Ending Delete Customer Test *******
08/28/2026 09:08:08 AM: INFO: ******* Editing Customer *******
08/28/2026 09:08:12 AM: INFO: ******* Login Successful *****
08/28/2026 09:08:16 AM: INFO: ******* Customers page opened *******
08/28/2026 09:08:19 AM: INFO: ******* Edit Customer button clicked *******
08/28/2026 09:08:21 AM: INFO: ******* Edit Customer page opened successfully *******
08/28/2026 09:08:23 AM: INFO: ********* Edit Customer test passed **********
08/28/2026 09:08:24 AM: INFO: ****** Ending Edit Customer Test *******
08/28/2026 09:08:28 AM: INFO: ******* Exporting All Customers to Excel *******
08/28/2026 09:08:31 AM: INFO: ******* Download directory: C:\Users\hp\PycharmProjects\Python_Selenium_Hybrid\downloads *******
08/28/2026 09:08:32 AM: INFO: ******* Login Successful *****
08/28/2026 09:08:32 AM: INFO: ****** Starting Export All Customers *******
08/28/2026 09:08:34 AM: INFO: ****** Customers page opened ******
08/28/2026 09:08:38 AM: INFO: ******* Export All Customers Excel button clicked *******
08/28/2026 09:08:39 AM: INFO: ******* Excel Downloaded Successfully: customers.xlsx *******
08/28/2026 09:08:39 AM: INFO: ******* Excel File Verification Successful *******
08/28/2026 09:08:43 AM: INFO: ******* Exporting All Customers to XML *******
08/28/2026 09:08:46 AM: INFO: ******* Download directory: C:\Users\hp\PycharmProjects\Python_Selenium_Hybrid\downloads *******
08/28/2026 09:08:47 AM: INFO: ******* Login Successful *****
08/28/2026 09:08:47 AM: INFO: ****** Starting Export All Customers *******
08/28/2026 09:08:50 AM: INFO: ****** Customers page opened ******
08/28/2026 09:08:54 AM: INFO: ******* Export All Customers XML button clicked *******
08/28/2026 09:08:55 AM: INFO: ******* XML Downloaded Successfully: customers.xml *******
08/28/2026 09:08:55 AM: INFO: ******* XML File Verification Successful *******
08/28/2026 09:09:01 AM: INFO: ******* Exporting Selected Customers to Excel *******
08/28/2026 09:09:04 AM: INFO: ******* Download directory: C:\Users\hp\PycharmProjects\Python_Selenium_Hybrid\downloads *******
08/28/2026 09:09:04 AM: INFO: ******* Login Successful *****
08/28/2026 09:09:04 AM: INFO: ****** Navigating to Customers ******
08/28/2026 09:09:07 AM: INFO: ****** Customers page opened ******
08/28/2026 09:09:09 AM: INFO: ******* Customers Selected Successfully *******
08/28/2026 09:09:10 AM: INFO: ******* Export Selected Excel button clicked *******
08/28/2026 09:09:11 AM: INFO: ******* Excel Downloaded Successfully: customers.xlsx *******
08/28/2026 09:09:11 AM: INFO: ******* Excel File Verification Successful *******
08/28/2026 09:09:16 AM: INFO: ******* Exporting Selected Customers to XML *******
08/28/2026 09:09:19 AM: INFO: ******* Download directory: C:\Users\hp\PycharmProjects\Python_Selenium_Hybrid\downloads *******
08/28/2026 09:09:20 AM: INFO: ******* Login Successful *****
08/28/2026 09:09:20 AM: INFO: ****** Navigating to Customers ******
08/28/2026 09:09:22 AM: INFO: ****** Customers page opened ******
08/28/2026 09:09:25 AM: INFO: ******* Customers Selected Successfully *******
08/28/2026 09:09:26 AM: INFO: ******* Export Selected XML button clicked *******
08/28/2026 09:09:27 AM: INFO: ******* XML Downloaded Successfully: customers.xml *******
08/28/2026 09:09:27 AM: INFO: ******* XML File Verification Successful *******
08/28/2026 09:09:31 AM: INFO: ********Test_001_Login********
08/28/2026 09:09:31 AM: INFO: ********Verify Home Page Title********
08/28/2026 09:09:34 AM: INFO: ********Home Page Title test is passed********
08/28/2026 09:09:39 AM: INFO: ********Verify Login Test********
08/28/2026 09:09:44 AM: INFO: ********Login test Passed********
08/28/2026 09:09:49 AM: INFO: **********Test_002_DDT_Login********
08/28/2026 09:09:49 AM: INFO: ********Verify Login DDT Test********
08/28/2026 09:09:55 AM: INFO: Row 2: *****Test Passed*****
08/28/2026 09:09:59 AM: INFO: Row 3: *****Test Passed*****
08/28/2026 09:10:02 AM: INFO: Row 4: *****Test Passed*****
08/28/2026 09:10:05 AM: INFO: Row 5: *****Test Passed*****
08/28/2026 09:10:08 AM: INFO: Row 6: *****Test Passed*****
08/28/2026 09:10:08 AM: INFO: ****Login DDT Test Passed****
08/28/2026 09:10:09 AM: INFO: ****End of Login DDT Test****
08/28/2026 09:10:09 AM: INFO: *****Completed TC_LoginDDT_002******
08/28/2026 09:10:13 AM: INFO: *******SearchCustomerByEmail_004*********
08/28/2026 09:10:18 AM: INFO: ***********Login Successful**********
08/28/2026 09:10:18 AM: INFO: **********Starting SearchCustomerByEmail_004**********
08/28/2026 09:10:19 AM: INFO: ******** searching customer by emailID***********
08/28/2026 09:10:28 AM: INFO: *******SearchCustomerByName_005*********
08/28/2026 09:10:33 AM: INFO: ***********Login Successful**********
08/28/2026 09:10:33 AM: INFO: **********Starting SearchCustomerByName_005**********
08/28/2026 09:10:34 AM: INFO: ******** searching customer by Name***********
08/28/2026 09:16:10 AM: INFO: ******* Deleting Customer *******
08/28/2026 09:16:15 AM: INFO: ******* Login Successful *****
08/28/2026 09:16:18 AM: INFO: ******* Customers page opened *******
08/28/2026 09:16:29 AM: INFO: ******* Edit Customer button clicked *******
08/28/2026 09:16:31 AM: INFO: ******* Edit Customer page opened successfully *******
08/28/2026 09:16:31 AM: INFO: ******* Delete Customer button clicked *******
08/28/2026 09:16:33 AM: INFO: ******* Delete confirmation accepted *******
08/28/2026 09:16:34 AM: INFO: ********* Delete Customer test passed **********
08/28/2026 09:16:34 AM: INFO: ****** Ending Delete Customer Test *******
08/28/2026 09:16:38 AM: INFO: ******* Editing Customer *******
08/28/2026 09:16:43 AM: INFO: ******* Login Successful *****
08/28/2026 09:16:45 AM: INFO: ******* Customers page opened *******
08/28/2026 09:16:48 AM: INFO: ******* Edit Customer button clicked *******
08/28/2026 09:16:50 AM: INFO: ******* Edit Customer page opened successfully *******
08/28/2026 09:16:52 AM: INFO: ********* Edit Customer test passed **********
08/28/2026 09:16:53 AM: INFO: ****** Ending Edit Customer Test *******
08/28/2026 09:16:58 AM: INFO: ******* Exporting All Customers to Excel *******
08/28/2026 09:17:01 AM: INFO: ******* Download directory: C:\Users\hp\PycharmProjects\Python_Selenium_Hybrid\downloads *******
08/28/2026 09:17:02 AM: INFO: ******* Login Successful *****
08/28/2026 09:17:02 AM: INFO: ****** Starting Export All Customers *******
08/28/2026 09:17:05 AM: INFO: ****** Customers page opened ******
08/28/2026 09:17:08 AM: INFO: ******* Export All Customers Excel button clicked *******
08/28/2026 09:17:09 AM: INFO: ******* Excel Downloaded Successfully: customers.xlsx *******
08/28/2026 09:17:09 AM: INFO: ******* Excel File Verification Successful *******
08/28/2026 09:17:14 AM: INFO: ******* Exporting All Customers to XML *******
08/28/2026 09:17:20 AM: INFO: ******* Download directory: C:\Users\hp\PycharmProjects\Python_Selenium_Hybrid\downloads *******
08/28/2026 09:17:21 AM: INFO: ******* Login Successful *****
08/28/2026 09:17:21 AM: INFO: ****** Starting Export All Customers *******
08/28/2026 09:17:25 AM: INFO: ****** Customers page opened ******
08/28/2026 09:17:28 AM: INFO: ******* Export All Customers XML button clicked *******
08/28/2026 09:17:32 AM: INFO: ******* XML Downloaded Successfully: customers.xml *******
08/28/2026 09:17:32 AM: INFO: ******* XML File Verification Successful *******
08/28/2026 09:17:37 AM: INFO: ******* Exporting Selected Customers to Excel *******
08/28/2026 09:17:40 AM: INFO: ******* Download directory: C:\Users\hp\PycharmProjects\Python_Selenium_Hybrid\downloads *******
08/28/2026 09:17:41 AM: INFO: ******* Login Successful *****
08/28/2026 09:17:41 AM: INFO: ****** Navigating to Customers ******
08/28/2026 09:17:43 AM: INFO: ****** Customers page opened ******
08/28/2026 09:17:46 AM: INFO: ******* Customers Selected Successfully *******
08/28/2026 09:17:47 AM: INFO: ******* Export Selected Excel button clicked *******
08/28/2026 09:17:48 AM: INFO: ******* Excel Downloaded Successfully: customers.xlsx *******
08/28/2026 09:17:48 AM: INFO: ******* Excel File Verification Successful *******
08/28/2026 09:17:53 AM: INFO: ******* Exporting Selected Customers to XML *******
08/28/2026 09:17:56 AM: INFO: ******* Download directory: C:\Users\hp\PycharmProjects\Python_Selenium_Hybrid\downloads *******
08/28/2026 09:17:56 AM: INFO: ******* Login Successful *****
08/28/2026 09:17:56 AM: INFO: ****** Navigating to Customers ******
08/28/2026 09:17:59 AM: INFO: ****** Customers page opened ******
08/28/2026 09:18:01 AM: INFO: ******* Customers Selected Successfully *******
08/28/2026 09:18:03 AM: INFO: ******* Export Selected XML button clicked *******
08/28/2026 09:18:04 AM: INFO: ******* XML Downloaded Successfully: customers.xml *******
08/28/2026 09:18:04 AM: INFO: ******* XML File Verification Successful *******
08/28/2026 09:18:08 AM: INFO: ********Test_001_Login********
08/28/2026 09:18:08 AM: INFO: ********Verify Home Page Title********
08/28/2026 09:18:11 AM: INFO: ********Home Page Title test is passed********
08/28/2026 09:18:16 AM: INFO: ********Verify Login Test********
08/28/2026 09:18:22 AM: INFO: ********Login test Passed********
08/28/2026 09:18:27 AM: INFO: **********Test_002_DDT_Login********
08/28/2026 09:18:27 AM: INFO: ********Verify Login DDT Test********
08/28/2026 09:18:32 AM: INFO: Row 2: *****Test Passed*****
08/28/2026 09:18:36 AM: INFO: Row 3: *****Test Passed*****
08/28/2026 09:18:38 AM: INFO: Row 4: *****Test Passed*****
08/28/2026 09:18:42 AM: INFO: Row 5: *****Test Passed*****
08/28/2026 09:18:45 AM: INFO: Row 6: *****Test Passed*****
08/28/2026 09:18:45 AM: INFO: ****Login DDT Test Passed****
08/28/2026 09:18:45 AM: INFO: ****End of Login DDT Test****
08/28/2026 09:18:45 AM: INFO: *****Completed TC_LoginDDT_002******
08/28/2026 09:18:50 AM: INFO: *******SearchCustomerByEmail_004*********
08/28/2026 09:18:54 AM: INFO: ***********Login Successful**********
08/28/2026 09:18:54 AM: INFO: **********Starting SearchCustomerByEmail_004**********
08/28/2026 09:18:56 AM: INFO: ******** searching customer by emailID***********
08/28/2026 09:18:59 AM: INFO: ********TC_SearchCustomerByEmail_004 Finished**********
08/28/2026 09:19:04 AM: INFO: *******SearchCustomerByName_005*********
08/28/2026 09:19:08 AM: INFO: ***********Login Successful**********
08/28/2026 09:19:08 AM: INFO: **********Starting SearchCustomerByName_005**********
08/28/2026 09:19:10 AM: INFO: ******** searching customer by Name***********
08/28/2026 09:19:14 AM: INFO: ********TC_SearchCustomerByName_005 Finished**********
08/28/2026 09:20:13 AM: INFO: ******* Deleting Customer *******
08/28/2026 09:20:19 AM: INFO: ******* Login Successful *****
08/28/2026 09:20:22 AM: INFO: ******* Customers page opened *******
08/28/2026 09:20:25 AM: INFO: ******* Edit Customer button clicked *******
08/28/2026 09:20:27 AM: INFO: ******* Edit Customer page opened successfully *******
08/28/2026 09:20:27 AM: INFO: ******* Delete Customer button clicked *******
08/28/2026 09:20:28 AM: INFO: ******* Delete confirmation accepted *******
08/28/2026 09:20:28 AM: INFO: ********* Delete Customer test passed **********
08/28/2026 09:20:30 AM: INFO: ****** Ending Delete Customer Test *******
08/28/2026 09:20:41 AM: INFO: ******* Editing Customer *******
08/28/2026 09:20:47 AM: INFO: ******* Login Successful *****
08/28/2026 09:20:49 AM: INFO: ******* Customers page opened *******
08/28/2026 09:20:52 AM: INFO: ******* Edit Customer button clicked *******
08/28/2026 09:20:54 AM: INFO: ******* Edit Customer page opened successfully *******
08/28/2026 09:20:55 AM: INFO: ********* Edit Customer test passed **********
08/28/2026 09:20:57 AM: INFO: ****** Ending Edit Customer Test *******
08/28/2026 09:21:09 AM: INFO: ******* Exporting All Customers to Excel *******
08/28/2026 09:21:11 AM: INFO: ******* Download directory: C:\Users\hp\PycharmProjects\Python_Selenium_Hybrid\downloads *******
08/28/2026 09:21:14 AM: INFO: ******* Login Successful *****
08/28/2026 09:21:14 AM: INFO: ****** Starting Export All Customers *******
08/28/2026 09:21:16 AM: INFO: ****** Customers page opened ******
08/28/2026 09:21:24 AM: INFO: ******* Export All Customers Excel button clicked *******
08/28/2026 09:22:08 AM: INFO: ******* Exporting All Customers to XML *******
08/28/2026 09:22:14 AM: INFO: ******* Download directory: C:\Users\hp\PycharmProjects\Python_Selenium_Hybrid\downloads *******
08/28/2026 09:22:18 AM: INFO: ******* Login Successful *****
08/28/2026 09:22:18 AM: INFO: ****** Starting Export All Customers *******
08/28/2026 09:22:18 AM: INFO: ****** Customers page opened ******
08/28/2026 09:22:32 AM: INFO: ******* Export All Customers XML button clicked *******
08/28/2026 09:23:24 AM: INFO: ******* Exporting Selected Customers to Excel *******
08/28/2026 09:24:02 AM: INFO: ******* Download directory: C:\Users\hp\PycharmProjects\Python_Selenium_Hybrid\downloads *******
08/28/2026 09:24:07 AM: INFO: ******* Login Successful *****
08/28/2026 09:24:07 AM: INFO: ****** Navigating to Customers ******
08/28/2026 09:24:09 AM: INFO: ****** Customers page opened ******
08/28/2026 09:24:12 AM: INFO: ******* Customers Selected Successfully *******
08/28/2026 09:24:18 AM: INFO: ******* Export Selected Excel button clicked *******
08/28/2026 09:25:04 AM: INFO: ******* Exporting Selected Customers to XML *******
08/28/2026 09:25:06 AM: INFO: ******* Download directory: C:\Users\hp\PycharmProjects\Python_Selenium_Hybrid\downloads *******
08/28/2026 09:25:10 AM: INFO: ******* Login Successful *****
08/28/2026 09:25:10 AM: INFO: ****** Navigating to Customers ******
08/28/2026 09:25:12 AM: INFO: ****** Customers page opened ******
08/28/2026 09:25:15 AM: INFO: ******* Customers Selected Successfully *******
08/28/2026 09:25:21 AM: INFO: ******* Export Selected XML button clicked *******
08/28/2026 09:26:12 AM: INFO: ********Test_001_Login********
08/28/2026 09:26:12 AM: INFO: ********Verify Home Page Title********
08/28/2026 09:26:22 AM: INFO: ********Home Page Title test is passed********
08/28/2026 09:26:36 AM: INFO: ********Verify Login Test********
08/28/2026 09:26:42 AM: INFO: ********Login test Passed********
08/28/2026 09:26:56 AM: INFO: **********Test_002_DDT_Login********
08/28/2026 09:26:56 AM: INFO: ********Verify Login DDT Test********
08/28/2026 09:27:03 AM: INFO: Row 2: *****Test Passed*****
08/28/2026 09:27:08 AM: INFO: Row 3: *****Test Passed*****
08/28/2026 09:27:11 AM: INFO: Row 4: *****Test Passed*****
08/28/2026 09:27:13 AM: INFO: Row 5: *****Test Passed*****
08/28/2026 09:27:16 AM: INFO: Row 6: *****Test Passed*****
08/28/2026 09:27:16 AM: INFO: ****Login DDT Test Passed****
08/28/2026 09:27:18 AM: INFO: ****End of Login DDT Test****
08/28/2026 09:27:18 AM: INFO: *****Completed TC_LoginDDT_002******
08/28/2026 09:27:30 AM: INFO: *******SearchCustomerByEmail_004*********
08/28/2026 09:27:36 AM: INFO: ***********Login Successful**********
08/28/2026 09:27:36 AM: INFO: **********Starting SearchCustomerByEmail_004**********
08/28/2026 09:27:37 AM: INFO: ******** searching customer by emailID***********
08/28/2026 09:27:42 AM: INFO: ********TC_SearchCustomerByEmail_004 Finished**********
08/28/2026 09:27:55 AM: INFO: *******SearchCustomerByName_005*********
08/28/2026 09:28:07 AM: INFO: ***********Login Successful**********
08/28/2026 09:28:07 AM: INFO: **********Starting SearchCustomerByName_005**********
08/28/2026 09:28:09 AM: INFO: ******** searching customer by Name***********
08/28/2026 09:28:13 AM: INFO: ********TC_SearchCustomerByName_005 Finished**********
08/28/2026 09:35:51 AM: INFO: ******* Deleting Customer *******
08/28/2026 09:35:57 AM: INFO: ******* Login Successful *****
08/28/2026 09:35:59 AM: INFO: ******* Customers page opened *******
08/28/2026 09:36:02 AM: INFO: ******* Edit Customer button clicked *******
08/28/2026 09:36:04 AM: INFO: ******* Edit Customer page opened successfully *******
08/28/2026 09:36:04 AM: INFO: ******* Delete Customer button clicked *******
08/28/2026 09:36:05 AM: INFO: ******* Delete confirmation accepted *******
08/28/2026 09:36:06 AM: INFO: ********* Delete Customer test passed **********
08/28/2026 09:36:08 AM: INFO: ****** Ending Delete Customer Test *******
08/28/2026 09:36:19 AM: INFO: ******* Editing Customer *******
08/28/2026 09:36:25 AM: INFO: ******* Login Successful *****
08/28/2026 09:36:27 AM: INFO: ******* Customers page opened *******
08/28/2026 09:36:30 AM: INFO: ******* Edit Customer button clicked *******
08/28/2026 09:36:32 AM: INFO: ******* Edit Customer page opened successfully *******
08/28/2026 09:36:33 AM: INFO: ********* Edit Customer test passed **********
08/28/2026 09:36:35 AM: INFO: ****** Ending Edit Customer Test *******
08/28/2026 09:36:47 AM: INFO: ******* Exporting All Customers to Excel *******
08/28/2026 09:36:49 AM: INFO: ******* Download directory: C:\Users\hp\PycharmProjects\Python_Selenium_Hybrid\downloads *******
08/28/2026 09:36:52 AM: INFO: ******* Login Successful *****
08/28/2026 09:36:52 AM: INFO: ****** Starting Export All Customers *******
08/28/2026 09:36:54 AM: INFO: ****** Customers page opened ******
08/28/2026 09:37:03 AM: INFO: ******* Export All Customers Excel button clicked *******
08/28/2026 09:37:48 AM: INFO: ******* Exporting All Customers to XML *******
08/28/2026 09:37:50 AM: INFO: ******* Download directory: C:\Users\hp\PycharmProjects\Python_Selenium_Hybrid\downloads *******
08/28/2026 09:37:54 AM: INFO: ******* Login Successful *****
08/28/2026 09:37:54 AM: INFO: ****** Starting Export All Customers *******
08/28/2026 09:37:56 AM: INFO: ****** Customers page opened ******
08/28/2026 09:38:04 AM: INFO: ******* Export All Customers XML button clicked *******
08/28/2026 09:38:50 AM: INFO: ******* Exporting Selected Customers to Excel *******
08/28/2026 09:38:53 AM: INFO: ******* Download directory: C:\Users\hp\PycharmProjects\Python_Selenium_Hybrid\downloads *******
08/28/2026 09:38:57 AM: INFO: ******* Login Successful *****
08/28/2026 09:38:57 AM: INFO: ****** Navigating to Customers ******
08/28/2026 09:38:58 AM: INFO: ****** Customers page opened ******
08/28/2026 09:39:01 AM: INFO: ******* Customers Selected Successfully *******
08/28/2026 09:39:07 AM: INFO: ******* Export Selected Excel button clicked *******
08/28/2026 09:39:53 AM: INFO: ******* Exporting Selected Customers to XML *******
08/28/2026 09:39:55 AM: INFO: ******* Download directory: C:\Users\hp\PycharmProjects\Python_Selenium_Hybrid\downloads *******
08/28/2026 09:39:58 AM: INFO: ******* Login Successful *****
08/28/2026 09:39:58 AM: INFO: ****** Navigating to Customers ******
08/28/2026 09:40:00 AM: INFO: ****** Customers page opened ******
08/28/2026 09:40:02 AM: INFO: ******* Customers Selected Successfully *******
08/28/2026 09:40:08 AM: INFO: ******* Export Selected XML button clicked *******
08/28/2026 09:40:52 AM: INFO: ********Test_001_Login********
08/28/2026 09:40:52 AM: INFO: ********Verify Home Page Title********
08/28/2026 09:40:54 AM: INFO: ********Home Page Title test is passed********
08/28/2026 09:41:14 AM: INFO: ********Verify Login Test********
08/28/2026 09:41:20 AM: INFO: ********Login test Passed********
08/28/2026 09:41:34 AM: INFO: **********Test_002_DDT_Login********
08/28/2026 09:41:34 AM: INFO: ********Verify Login DDT Test********
08/28/2026 09:41:42 AM: INFO: Row 2: *****Test Passed*****
08/28/2026 09:41:46 AM: INFO: Row 3: *****Test Passed*****
08/28/2026 09:41:49 AM: INFO: Row 4: *****Test Passed*****
08/28/2026 09:41:52 AM: INFO: Row 5: *****Test Passed*****
08/28/2026 09:41:55 AM: INFO: Row 6: *****Test Passed*****
08/28/2026 09:41:55 AM: INFO: ****Login DDT Test Passed****
08/28/2026 09:41:56 AM: INFO: ****End of Login DDT Test****
08/28/2026 09:41:56 AM: INFO: *****Completed TC_LoginDDT_002******
08/28/2026 09:42:07 AM: INFO: *******SearchCustomerByEmail_004*********
08/28/2026 09:42:13 AM: INFO: ***********Login Successful**********
08/28/2026 09:42:13 AM: INFO: **********Starting SearchCustomerByEmail_004**********
08/28/2026 09:42:15 AM: INFO: ******** searching customer by emailID***********
08/28/2026 09:42:18 AM: INFO: ********TC_SearchCustomerByEmail_004 Finished**********
08/28/2026 09:42:39 AM: INFO: *******SearchCustomerByName_005*********
08/28/2026 09:42:44 AM: INFO: ***********Login Successful**********
08/28/2026 09:42:44 AM: INFO: **********Starting SearchCustomerByName_005**********
08/28/2026 09:42:47 AM: INFO: ******** searching customer by Name***********
08/28/2026 09:42:51 AM: INFO: ********TC_SearchCustomerByName_005 Finished**********
08/28/2026 10:01:39 AM: INFO: ******* Deleting Customer *******
08/28/2026 10:01:48 AM: INFO: ******* Login Successful *****
08/28/2026 10:01:49 AM: INFO: ******* Customers page opened *******
08/28/2026 10:01:52 AM: INFO: ******* Edit Customer button clicked *******
08/28/2026 10:01:54 AM: INFO: ******* Edit Customer page opened successfully *******
08/28/2026 10:01:54 AM: INFO: ******* Delete Customer button clicked *******
08/28/2026 10:01:55 AM: INFO: ******* Delete confirmation accepted *******
08/28/2026 10:01:56 AM: INFO: ********* Delete Customer test passed **********
08/28/2026 10:01:58 AM: INFO: ****** Ending Delete Customer Test *******
08/28/2026 10:02:09 AM: INFO: ******* Editing Customer *******
08/28/2026 10:02:15 AM: INFO: ******* Login Successful *****
08/28/2026 10:02:17 AM: INFO: ******* Customers page opened *******
08/28/2026 10:02:20 AM: INFO: ******* Edit Customer button clicked *******
08/28/2026 10:02:22 AM: INFO: ******* Edit Customer page opened successfully *******
08/28/2026 10:02:23 AM: INFO: ********* Edit Customer test passed **********
08/28/2026 10:02:25 AM: INFO: ****** Ending Edit Customer Test *******
08/28/2026 10:02:36 AM: INFO: ******* Exporting All Customers to Excel *******
08/28/2026 10:02:39 AM: INFO: ******* Download directory: C:\Users\hp\PycharmProjects\Python_Selenium_Hybrid\downloads *******
08/28/2026 10:02:43 AM: INFO: ******* Login Successful *****
08/28/2026 10:02:43 AM: INFO: ****** Starting Export All Customers *******
08/28/2026 10:02:45 AM: INFO: ****** Customers page opened ******
08/28/2026 10:02:53 AM: INFO: ******* Export All Customers Excel button clicked *******
08/28/2026 10:03:55 AM: INFO: ******* Exporting All Customers to XML *******
08/28/2026 10:04:00 AM: INFO: ******* Download directory: C:\Users\hp\PycharmProjects\Python_Selenium_Hybrid\downloads *******
08/28/2026 10:04:02 AM: INFO: ******* Login Successful *****
08/28/2026 10:04:02 AM: INFO: ****** Starting Export All Customers *******
08/28/2026 10:04:04 AM: INFO: ****** Customers page opened ******
08/28/2026 10:04:12 AM: INFO: ******* Export All Customers XML button clicked *******
08/28/2026 10:04:56 AM: INFO: ******* Exporting Selected Customers to Excel *******
08/28/2026 10:05:00 AM: INFO: ******* Download directory: C:\Users\hp\PycharmProjects\Python_Selenium_Hybrid\downloads *******
08/28/2026 10:05:03 AM: INFO: ******* Login Successful *****
08/28/2026 10:05:03 AM: INFO: ****** Navigating to Customers ******
08/28/2026 10:05:05 AM: INFO: ****** Customers page opened ******
08/28/2026 10:05:07 AM: INFO: ******* Customers Selected Successfully *******
08/28/2026 10:05:14 AM: INFO: ******* Export Selected Excel button clicked *******
08/28/2026 10:05:58 AM: INFO: ******* Exporting Selected Customers to XML *******
08/28/2026 10:06:41 AM: INFO: ******* Download directory: C:\Users\hp\PycharmProjects\Python_Selenium_Hybrid\downloads *******
08/28/2026 10:06:42 AM: INFO: ******* Login Successful *****
08/28/2026 10:06:42 AM: INFO: ****** Navigating to Customers ******
08/28/2026 10:06:43 AM: INFO: ****** Customers page opened ******
08/28/2026 10:06:52 AM: INFO: ******* Customers Selected Successfully *******
08/28/2026 10:06:59 AM: INFO: ******* Export Selected XML button clicked *******
08/28/2026 10:07:42 AM: INFO: ********Test_001_Login********
08/28/2026 10:07:42 AM: INFO: ********Verify Home Page Title********
08/28/2026 10:07:44 AM: INFO: ********Home Page Title test is passed********
08/28/2026 10:08:00 AM: INFO: ********Verify Login Test********
08/28/2026 10:08:08 AM: INFO: ********Login test Passed********
08/28/2026 10:08:23 AM: INFO: **********Test_002_DDT_Login********
08/28/2026 10:08:23 AM: INFO: ********Verify Login DDT Test********
08/28/2026 10:08:28 AM: INFO: Row 2: *****Test Passed*****
08/28/2026 10:08:39 AM: INFO: Row 3: *****Test Passed*****
08/28/2026 10:09:20 AM: INFO: Row 4: *****Test Passed*****
08/28/2026 10:09:23 AM: INFO: Row 5: *****Test Passed*****
08/28/2026 10:10:09 AM: INFO: Row 6: *****Test Passed*****
08/28/2026 10:10:09 AM: INFO: ****Login DDT Test Passed****
08/28/2026 10:10:11 AM: INFO: ****End of Login DDT Test****
08/28/2026 10:10:11 AM: INFO: *****Completed TC_LoginDDT_002******
08/28/2026 10:10:23 AM: INFO: *******SearchCustomerByEmail_004*********
08/28/2026 10:10:38 AM: INFO: ***********Login Successful**********
08/28/2026 10:10:38 AM: INFO: **********Starting SearchCustomerByEmail_004**********
08/28/2026 10:10:40 AM: INFO: ******** searching customer by emailID***********
08/28/2026 10:10:51 AM: INFO: ********TC_SearchCustomerByEmail_004 Finished**********
08/28/2026 10:11:15 AM: INFO: *******SearchCustomerByName_005*********
08/28/2026 10:11:28 AM: INFO: ***********Login Successful**********
08/28/2026 10:11:28 AM: INFO: **********Starting SearchCustomerByName_005**********
08/28/2026 10:11:30 AM: INFO: ******** searching customer by Name***********
08/28/2026 10:11:34 AM: INFO: ********TC_SearchCustomerByName_005 Finished**********
08/28/2026 10:13:17 AM: INFO: *******SearchCustomerByEmail_004*********
08/28/2026 10:13:22 AM: INFO: ***********Login Successful**********
08/28/2026 10:13:22 AM: INFO: **********Starting SearchCustomerByEmail_004**********
08/28/2026 10:13:35 AM: INFO: ******** searching customer by emailID***********
08/28/2026 10:13:39 AM: INFO: ********TC_SearchCustomerByEmail_004 Finished**********
08/28/2026 10:56:12 AM: INFO: *******SearchCustomerByEmail_004*********
08/28/2026 10:56:26 AM: INFO: ***********Login Successful**********
08/28/2026 10:56:26 AM: INFO: **********Starting SearchCustomerByEmail_004**********
08/28/2026 10:56:31 AM: INFO: ******** searching customer by emailID***********
08/28/2026 10:56:35 AM: INFO: ********TC_SearchCustomerByEmail_004 Finished**********
08/28/2026 10:59:46 AM: INFO: *******SearchCustomerByName_005*********
08/28/2026 10:59:55 AM: INFO: ***********Login Successful**********
08/28/2026 10:59:55 AM: INFO: **********Starting SearchCustomerByName_005**********
08/28/2026 10:59:56 AM: INFO: ******** searching customer by Name***********
08/28/2026 11:00:00 AM: INFO: ********TC_SearchCustomerByName_005 Finished**********
08/28/2026 01:07:43 PM: INFO: *******SearchCustomerByName_005*********
08/28/2026 01:07:58 PM: INFO: ***********Login Successful**********
08/28/2026 01:07:58 PM: INFO: **********Starting SearchCustomerByName_005**********
08/28/2026 01:07:59 PM: INFO: ******** searching customer by Name***********
08/28/2026 01:08:04 PM: INFO: ********TC_SearchCustomerByName_005 Finished**********
08/28/2026 01:10:07 PM: INFO: ******* Deleting Customer *******
08/28/2026 01:10:13 PM: INFO: ******* Login Successful *****
08/28/2026 01:10:17 PM: INFO: ******* Customers page opened *******
08/28/2026 01:10:27 PM: INFO: ******* Edit Customer button clicked *******
08/28/2026 01:10:29 PM: INFO: ******* Edit Customer page opened successfully *******
08/28/2026 01:10:29 PM: INFO: ******* Delete Customer button clicked *******
08/28/2026 01:10:30 PM: INFO: ******* Delete confirmation accepted *******
08/28/2026 01:10:31 PM: INFO: ********* Delete Customer test passed **********
08/28/2026 01:10:33 PM: INFO: ****** Ending Delete Customer Test *******
08/28/2026 01:10:45 PM: INFO: ******* Editing Customer *******
08/28/2026 01:10:50 PM: INFO: ******* Login Successful *****
08/28/2026 01:10:52 PM: INFO: ******* Customers page opened *******
08/28/2026 01:10:56 PM: INFO: ******* Edit Customer button clicked *******
08/28/2026 01:10:58 PM: INFO: ******* Edit Customer page opened successfully *******
08/28/2026 01:10:59 PM: INFO: ********* Edit Customer test passed **********
08/28/2026 01:11:01 PM: INFO: ****** Ending Edit Customer Test *******
08/28/2026 01:11:13 PM: INFO: ******* Exporting All Customers to Excel *******
08/28/2026 01:11:15 PM: INFO: ******* Download directory: C:\Users\hp\PycharmProjects\Python_Selenium_Hybrid\downloads *******
08/28/2026 01:11:18 PM: INFO: ******* Login Successful *****
08/28/2026 01:11:18 PM: INFO: ****** Starting Export All Customers *******
08/28/2026 01:11:20 PM: INFO: ****** Customers page opened ******
08/28/2026 01:11:29 PM: INFO: ******* Export All Customers Excel button clicked *******
08/28/2026 01:12:15 PM: INFO: ******* Exporting All Customers to XML *******
08/28/2026 01:12:17 PM: INFO: ******* Download directory: C:\Users\hp\PycharmProjects\Python_Selenium_Hybrid\downloads *******
08/28/2026 01:12:21 PM: INFO: ******* Login Successful *****
08/28/2026 01:12:21 PM: INFO: ****** Starting Export All Customers *******
08/28/2026 01:12:30 PM: INFO: ****** Customers page opened ******
08/28/2026 01:12:39 PM: INFO: ******* Export All Customers XML button clicked *******
08/28/2026 01:13:24 PM: INFO: ******* Exporting Selected Customers to Excel *******
08/28/2026 01:13:27 PM: INFO: ******* Download directory: C:\Users\hp\PycharmProjects\Python_Selenium_Hybrid\downloads *******
08/28/2026 01:13:30 PM: INFO: ******* Login Successful *****
08/28/2026 01:13:30 PM: INFO: ****** Navigating to Customers ******
08/28/2026 01:13:32 PM: INFO: ****** Customers page opened ******
08/28/2026 01:13:35 PM: INFO: ******* Customers Selected Successfully *******
08/28/2026 01:13:41 PM: INFO: ******* Export Selected Excel button clicked *******
08/28/2026 01:14:26 PM: INFO: ******* Exporting Selected Customers to XML *******
08/28/2026 01:14:28 PM: INFO: ******* Download directory: C:\Users\hp\PycharmProjects\Python_Selenium_Hybrid\downloads *******
08/28/2026 01:14:32 PM: INFO: ******* Login Successful *****
08/28/2026 01:14:32 PM: INFO: ****** Navigating to Customers ******
08/28/2026 01:14:38 PM: INFO: ****** Customers page opened ******
08/28/2026 01:14:40 PM: INFO: ******* Customers Selected Successfully *******
08/28/2026 01:14:47 PM: INFO: ******* Export Selected XML button clicked *******
08/28/2026 01:15:33 PM: INFO: ********Test_001_Login********
08/28/2026 01:15:33 PM: INFO: ********Verify Home Page Title********
08/28/2026 01:15:36 PM: INFO: ********Home Page Title test is passed********
08/28/2026 01:15:43 PM: INFO: **********Test_003_AddCustomer**********
08/28/2026 01:15:50 PM: INFO: *********Login Successful**********
08/28/2026 01:15:50 PM: INFO: *****Starting Add Customer Test*******
08/28/2026 01:15:53 PM: INFO: ********Providing customer info**********
08/28/2026 01:15:56 PM: INFO: ********Customer information provided**********
08/28/2026 01:15:57 PM: INFO: ********Saving customer info**********
08/28/2026 01:15:58 PM: INFO: Success message: ×
The new customer has been added successfully.
08/28/2026 01:15:58 PM: INFO: ********Customer added successfully**********
08/28/2026 01:15:58 PM: INFO: ********Verifying customer in Customers grid**********
08/28/2026 01:15:58 PM: INFO: ********Customers page opened**********
08/28/2026 01:16:04 PM: INFO: ********Verify Login Test********
08/28/2026 01:16:10 PM: INFO: ********Login test Passed********
08/28/2026 01:16:29 PM: INFO: **********Test_002_DDT_Login********
08/28/2026 01:16:29 PM: INFO: ********Verify Login DDT Test********
08/28/2026 01:16:44 PM: INFO: Row 2: *****Test Passed*****
08/28/2026 01:16:48 PM: INFO: Row 3: *****Test Passed*****
08/28/2026 01:16:51 PM: INFO: Row 4: *****Test Passed*****
08/28/2026 01:16:54 PM: INFO: Row 5: *****Test Passed*****
08/28/2026 01:16:57 PM: INFO: Row 6: *****Test Passed*****
08/28/2026 01:16:57 PM: INFO: ****Login DDT Test Passed****
08/28/2026 01:16:59 PM: INFO: ****End of Login DDT Test****
08/28/2026 01:16:59 PM: INFO: *****Completed TC_LoginDDT_002******
08/28/2026 01:17:10 PM: INFO: *******SearchCustomerByEmail_004*********
08/28/2026 01:17:21 PM: INFO: ***********Login Successful**********
08/28/2026 01:17:21 PM: INFO: **********Starting SearchCustomerByEmail_004**********
08/28/2026 01:17:24 PM: INFO: ******** searching customer by emailID***********
08/28/2026 01:17:28 PM: INFO: ********TC_SearchCustomerByEmail_004 Finished**********
08/28/2026 01:17:42 PM: INFO: *******SearchCustomerByName_005*********
08/28/2026 01:17:48 PM: INFO: ***********Login Successful**********
08/28/2026 01:17:48 PM: INFO: **********Starting SearchCustomerByName_005**********
08/28/2026 01:17:56 PM: INFO: ******** searching customer by Name***********
08/28/2026 01:18:00 PM: INFO: ********TC_SearchCustomerByName_005 Finished**********
08/28/2026 01:24:05 PM: INFO: ******* Deleting Customer *******
08/28/2026 01:24:12 PM: INFO: ******* Login Successful *****
08/28/2026 01:24:14 PM: INFO: ******* Customers page opened *******
08/28/2026 01:24:17 PM: INFO: ******* Edit Customer button clicked *******
08/28/2026 01:24:19 PM: INFO: ******* Edit Customer page opened successfully *******
08/28/2026 01:24:19 PM: INFO: ******* Delete Customer button clicked *******
08/28/2026 01:24:21 PM: INFO: ******* Delete confirmation accepted *******
08/28/2026 01:24:21 PM: INFO: ********* Delete Customer test passed **********
08/28/2026 01:24:23 PM: INFO: ****** Ending Delete Customer Test *******
08/28/2026 01:24:35 PM: INFO: ******* Editing Customer *******
08/28/2026 01:24:40 PM: INFO: ******* Login Successful *****
08/28/2026 01:24:43 PM: INFO: ******* Customers page opened *******
08/28/2026 01:24:45 PM: INFO: ******* Edit Customer button clicked *******
08/28/2026 01:24:47 PM: INFO: ******* Edit Customer page opened successfully *******
08/28/2026 01:24:49 PM: INFO: ********* Edit Customer test passed **********
08/28/2026 01:24:51 PM: INFO: ****** Ending Edit Customer Test *******
08/28/2026 01:25:03 PM: INFO: ******* Exporting All Customers to Excel *******
08/28/2026 01:25:06 PM: INFO: ******* Download directory: C:\Users\hp\PycharmProjects\Python_Selenium_Hybrid\downloads *******
08/28/2026 01:25:08 PM: INFO: ******* Login Successful *****
08/28/2026 01:25:08 PM: INFO: ****** Starting Export All Customers *******
08/28/2026 01:25:10 PM: INFO: ****** Customers page opened ******
08/28/2026 01:25:18 PM: INFO: ******* Export All Customers Excel button clicked *******
08/28/2026 01:26:04 PM: INFO: ******* Exporting All Customers to XML *******
08/28/2026 01:26:06 PM: INFO: ******* Download directory: C:\Users\hp\PycharmProjects\Python_Selenium_Hybrid\downloads *******
08/28/2026 01:26:09 PM: INFO: ******* Login Successful *****
08/28/2026 01:26:09 PM: INFO: ****** Starting Export All Customers *******
08/28/2026 01:26:13 PM: INFO: ****** Customers page opened ******
08/28/2026 01:26:22 PM: INFO: ******* Export All Customers XML button clicked *******
08/28/2026 01:27:06 PM: INFO: ******* Exporting Selected Customers to Excel *******
08/28/2026 01:27:08 PM: INFO: ******* Download directory: C:\Users\hp\PycharmProjects\Python_Selenium_Hybrid\downloads *******
08/28/2026 01:27:10 PM: INFO: ******* Login Successful *****
08/28/2026 01:27:10 PM: INFO: ****** Navigating to Customers ******
08/28/2026 01:27:14 PM: INFO: ****** Customers page opened ******
08/28/2026 01:27:16 PM: INFO: ******* Customers Selected Successfully *******
08/28/2026 01:27:23 PM: INFO: ******* Export Selected Excel button clicked *******
08/28/2026 01:28:07 PM: INFO: ******* Exporting Selected Customers to XML *******
08/28/2026 01:28:08 PM: INFO: ******* Download directory: C:\Users\hp\PycharmProjects\Python_Selenium_Hybrid\downloads *******
08/28/2026 01:28:11 PM: INFO: ******* Login Successful *****
08/28/2026 01:28:11 PM: INFO: ****** Navigating to Customers ******
08/28/2026 01:28:15 PM: INFO: ****** Customers page opened ******
08/28/2026 01:28:17 PM: INFO: ******* Customers Selected Successfully *******
08/28/2026 01:28:23 PM: INFO: ******* Export Selected XML button clicked *******
08/28/2026 01:29:12 PM: INFO: ********Test_001_Login********
08/28/2026 01:29:12 PM: INFO: ********Verify Home Page Title********
08/28/2026 01:29:16 PM: INFO: ********Home Page Title test is passed********
08/28/2026 01:29:38 PM: INFO: ********Verify Login Test********
08/28/2026 01:29:43 PM: INFO: ********Login test Passed********
08/28/2026 01:29:59 PM: INFO: **********Test_002_DDT_Login********
08/28/2026 01:29:59 PM: INFO: ********Verify Login DDT Test********
08/28/2026 01:30:08 PM: INFO: Row 2: *****Test Passed*****
08/28/2026 01:30:13 PM: INFO: Row 3: *****Test Passed*****
08/28/2026 01:30:16 PM: INFO: Row 4: *****Test Passed*****
08/28/2026 01:30:19 PM: INFO: Row 5: *****Test Passed*****
08/28/2026 01:30:22 PM: INFO: Row 6: *****Test Passed*****
08/28/2026 01:30:22 PM: INFO: ****Login DDT Test Passed****
08/28/2026 01:30:24 PM: INFO: ****End of Login DDT Test****
08/28/2026 01:30:24 PM: INFO: *****Completed TC_LoginDDT_002******
08/28/2026 01:30:41 PM: INFO: *******SearchCustomerByEmail_004*********
08/28/2026 01:30:46 PM: INFO: ***********Login Successful**********
08/28/2026 01:30:46 PM: INFO: **********Starting SearchCustomerByEmail_004**********
08/28/2026 01:30:51 PM: INFO: ******** searching customer by emailID***********
08/28/2026 01:30:56 PM: INFO: ********TC_SearchCustomerByEmail_004 Finished**********
08/28/2026 01:31:10 PM: INFO: *******SearchCustomerByName_005*********
08/28/2026 01:31:15 PM: INFO: ***********Login Successful**********
08/28/2026 01:31:15 PM: INFO: **********Starting SearchCustomerByName_005**********
08/28/2026 01:31:17 PM: INFO: ******** searching customer by Name***********
08/28/2026 01:31:22 PM: INFO: ********TC_SearchCustomerByName_005 Finished**********
08/28/2026 01:36:24 PM: INFO: **********Test_003_AddCustomer**********
08/28/2026 01:36:30 PM: INFO: *********Login Successful**********
08/28/2026 01:36:30 PM: INFO: *****Starting Add Customer Test*******
08/28/2026 01:36:35 PM: INFO: ********Providing customer info**********
08/28/2026 01:36:37 PM: INFO: ********Customer information provided**********
08/28/2026 01:36:38 PM: INFO: ********Saving customer info**********
08/28/2026 01:36:38 PM: INFO: Success message: ×
The new customer has been added successfully.
08/28/2026 01:36:38 PM: INFO: ********Customer added successfully**********
08/28/2026 01:36:38 PM: INFO: ********Verifying customer in Customers grid**********
08/28/2026 01:36:39 PM: INFO: ********Customers page opened**********
08/28/2026 01:58:12 PM: INFO: **********Test_003_AddCustomer**********
08/28/2026 01:58:32 PM: INFO: *********Login Successful**********
08/28/2026 01:58:32 PM: INFO: *****Starting Add Customer Test*******
08/28/2026 01:58:38 PM: INFO: ********Providing customer info**********
08/28/2026 01:58:41 PM: INFO: ********Customer information provided**********
08/28/2026 01:58:42 PM: INFO: ********Saving customer info**********
08/28/2026 01:58:42 PM: INFO: Success message: ×
The new customer has been added successfully.
08/28/2026 01:58:42 PM: INFO: ********Customer added successfully**********
08/28/2026 01:58:42 PM: INFO: ********Verifying customer in Customers grid**********
08/28/2026 01:58:42 PM: INFO: ********Customers page opened**********
08/28/2026 02:16:42 PM: INFO: **********Test_003_AddCustomer**********
08/28/2026 02:16:49 PM: INFO: *********Login Successful**********
08/28/2026 02:16:49 PM: INFO: *****Starting Add Customer Test*******
08/28/2026 02:16:53 PM: INFO: ********Providing customer info**********
08/28/2026 02:16:55 PM: INFO: ********Customer information provided**********
08/28/2026 02:16:56 PM: INFO: ********Saving customer info**********
08/28/2026 02:16:56 PM: INFO: Success message: ×
The new customer has been added successfully.
08/28/2026 02:16:56 PM: INFO: ********Customer added successfully**********
08/28/2026 02:16:56 PM: INFO: ********Verifying customer in Customers grid**********
08/28/2026 02:16:56 PM: INFO: ********Customers page opened**********
08/28/2026 02:17:00 PM: INFO: ********Searching for nqah885c@gmail.com**********
08/28/2026 02:17:00 PM: INFO: ********Customer found in Customers grid**********
08/28/2026 02:17:00 PM: INFO: ********Add customer test passed**********
08/28/2026 04:06:11 PM: INFO: ******* Deleting Customer *******
08/28/2026 04:06:19 PM: INFO: ******* Login Successful *****
08/28/2026 04:06:22 PM: INFO: ******* Customers page opened *******
08/28/2026 04:06:25 PM: INFO: ******* Edit Customer button clicked *******
08/28/2026 04:06:27 PM: INFO: ******* Edit Customer page opened successfully *******
08/28/2026 04:06:28 PM: INFO: ******* Delete Customer button clicked *******
08/28/2026 04:06:28 PM: INFO: ******* Delete confirmation accepted *******
08/28/2026 04:06:29 PM: INFO: ********* Delete Customer test passed **********
08/28/2026 04:06:29 PM: INFO: ****** Ending Delete Customer Test *******
08/28/2026 04:06:37 PM: INFO: ******* Editing Customer *******
08/28/2026 04:06:43 PM: INFO: ******* Login Successful *****
08/28/2026 04:06:45 PM: INFO: ******* Customers page opened *******
08/28/2026 04:06:48 PM: INFO: ******* Edit Customer button clicked *******
08/28/2026 04:06:50 PM: INFO: ******* Edit Customer page opened successfully *******
08/28/2026 04:06:52 PM: INFO: ********* Edit Customer test passed **********
08/28/2026 04:06:53 PM: INFO: ****** Ending Edit Customer Test *******
08/28/2026 04:06:57 PM: INFO: **********Test_003_AddCustomer**********
08/28/2026 04:07:02 PM: INFO: *********Login Successful**********
08/28/2026 04:07:02 PM: INFO: *****Starting Add Customer Test*******
08/28/2026 04:07:05 PM: INFO: ********Providing customer info**********
08/28/2026 04:07:07 PM: INFO: ********Customer information provided**********
08/28/2026 04:07:08 PM: INFO: ********Saving customer info**********
08/28/2026 04:07:08 PM: INFO: Success message: ×
The new customer has been added successfully.
08/28/2026 04:07:08 PM: INFO: ********Customer added successfully**********
08/28/2026 04:07:08 PM: INFO: ********Verifying customer in Customers grid**********
08/28/2026 04:07:09 PM: INFO: ********Customers page opened**********
08/28/2026 04:07:09 PM: INFO: ********Searching for qxb0z1y6@gmail.com**********
08/28/2026 04:07:09 PM: INFO: ********Customer found in Customers grid**********
08/28/2026 04:07:09 PM: INFO: ********Add customer test passed**********
08/28/2026 04:07:17 PM: INFO: ******* Exporting All Customers to Excel *******
08/28/2026 04:07:20 PM: INFO: ******* Download directory: C:\Users\hp\PycharmProjects\Python_Selenium_Hybrid\downloads *******
08/28/2026 04:07:22 PM: INFO: ******* Login Successful *****
08/28/2026 04:07:22 PM: INFO: ****** Starting Export All Customers *******
08/28/2026 04:07:24 PM: INFO: ****** Customers page opened ******
08/28/2026 04:07:29 PM: INFO: ******* Export All Customers Excel button clicked *******
08/28/2026 04:07:33 PM: INFO: ******* Excel Downloaded Successfully: customers.xlsx *******
08/28/2026 04:07:33 PM: INFO: ******* Excel File Verification Successful *******
08/28/2026 04:07:38 PM: INFO: ******* Exporting All Customers to XML *******
08/28/2026 04:07:43 PM: INFO: ******* Download directory: C:\Users\hp\PycharmProjects\Python_Selenium_Hybrid\downloads *******
08/28/2026 04:07:44 PM: INFO: ******* Login Successful *****
08/28/2026 04:07:44 PM: INFO: ****** Starting Export All Customers *******
08/28/2026 04:07:51 PM: INFO: ****** Customers page opened ******
08/28/2026 04:07:55 PM: INFO: ******* Export All Customers XML button clicked *******
08/28/2026 04:07:59 PM: INFO: ******* XML Downloaded Successfully: customers.xml *******
08/28/2026 04:07:59 PM: INFO: ******* XML File Verification Successful *******
08/28/2026 04:08:05 PM: INFO: ******* Exporting Selected Customers to Excel *******
08/28/2026 04:08:08 PM: INFO: ******* Download directory: C:\Users\hp\PycharmProjects\Python_Selenium_Hybrid\downloads *******
08/28/2026 04:08:10 PM: INFO: ******* Login Successful *****
08/28/2026 04:08:10 PM: INFO: ****** Navigating to Customers ******
08/28/2026 04:08:14 PM: INFO: ****** Customers page opened ******
08/28/2026 04:08:16 PM: INFO: ******* Customers Selected Successfully *******
08/28/2026 04:08:18 PM: INFO: ******* Export Selected Excel button clicked *******
08/28/2026 04:08:23 PM: INFO: ******* Excel Downloaded Successfully: customers.xlsx *******
08/28/2026 04:08:23 PM: INFO: ******* Excel File Verification Successful *******
08/28/2026 04:08:29 PM: INFO: ******* Exporting Selected Customers to XML *******
08/28/2026 04:08:32 PM: INFO: ******* Download directory: C:\Users\hp\PycharmProjects\Python_Selenium_Hybrid\downloads *******
08/28/2026 04:08:33 PM: INFO: ******* Login Successful *****
08/28/2026 04:08:33 PM: INFO: ****** Navigating to Customers ******
08/28/2026 04:08:36 PM: INFO: ****** Customers page opened ******
08/28/2026 04:08:39 PM: INFO: ******* Customers Selected Successfully *******
08/28/2026 04:08:40 PM: INFO: ******* Export Selected XML button clicked *******
08/28/2026 04:08:43 PM: INFO: ******* XML Downloaded Successfully: customers.xml *******
08/28/2026 04:08:43 PM: INFO: ******* XML File Verification Successful *******
08/28/2026 04:08:52 PM: INFO: ********Test_001_Login********
08/28/2026 04:08:52 PM: INFO: ********Verify Home Page Title********
08/28/2026 04:08:56 PM: INFO: ********Home Page Title test is passed********
08/28/2026 04:09:04 PM: INFO: ********Verify Login Test********
08/28/2026 04:09:10 PM: INFO: ********Login test Passed********
08/28/2026 04:09:15 PM: INFO: **********Test_002_DDT_Login********
08/28/2026 04:09:15 PM: INFO: ********Verify Login DDT Test********
08/28/2026 04:09:23 PM: INFO: Row 2: *****Test Passed*****
08/28/2026 04:09:27 PM: INFO: Row 3: *****Test Passed*****
08/28/2026 04:09:31 PM: INFO: Row 4: *****Test Passed*****
08/28/2026 04:09:34 PM: INFO: Row 5: *****Test Passed*****
08/28/2026 04:09:37 PM: INFO: Row 6: *****Test Passed*****
08/28/2026 04:09:37 PM: INFO: ****Login DDT Test Passed****
08/28/2026 04:09:37 PM: INFO: ****End of Login DDT Test****
08/28/2026 04:09:37 PM: INFO: *****Completed TC_LoginDDT_002******
08/28/2026 04:09:42 PM: INFO: *******SearchCustomerByEmail_004*********
08/28/2026 04:09:47 PM: INFO: ***********Login Successful**********
08/28/2026 04:09:47 PM: INFO: **********Starting SearchCustomerByEmail_004**********
08/28/2026 04:09:48 PM: INFO: ******** searching customer by emailID***********
08/28/2026 04:09:51 PM: INFO: ********TC_SearchCustomerByEmail_004 Finished**********
08/28/2026 04:09:56 PM: INFO: *******SearchCustomerByName_005*********
08/28/2026 04:10:03 PM: INFO: ***********Login Successful**********
08/28/2026 04:10:03 PM: INFO: **********Starting SearchCustomerByName_005**********
08/28/2026 04:10:05 PM: INFO: ******** searching customer by Name***********
08/28/2026 04:10:09 PM: INFO: ********TC_SearchCustomerByName_005 Finished**********
08/29/2026 10:48:45 AM: INFO: ******* Deleting Customer *******
08/29/2026 10:49:04 AM: INFO: ******* Login Successful *****
08/29/2026 10:49:07 AM: INFO: ******* Customers page opened *******
08/29/2026 10:49:11 AM: INFO: ******* Edit Customer button clicked *******
08/29/2026 10:49:13 AM: INFO: ******* Edit Customer page opened successfully *******
08/29/2026 10:49:13 AM: INFO: ******* Delete Customer button clicked *******
08/29/2026 10:49:14 AM: INFO: ******* Delete confirmation accepted *******
08/29/2026 10:49:15 AM: INFO: ********* Delete Customer test passed **********
08/29/2026 10:49:15 AM: INFO: ****** Ending Delete Customer Test *******
08/29/2026 10:49:20 AM: INFO: ******* Editing Customer *******
08/29/2026 10:49:24 AM: INFO: ******* Login Successful *****
08/29/2026 10:49:33 AM: INFO: ******* Customers page opened *******
08/29/2026 10:49:36 AM: INFO: ******* Edit Customer button clicked *******
08/29/2026 10:49:39 AM: INFO: ******* Edit Customer page opened successfully *******
08/29/2026 10:49:41 AM: INFO: ********* Edit Customer test passed **********
08/29/2026 10:49:41 AM: INFO: ****** Ending Edit Customer Test *******
08/29/2026 10:49:48 AM: INFO: **********Test_003_AddCustomer**********
08/29/2026 10:49:51 AM: INFO: *********Login Successful**********
08/29/2026 10:49:51 AM: INFO: *****Starting Add Customer Test*******
08/29/2026 10:49:55 AM: INFO: ********Providing customer info**********
08/29/2026 10:49:57 AM: INFO: ********Customer information provided**********
08/29/2026 10:49:57 AM: INFO: ********Saving customer info**********
08/29/2026 10:49:58 AM: INFO: Success message: ×
The new customer has been added successfully.
08/29/2026 10:49:58 AM: INFO: ********Customer added successfully**********
08/29/2026 10:49:58 AM: INFO: ********Verifying customer in Customers grid**********
08/29/2026 10:49:58 AM: INFO: ********Customers page opened**********
08/29/2026 10:49:59 AM: INFO: ********Searching for p5s02q60@gmail.com**********
08/29/2026 10:49:59 AM: INFO: ********Customer found in Customers grid**********
08/29/2026 10:49:59 AM: INFO: ********Add customer test passed**********
08/29/2026 10:50:03 AM: INFO: ******* Exporting All Customers to Excel *******
08/29/2026 10:50:07 AM: INFO: ******* Download directory: C:\Users\hp\PycharmProjects\Python_Selenium_Hybrid\downloads *******
08/29/2026 10:50:08 AM: INFO: ******* Login Successful *****
08/29/2026 10:50:08 AM: INFO: ****** Starting Export All Customers *******
08/29/2026 10:50:10 AM: INFO: ****** Customers page opened ******
08/29/2026 10:50:14 AM: INFO: ******* Export All Customers Excel button clicked *******
08/29/2026 10:50:16 AM: INFO: ******* Excel Downloaded Successfully: customers.xlsx *******
08/29/2026 10:50:16 AM: INFO: ******* Excel File Verification Successful *******
08/29/2026 10:50:22 AM: INFO: ******* Exporting All Customers to XML *******
08/29/2026 10:50:34 AM: INFO: ******* Download directory: C:\Users\hp\PycharmProjects\Python_Selenium_Hybrid\downloads *******
08/29/2026 10:50:36 AM: INFO: ******* Login Successful *****
08/29/2026 10:50:36 AM: INFO: ****** Starting Export All Customers *******
08/29/2026 10:50:41 AM: INFO: ****** Customers page opened ******
08/29/2026 10:50:45 AM: INFO: ******* Export All Customers XML button clicked *******
08/29/2026 10:50:48 AM: INFO: ******* XML Downloaded Successfully: customers.xml *******
08/29/2026 10:50:48 AM: INFO: ******* XML File Verification Successful *******
08/29/2026 10:50:52 AM: INFO: ******* Exporting Selected Customers to Excel *******
08/29/2026 10:50:55 AM: INFO: ******* Download directory: C:\Users\hp\PycharmProjects\Python_Selenium_Hybrid\downloads *******
08/29/2026 10:50:56 AM: INFO: ******* Login Successful *****
08/29/2026 10:50:56 AM: INFO: ****** Navigating to Customers ******
08/29/2026 10:50:59 AM: INFO: ****** Customers page opened ******
08/29/2026 10:51:01 AM: INFO: ******* Customers Selected Successfully *******
08/29/2026 10:51:03 AM: INFO: ******* Export Selected Excel button clicked *******
08/29/2026 10:51:04 AM: INFO: ******* Excel Downloaded Successfully: customers.xlsx *******
08/29/2026 10:51:04 AM: INFO: ******* Excel File Verification Successful *******
08/29/2026 10:51:09 AM: INFO: ******* Exporting Selected Customers to XML *******
08/29/2026 10:51:13 AM: INFO: ******* Download directory: C:\Users\hp\PycharmProjects\Python_Selenium_Hybrid\downloads *******
08/29/2026 10:51:17 AM: INFO: ******* Login Successful *****
08/29/2026 10:51:17 AM: INFO: ****** Navigating to Customers ******
08/29/2026 10:51:20 AM: INFO: ****** Customers page opened ******
08/29/2026 10:51:22 AM: INFO: ******* Customers Selected Successfully *******
08/29/2026 10:51:24 AM: INFO: ******* Export Selected XML button clicked *******
08/29/2026 10:51:28 AM: INFO: ******* XML Downloaded Successfully: customers.xml *******
08/29/2026 10:51:28 AM: INFO: ******* XML File Verification Successful *******
08/29/2026 10:51:33 AM: INFO: ********Test_001_Login********
08/29/2026 10:51:33 AM: INFO: ********Verify Home Page Title********
08/29/2026 10:51:37 AM: INFO: ********Home Page Title test is passed********
08/29/2026 10:51:42 AM: INFO: ********Verify Login Test********
08/29/2026 10:51:48 AM: INFO: ********Login test Passed********
08/29/2026 10:51:53 AM: INFO: **********Test_002_DDT_Login********
08/29/2026 10:51:53 AM: INFO: ********Verify Login DDT Test********
08/29/2026 10:51:59 AM: INFO: Row 2: *****Test Passed*****
08/29/2026 10:52:03 AM: INFO: Row 3: *****Test Passed*****
08/29/2026 10:52:07 AM: INFO: Row 4: *****Test Passed*****
08/29/2026 10:52:17 AM: INFO: Row 5: *****Test Passed*****
08/29/2026 10:52:20 AM: INFO: Row 6: *****Test Passed*****
08/29/2026 10:52:20 AM: INFO: ****Login DDT Test Passed****
08/29/2026 10:52:21 AM: INFO: ****End of Login DDT Test****
08/29/2026 10:52:21 AM: INFO: *****Completed TC_LoginDDT_002******
08/29/2026 10:52:26 AM: INFO: *******SearchCustomerByEmail_004*********
08/29/2026 10:52:30 AM: INFO: ***********Login Successful**********
08/29/2026 10:52:30 AM: INFO: **********Starting SearchCustomerByEmail_004**********
08/29/2026 10:52:33 AM: INFO: ******** searching customer by emailID***********
08/29/2026 10:52:37 AM: INFO: ********TC_SearchCustomerByEmail_004 Finished**********
08/29/2026 10:52:49 AM: INFO: *******SearchCustomerByName_005*********
08/29/2026 10:52:53 AM: INFO: ***********Login Successful**********
08/29/2026 10:52:53 AM: INFO: **********Starting SearchCustomerByName_005**********
08/29/2026 10:52:56 AM: INFO: ******** searching customer by Name***********
08/29/2026 10:53:00 AM: INFO: ********TC_SearchCustomerByName_005 Finished**********
08/29/2026 11:13:37 AM: INFO: ******* Deleting Customer *******
08/29/2026 11:13:52 AM: INFO: ******* Login Successful *****
08/29/2026 11:13:54 AM: INFO: ******* Customers page opened *******
08/29/2026 11:14:02 AM: INFO: ******* Edit Customer button clicked *******
08/29/2026 11:14:04 AM: INFO: ******* Edit Customer page opened successfully *******
08/29/2026 11:14:06 AM: INFO: ******* Delete Customer button clicked *******
08/29/2026 11:14:32 AM: INFO: ******* Editing Customer *******
08/29/2026 11:14:38 AM: INFO: ******* Login Successful *****
08/29/2026 11:14:41 AM: INFO: ******* Customers page opened *******
08/29/2026 11:14:44 AM: INFO: ******* Edit Customer button clicked *******
08/29/2026 11:14:46 AM: INFO: ******* Edit Customer page opened successfully *******
08/29/2026 11:14:47 AM: INFO: ********* Edit Customer test passed **********
08/29/2026 11:14:50 AM: INFO: ****** Ending Edit Customer Test *******
08/29/2026 11:15:02 AM: INFO: **********Test_003_AddCustomer**********
08/29/2026 11:15:07 AM: INFO: *********Login Successful**********
08/29/2026 11:15:07 AM: INFO: *****Starting Add Customer Test*******
08/29/2026 11:15:11 AM: INFO: ********Providing customer info**********
08/29/2026 11:15:14 AM: INFO: ********Customer information provided**********
08/29/2026 11:15:15 AM: INFO: ********Saving customer info**********
08/29/2026 11:15:15 AM: INFO: Success message: ×
The new customer has been added successfully.
08/29/2026 11:15:15 AM: INFO: ********Customer added successfully**********
08/29/2026 11:15:15 AM: INFO: ********Verifying customer in Customers grid**********
08/29/2026 11:15:15 AM: INFO: ********Customers page opened**********
08/29/2026 11:15:19 AM: INFO: ********Searching for d3dhqixm@gmail.com**********
08/29/2026 11:15:19 AM: INFO: ********Customer found in Customers grid**********
08/29/2026 11:15:19 AM: INFO: ********Add customer test passed**********
08/29/2026 11:15:33 AM: INFO: ******* Exporting All Customers to Excel *******
08/29/2026 11:15:35 AM: INFO: ******* Download directory: C:\Users\hp\PycharmProjects\Python_Selenium_Hybrid\downloads *******
08/29/2026 11:15:41 AM: INFO: ******* Login Successful *****
08/29/2026 11:15:41 AM: INFO: ****** Starting Export All Customers *******
08/29/2026 11:15:43 AM: INFO: ****** Customers page opened ******
08/29/2026 11:15:51 AM: INFO: ******* Export All Customers Excel button clicked *******
08/29/2026 11:16:57 AM: INFO: ******* Exporting All Customers to XML *******
08/29/2026 11:17:10 AM: INFO: ******* Download directory: C:\Users\hp\PycharmProjects\Python_Selenium_Hybrid\downloads *******
08/29/2026 11:17:13 AM: INFO: ******* Login Successful *****
08/29/2026 11:17:13 AM: INFO: ****** Starting Export All Customers *******
08/29/2026 11:17:17 AM: INFO: ****** Customers page opened ******
08/29/2026 11:17:25 AM: INFO: ******* Export All Customers XML button clicked *******
08/29/2026 11:18:11 AM: INFO: ******* Exporting Selected Customers to Excel *******
08/29/2026 11:18:13 AM: INFO: ******* Download directory: C:\Users\hp\PycharmProjects\Python_Selenium_Hybrid\downloads *******
08/29/2026 11:18:16 AM: INFO: ******* Login Successful *****
08/29/2026 11:18:16 AM: INFO: ****** Navigating to Customers ******
08/29/2026 11:18:18 AM: INFO: ****** Customers page opened ******
08/29/2026 11:18:21 AM: INFO: ******* Customers Selected Successfully *******
08/29/2026 11:18:27 AM: INFO: ******* Export Selected Excel button clicked *******
08/29/2026 11:19:13 AM: INFO: ******* Exporting Selected Customers to XML *******
08/29/2026 11:19:15 AM: INFO: ******* Download directory: C:\Users\hp\PycharmProjects\Python_Selenium_Hybrid\downloads *******
08/29/2026 11:19:19 AM: INFO: ******* Login Successful *****
08/29/2026 11:19:19 AM: INFO: ****** Navigating to Customers ******
08/29/2026 11:19:21 AM: INFO: ****** Customers page opened ******
08/29/2026 11:19:23 AM: INFO: ******* Customers Selected Successfully *******
08/29/2026 11:19:29 AM: INFO: ******* Export Selected XML button clicked *******
08/29/2026 11:20:21 AM: INFO: ********Test_001_Login********
08/29/2026 11:20:21 AM: INFO: ********Verify Home Page Title********
08/29/2026 11:20:23 AM: INFO: ********Home Page Title test is passed********
08/29/2026 11:20:41 AM: INFO: ********Verify Login Test********
08/29/2026 11:20:45 AM: INFO: ********Login test Passed********
08/29/2026 11:21:00 AM: INFO: **********Test_002_DDT_Login********
08/29/2026 11:21:00 AM: INFO: ********Verify Login DDT Test********
08/29/2026 11:21:08 AM: INFO: Row 2: *****Test Passed*****
08/29/2026 11:21:12 AM: INFO: Row 3: *****Test Passed*****
08/29/2026 11:21:15 AM: INFO: Row 4: *****Test Passed*****
08/29/2026 11:21:18 AM: INFO: Row 5: *****Test Passed*****
08/29/2026 11:21:21 AM: INFO: Row 6: *****Test Passed*****
08/29/2026 11:21:21 AM: INFO: ****Login DDT Test Passed****
08/29/2026 11:21:23 AM: INFO: ****End of Login DDT Test****
08/29/2026 11:21:23 AM: INFO: *****Completed TC_LoginDDT_002******
08/29/2026 11:21:37 AM: INFO: *******SearchCustomerByEmail_004*********
08/29/2026 11:22:10 AM: INFO: ***********Login Successful**********
08/29/2026 11:22:10 AM: INFO: **********Starting SearchCustomerByEmail_004**********
08/29/2026 11:22:14 AM: INFO: ******** searching customer by emailID***********
08/29/2026 11:22:18 AM: INFO: ********TC_SearchCustomerByEmail_004 Finished**********
08/29/2026 11:22:31 AM: INFO: *******SearchCustomerByName_005*********
08/29/2026 11:22:35 AM: INFO: ***********Login Successful**********
08/29/2026 11:22:35 AM: INFO: **********Starting SearchCustomerByName_005**********
08/29/2026 11:22:38 AM: INFO: ******** searching customer by Name***********
08/29/2026 11:22:42 AM: INFO: ********TC_SearchCustomerByName_005 Finished**********
08/29/2026 02:52:48 PM: INFO: ******* Test_012_AddVendor *******
08/29/2026 02:52:58 PM: INFO: ***** Login Successfully *****
08/29/2026 02:52:58 PM: INFO: ****** Starting Add Vendor Test ******
08/29/2026 02:53:01 PM: INFO: ****** Providing Vendor Info ******
08/29/2026 02:53:14 PM: INFO: Success Message: ×
The new vendor has been added successfully.
08/29/2026 02:53:14 PM: INFO: ***** Vendor Added Successfully *****
08/29/2026 05:31:24 PM: INFO: *****SearchVendorByName_013*****
08/29/2026 05:31:35 PM: INFO: ***********Login Successful**********
08/29/2026 05:31:35 PM: INFO: **********Starting SearchVendorByName_013**********
08/29/2026 05:31:38 PM: INFO: ******** searching vendor by Name***********
08/29/2026 05:34:05 PM: INFO: *****SearchVendorByName_013*****
08/29/2026 05:34:11 PM: INFO: ***********Login Successful**********
08/29/2026 05:34:11 PM: INFO: **********Starting SearchVendorByName_013**********
08/29/2026 05:34:15 PM: INFO: ******** searching vendor by Name***********
08/29/2026 05:38:03 PM: INFO: *****SearchVendorByName_013*****
08/29/2026 05:38:11 PM: INFO: ***********Login Successful**********
08/29/2026 05:38:11 PM: INFO: **********Starting SearchVendorByName_013**********
08/29/2026 05:38:12 PM: INFO: ******** searching vendor by Name***********
08/29/2026 05:38:16 PM: INFO: ********TC_SearchvendorrByName_013 Finished**********
08/29/2026 05:41:33 PM: INFO: *****SearchVendorByName_013*****
08/29/2026 05:41:42 PM: INFO: ***********Login Successful**********
08/29/2026 05:41:42 PM: INFO: **********Starting SearchVendorByName_013**********
08/29/2026 05:41:43 PM: INFO: ******** searching vendor by Email***********
08/29/2026 05:41:47 PM: INFO: ********TC_SearchvendorrByEmail_014 Finished**********
08/29/2026 07:55:34 PM: INFO: ******* Test_EditVendor_014 *******
08/29/2026 07:55:44 PM: INFO: ***********Login Successful**********
08/29/2026 07:55:44 PM: INFO: **********Starting EditVendor_014**********
08/29/2026 07:55:47 PM: INFO: ********edit vendor**********
08/29/2026 07:55:47 PM: INFO: *****Clicked Edit Button******
08/29/2026 08:02:05 PM: INFO: ******* Test_EditVendor_014 *******
08/29/2026 08:02:12 PM: INFO: ***********Login Successful**********
08/29/2026 08:02:12 PM: INFO: **********Starting EditVendor_014**********
08/29/2026 08:02:13 PM: INFO: ********edit vendor**********
08/29/2026 08:02:14 PM: INFO: Vendor found: Vendor2
08/29/2026 08:02:14 PM: INFO: *****Clicked Edit Button******
08/29/2026 08:02:17 PM: INFO: Vendor name updated from Vendor2 to Vendor2_update
08/29/2026 08:06:30 PM: INFO: ******* Deleting Customer *******
08/29/2026 08:06:34 PM: INFO: ******* Login Successful *****
08/29/2026 08:06:37 PM: INFO: ******* Customers page opened *******
08/29/2026 08:06:40 PM: INFO: ******* Edit Customer button clicked *******
08/29/2026 08:06:42 PM: INFO: ******* Edit Customer page opened successfully *******
08/29/2026 08:06:42 PM: INFO: ******* Delete Customer button clicked *******
08/29/2026 08:06:44 PM: INFO: ******* Delete confirmation accepted *******
08/29/2026 08:06:44 PM: INFO: ********* Delete Customer test passed **********
08/29/2026 08:06:45 PM: INFO: ****** Ending Delete Customer Test *******
08/29/2026 08:06:49 PM: INFO: ******* Editing Customer *******
08/29/2026 08:06:53 PM: INFO: ******* Login Successful *****
08/29/2026 08:07:02 PM: INFO: ******* Customers page opened *******
08/29/2026 08:07:05 PM: INFO: ******* Edit Customer button clicked *******
08/29/2026 08:07:08 PM: INFO: ******* Edit Customer page opened successfully *******
08/29/2026 08:07:09 PM: INFO: ********* Edit Customer test passed **********
08/29/2026 08:07:09 PM: INFO: ****** Ending Edit Customer Test *******
08/29/2026 08:07:14 PM: INFO: ******* Test_EditVendor_014 *******
08/29/2026 08:07:18 PM: INFO: ***********Login Successful**********
08/29/2026 08:07:18 PM: INFO: **********Starting EditVendor_014**********
08/29/2026 08:07:22 PM: INFO: ********edit vendor**********
08/29/2026 08:07:22 PM: INFO: Vendor found: Vendor2
08/29/2026 08:07:22 PM: INFO: *****Clicked Edit Button******
08/29/2026 08:07:24 PM: INFO: Vendor name updated from Vendor2 to Vendor2_update
08/29/2026 08:07:28 PM: INFO: **********Test_003_AddCustomer**********
08/29/2026 08:07:32 PM: INFO: *********Login Successful**********
08/29/2026 08:07:32 PM: INFO: *****Starting Add Customer Test*******
08/29/2026 08:07:36 PM: INFO: ********Providing customer info**********
08/29/2026 08:07:38 PM: INFO: ********Customer information provided**********
08/29/2026 08:07:38 PM: INFO: ********Saving customer info**********
08/29/2026 08:07:39 PM: INFO: Success message: ×
The new customer has been added successfully.
08/29/2026 08:07:39 PM: INFO: ********Customer added successfully**********
08/29/2026 08:07:39 PM: INFO: ********Verifying customer in Customers grid**********
08/29/2026 08:07:39 PM: INFO: ********Customers page opened**********
08/29/2026 08:07:40 PM: INFO: ********Searching for 4lb7ap6t@gmail.com**********
08/29/2026 08:07:40 PM: INFO: ********Customer found in Customers grid**********
08/29/2026 08:07:40 PM: INFO: ********Add customer test passed**********
08/29/2026 08:07:44 PM: INFO: ******* Test_012_AddVendor *******
08/29/2026 08:07:48 PM: INFO: ***** Login Successfully *****
08/29/2026 08:07:48 PM: INFO: ****** Starting Add Vendor Test ******
08/29/2026 08:07:52 PM: INFO: ****** Providing Vendor Info ******
08/29/2026 08:08:04 PM: INFO: Success Message: ×
The new vendor has been added successfully.
08/29/2026 08:08:04 PM: INFO: ***** Vendor Added Successfully *****
08/29/2026 08:08:09 PM: INFO: ******* Exporting All Customers to Excel *******
08/29/2026 08:08:12 PM: INFO: ******* Download directory: C:\Users\hp\PycharmProjects\Python_Selenium_Hybrid\downloads *******
08/29/2026 08:08:13 PM: INFO: ******* Login Successful *****
08/29/2026 08:08:13 PM: INFO: ****** Starting Export All Customers *******
08/29/2026 08:08:16 PM: INFO: ****** Customers page opened ******
08/29/2026 08:08:20 PM: INFO: ******* Export All Customers Excel button clicked *******
08/29/2026 08:08:22 PM: INFO: ******* Excel Downloaded Successfully: customers.xlsx *******
08/29/2026 08:08:22 PM: INFO: ******* Excel File Verification Successful *******
08/29/2026 08:08:26 PM: INFO: ******* Exporting All Customers to XML *******
08/29/2026 08:08:30 PM: INFO: ******* Download directory: C:\Users\hp\PycharmProjects\Python_Selenium_Hybrid\downloads *******
08/29/2026 08:08:33 PM: INFO: ******* Login Successful *****
08/29/2026 08:08:33 PM: INFO: ****** Starting Export All Customers *******
08/29/2026 08:08:34 PM: INFO: ****** Customers page opened ******
08/29/2026 08:08:37 PM: INFO: ******* Export All Customers XML button clicked *******
08/29/2026 08:08:44 PM: INFO: ******* XML Downloaded Successfully: customers.xml *******
08/29/2026 08:08:44 PM: INFO: ******* XML File Verification Successful *******
08/29/2026 08:08:49 PM: INFO: ******* Exporting Selected Customers to Excel *******
08/29/2026 08:08:52 PM: INFO: ******* Download directory: C:\Users\hp\PycharmProjects\Python_Selenium_Hybrid\downloads *******
08/29/2026 08:08:53 PM: INFO: ******* Login Successful *****
08/29/2026 08:08:53 PM: INFO: ****** Navigating to Customers ******
08/29/2026 08:08:56 PM: INFO: ****** Customers page opened ******
08/29/2026 08:08:58 PM: INFO: ******* Customers Selected Successfully *******
08/29/2026 08:09:00 PM: INFO: ******* Export Selected Excel button clicked *******
08/29/2026 08:09:04 PM: INFO: ******* Excel Downloaded Successfully: customers.xlsx *******
08/29/2026 08:09:04 PM: INFO: ******* Excel File Verification Successful *******
08/29/2026 08:09:08 PM: INFO: ******* Exporting Selected Customers to XML *******
08/29/2026 08:09:12 PM: INFO: ******* Download directory: C:\Users\hp\PycharmProjects\Python_Selenium_Hybrid\downloads *******
08/29/2026 08:09:13 PM: INFO: ******* Login Successful *****
08/29/2026 08:09:13 PM: INFO: ****** Navigating to Customers ******
08/29/2026 08:09:15 PM: INFO: ****** Customers page opened ******
08/29/2026 08:09:18 PM: INFO: ******* Customers Selected Successfully *******
08/29/2026 08:09:19 PM: INFO: ******* Export Selected XML button clicked *******
08/29/2026 08:09:20 PM: INFO: ******* XML Downloaded Successfully: customers.xml *******
08/29/2026 08:09:20 PM: INFO: ******* XML File Verification Successful *******
08/29/2026 08:09:24 PM: INFO: ********Test_001_Login********
08/29/2026 08:09:24 PM: INFO: ********Verify Home Page Title********
08/29/2026 08:09:28 PM: INFO: ********Home Page Title test is passed********
08/29/2026 08:09:32 PM: INFO: ********Verify Login Test********
08/29/2026 08:09:38 PM: INFO: ********Login test Passed********
08/29/2026 08:09:42 PM: INFO: **********Test_002_DDT_Login********
08/29/2026 08:09:42 PM: INFO: ********Verify Login DDT Test********
08/29/2026 08:09:48 PM: INFO: Row 2: *****Test Passed*****
08/29/2026 08:09:52 PM: INFO: Row 3: *****Test Passed*****
08/29/2026 08:09:54 PM: INFO: Row 4: *****Test Passed*****
08/29/2026 08:09:58 PM: INFO: Row 5: *****Test Passed*****
08/29/2026 08:10:00 PM: INFO: Row 6: *****Test Passed*****
08/29/2026 08:10:00 PM: INFO: ****Login DDT Test Passed****
08/29/2026 08:10:01 PM: INFO: ****End of Login DDT Test****
08/29/2026 08:10:01 PM: INFO: *****Completed TC_LoginDDT_002******
08/29/2026 08:10:04 PM: INFO: *******SearchCustomerByEmail_004*********
08/29/2026 08:10:09 PM: INFO: ***********Login Successful**********
08/29/2026 08:10:09 PM: INFO: **********Starting SearchCustomerByEmail_004**********
08/29/2026 08:10:11 PM: INFO: ******** searching customer by emailID***********
08/29/2026 08:10:15 PM: INFO: ********TC_SearchCustomerByEmail_004 Finished**********
08/29/2026 08:10:19 PM: INFO: *******SearchCustomerByName_005*********
08/29/2026 08:10:23 PM: INFO: ***********Login Successful**********
08/29/2026 08:10:23 PM: INFO: **********Starting SearchCustomerByName_005**********
08/29/2026 08:10:26 PM: INFO: ******** searching customer by Name***********
08/29/2026 08:10:30 PM: INFO: ********TC_SearchCustomerByName_005 Finished**********
08/29/2026 08:10:34 PM: INFO: *****SearchVendorByName_013*****
08/29/2026 08:10:38 PM: INFO: ***********Login Successful**********
08/29/2026 08:10:38 PM: INFO: **********Starting SearchVendorByName_013**********
08/29/2026 08:10:41 PM: INFO: ******** searching vendor by Email***********
08/29/2026 08:10:45 PM: INFO: ********TC_SearchvendorrByEmail_014 Finished**********
08/29/2026 08:10:49 PM: INFO: *****SearchVendorByName_013*****
08/29/2026 08:10:53 PM: INFO: ***********Login Successful**********
08/29/2026 08:10:53 PM: INFO: **********Starting SearchVendorByName_013**********
08/29/2026 08:10:56 PM: INFO: ******** searching vendor by Name***********
08/29/2026 08:10:59 PM: INFO: ********TC_SearchvendorrByName_013 Finished**********
08/30/2026 12:47:04 PM: INFO: *****SearchActivityDate_015*****
08/30/2026 12:47:12 PM: INFO: ***********Login Successful**********
08/30/2026 12:47:12 PM: INFO: **********Starting SearchActivityDate_015**********
08/30/2026 12:47:42 PM: INFO: *****SearchActivityDate_015*****
08/30/2026 12:47:48 PM: INFO: ***********Login Successful**********
08/30/2026 12:47:48 PM: INFO: **********Starting SearchActivityDate_015**********
08/30/2026 01:01:18 PM: INFO: *****SearchActivityIP_016*****
08/30/2026 01:01:23 PM: INFO: ***********Login Successful**********
08/30/2026 01:01:23 PM: INFO: **********Starting SearchActivityIP_016**********
08/30/2026 01:02:13 PM: INFO: *****SearchActivityIP_016*****
08/30/2026 01:02:18 PM: INFO: ***********Login Successful**********
08/30/2026 01:02:18 PM: INFO: **********Starting SearchActivityIP_016**********
08/30/2026 01:02:54 PM: INFO: *****SearchActivityIP_016*****
08/30/2026 01:02:58 PM: INFO: ***********Login Successful**********
08/30/2026 01:02:58 PM: INFO: **********Starting SearchActivityIP_016**********
08/30/2026 01:40:52 PM: INFO: *****SearchActivity_LogType_018*****
08/30/2026 01:41:00 PM: INFO: ***********Login Successful**********
08/30/2026 01:41:00 PM: INFO: **********Starting SearchActivity_LogType_018**********
08/30/2026 01:43:56 PM: INFO: *****SearchActivity_LogType_018*****
08/30/2026 01:44:02 PM: INFO: ***********Login Successful**********
08/30/2026 01:44:02 PM: INFO: **********Starting SearchActivity_LogType_018**********
08/30/2026 01:52:31 PM: INFO: *****SearchActivity_LogType_018*****
08/30/2026 01:52:41 PM: INFO: ***********Login Successful**********
08/30/2026 01:52:41 PM: INFO: **********Starting SearchActivity_LogType_018**********
08/30/2026 01:53:57 PM: INFO: *****SearchActivity_LogType_018*****
08/30/2026 01:54:03 PM: INFO: ***********Login Successful**********
08/30/2026 01:54:03 PM: INFO: **********Starting SearchActivity_LogType_018**********
08/30/2026 02:55:55 PM: INFO: *****Delete_SingleActivity_019*****
08/30/2026 02:56:03 PM: INFO: ***********Login Successful**********
08/30/2026 02:56:03 PM: INFO: **********Starting Delete_SingleActivity_019**********
08/30/2026 02:56:06 PM: INFO: Activity Log records found: 15
08/30/2026 02:56:06 PM: INFO: ******Activity Log delete clicked*******
08/30/2026 03:52:45 PM: INFO: *****Clear_ActivityLogs_020*****
08/30/2026 03:52:54 PM: INFO: ***********Login Successful**********
08/30/2026 03:52:54 PM: INFO: **********Starting Clear_ActivityLogs_020**********
08/30/2026 03:52:56 PM: INFO: **********Clear_ActivityLogs_020 completed**********
08/30/2026 03:54:23 PM: INFO: ******* Deleting Customer *******
08/30/2026 03:54:31 PM: INFO: ******* Login Successful *****
08/30/2026 03:54:33 PM: INFO: ******* Customers page opened *******
08/30/2026 03:54:37 PM: INFO: ******* Edit Customer button clicked *******
08/30/2026 03:54:39 PM: INFO: ******* Edit Customer page opened successfully *******
08/30/2026 03:54:39 PM: INFO: ******* Delete Customer button clicked *******
08/30/2026 03:54:40 PM: INFO: ******* Delete confirmation accepted *******
08/30/2026 03:54:41 PM: INFO: ********* Delete Customer test passed **********
08/30/2026 03:54:41 PM: INFO: ****** Ending Delete Customer Test *******
08/30/2026 03:54:45 PM: INFO: ******* Editing Customer *******
08/30/2026 03:54:50 PM: INFO: ******* Login Successful *****
08/30/2026 03:54:54 PM: INFO: ******* Customers page opened *******
08/30/2026 03:54:57 PM: INFO: ******* Edit Customer button clicked *******
08/30/2026 03:54:59 PM: INFO: ******* Edit Customer page opened successfully *******
08/30/2026 03:55:01 PM: INFO: ********* Edit Customer test passed **********
08/30/2026 03:55:01 PM: INFO: ****** Ending Edit Customer Test *******
08/30/2026 03:55:07 PM: INFO: **********Test_003_AddCustomer**********
08/30/2026 03:55:17 PM: INFO: *********Login Successful**********
08/30/2026 03:55:17 PM: INFO: *****Starting Add Customer Test*******
08/30/2026 03:55:26 PM: INFO: ********Providing customer info**********
08/30/2026 03:55:28 PM: INFO: ********Customer information provided**********
08/30/2026 03:55:30 PM: INFO: ********Saving customer info**********
08/30/2026 03:55:30 PM: INFO: Success message: ×
The new customer has been added successfully.
08/30/2026 03:55:30 PM: INFO: ********Customer added successfully**********
08/30/2026 03:55:30 PM: INFO: ********Verifying customer in Customers grid**********
08/30/2026 03:55:31 PM: INFO: ********Customers page opened**********
08/30/2026 03:55:40 PM: INFO: ********Searching for v8mdgl46@gmail.com**********
08/30/2026 03:55:40 PM: INFO: ********Customer found in Customers grid**********
08/30/2026 03:55:40 PM: INFO: ********Add customer test passed**********
08/30/2026 03:55:48 PM: INFO: ******* Test_012_AddVendor *******
08/30/2026 03:55:52 PM: INFO: ***** Login Successfully *****
08/30/2026 03:55:52 PM: INFO: ****** Starting Add Vendor Test ******
08/30/2026 03:56:00 PM: INFO: ****** Providing Vendor Info ******
08/30/2026 03:56:12 PM: INFO: Success Message: ×
The new vendor has been added successfully.
08/30/2026 03:56:12 PM: INFO: ***** Vendor Added Successfully *****
08/30/2026 03:56:42 PM: INFO: ******* Exporting All Customers to Excel *******
08/30/2026 03:56:47 PM: INFO: ******* Download directory: C:\Users\hp\PycharmProjects\Python_Selenium_Hybrid\downloads *******
08/30/2026 03:56:52 PM: INFO: ******* Login Successful *****
08/30/2026 03:56:52 PM: INFO: ****** Starting Export All Customers *******
08/30/2026 03:56:54 PM: INFO: ****** Customers page opened ******
08/30/2026 03:56:58 PM: INFO: ******* Export All Customers Excel button clicked *******
08/30/2026 03:56:59 PM: INFO: ******* Excel Downloaded Successfully: customers.xlsx *******
08/30/2026 03:56:59 PM: INFO: ******* Excel File Verification Successful *******
08/30/2026 03:57:05 PM: INFO: ******* Exporting All Customers to XML *******
08/30/2026 03:57:10 PM: INFO: ******* Download directory: C:\Users\hp\PycharmProjects\Python_Selenium_Hybrid\downloads *******
08/30/2026 03:57:11 PM: INFO: ******* Login Successful *****
08/30/2026 03:57:11 PM: INFO: ****** Starting Export All Customers *******
08/30/2026 03:57:14 PM: INFO: ****** Customers page opened ******
08/30/2026 03:57:18 PM: INFO: ******* Export All Customers XML button clicked *******
08/30/2026 03:57:20 PM: INFO: ******* XML Downloaded Successfully: customers.xml *******
08/30/2026 03:57:20 PM: INFO: ******* XML File Verification Successful *******
08/30/2026 03:57:26 PM: INFO: ******* Exporting Selected Customers to Excel *******
08/30/2026 03:57:29 PM: INFO: ******* Download directory: C:\Users\hp\PycharmProjects\Python_Selenium_Hybrid\downloads *******
08/30/2026 03:57:30 PM: INFO: ******* Login Successful *****
08/30/2026 03:57:30 PM: INFO: ****** Navigating to Customers ******
08/30/2026 03:57:33 PM: INFO: ****** Customers page opened ******
08/30/2026 03:57:36 PM: INFO: ******* Customers Selected Successfully *******
08/30/2026 03:57:37 PM: INFO: ******* Export Selected Excel button clicked *******
08/30/2026 03:57:41 PM: INFO: ******* Excel Downloaded Successfully: customers.xlsx *******
08/30/2026 03:57:41 PM: INFO: ******* Excel File Verification Successful *******
08/30/2026 03:57:46 PM: INFO: ******* Exporting Selected Customers to XML *******
08/30/2026 03:57:49 PM: INFO: ******* Download directory: C:\Users\hp\PycharmProjects\Python_Selenium_Hybrid\downloads *******
08/30/2026 03:57:50 PM: INFO: ******* Login Successful *****
08/30/2026 03:57:50 PM: INFO: ****** Navigating to Customers ******
08/30/2026 03:57:53 PM: INFO: ****** Customers page opened ******
08/30/2026 03:57:55 PM: INFO: ******* Customers Selected Successfully *******
08/30/2026 03:57:57 PM: INFO: ******* Export Selected XML button clicked *******
08/30/2026 03:57:59 PM: INFO: ******* XML Downloaded Successfully: customers.xml *******
08/30/2026 03:57:59 PM: INFO: ******* XML File Verification Successful *******
08/30/2026 03:58:05 PM: INFO: ********Test_001_Login********
08/30/2026 03:58:05 PM: INFO: ********Verify Home Page Title********
08/30/2026 03:58:08 PM: INFO: ********Home Page Title test is passed********
08/30/2026 03:58:14 PM: INFO: ********Verify Login Test********
08/30/2026 03:58:20 PM: INFO: ********Login test Passed********
08/30/2026 03:58:27 PM: INFO: **********Test_002_DDT_Login********
08/30/2026 03:58:27 PM: INFO: ********Verify Login DDT Test********
08/30/2026 03:58:34 PM: INFO: Row 2: *****Test Passed*****
08/30/2026 03:58:38 PM: INFO: Row 3: *****Test Passed*****
08/30/2026 03:58:41 PM: INFO: Row 4: *****Test Passed*****
08/30/2026 03:58:44 PM: INFO: Row 5: *****Test Passed*****
08/30/2026 03:58:47 PM: INFO: Row 6: *****Test Passed*****
08/30/2026 03:58:47 PM: INFO: ****Login DDT Test Passed****
08/30/2026 03:58:47 PM: INFO: ****End of Login DDT Test****
08/30/2026 03:58:47 PM: INFO: *****Completed TC_LoginDDT_002******
08/30/2026 03:58:52 PM: INFO: *******SearchCustomerByEmail_004*********
08/30/2026 03:58:56 PM: INFO: ***********Login Successful**********
08/30/2026 03:58:56 PM: INFO: **********Starting SearchCustomerByEmail_004**********
08/30/2026 03:58:59 PM: INFO: ******** searching customer by emailID***********
08/30/2026 03:59:03 PM: INFO: ********TC_SearchCustomerByEmail_004 Finished**********
08/30/2026 03:59:07 PM: INFO: *******SearchCustomerByName_005*********
08/30/2026 03:59:12 PM: INFO: ***********Login Successful**********
08/30/2026 03:59:12 PM: INFO: **********Starting SearchCustomerByName_005**********
08/30/2026 03:59:15 PM: INFO: ******** searching customer by Name***********
08/30/2026 03:59:18 PM: INFO: ********TC_SearchCustomerByName_005 Finished**********
08/30/2026 03:59:23 PM: INFO: *****SearchVendorByName_013*****
08/30/2026 03:59:27 PM: INFO: ***********Login Successful**********
08/30/2026 03:59:27 PM: INFO: **********Starting SearchVendorByName_013**********
08/30/2026 03:59:31 PM: INFO: ******** searching vendor by Email***********
08/30/2026 03:59:34 PM: INFO: ********TC_SearchvendorrByEmail_014 Finished**********
08/30/2026 03:59:39 PM: INFO: *****SearchVendorByName_013*****
08/30/2026 03:59:43 PM: INFO: ***********Login Successful**********
08/30/2026 03:59:43 PM: INFO: **********Starting SearchVendorByName_013**********
08/30/2026 03:59:46 PM: INFO: ******** searching vendor by Name***********
08/30/2026 03:59:49 PM: INFO: ********TC_SearchvendorrByName_013 Finished**********
08/30/2026 06:59:43 PM: INFO: *****SearchActivity_LogType_018*****
08/30/2026 06:59:51 PM: INFO: ***********Login Successful**********
08/30/2026 06:59:51 PM: INFO: **********Starting SearchActivity_LogType_018**********
08/30/2026 07:03:31 PM: INFO: *****SearchActivity_LogType_018*****
08/30/2026 07:03:40 PM: INFO: ***********Login Successful**********
08/30/2026 07:03:40 PM: INFO: **********Starting SearchActivity_LogType_018**********
08/30/2026 07:05:36 PM: INFO: *****Delete_SingleActivity_019*****
08/30/2026 07:05:43 PM: INFO: ***********Login Successful**********
08/30/2026 07:05:43 PM: INFO: **********Starting Delete_SingleActivity_019**********
08/30/2026 07:05:46 PM: INFO: Activity Log records found: 1
08/30/2026 07:06:14 PM: INFO: *****Delete_SingleActivity_019*****
08/30/2026 07:06:20 PM: INFO: ***********Login Successful**********
08/30/2026 07:06:20 PM: INFO: **********Starting Delete_SingleActivity_019**********
08/30/2026 07:06:23 PM: INFO: Activity Log records found: 1
08/30/2026 09:23:12 PM: INFO: ******* Test_012_AddVendor *******
08/30/2026 09:23:22 PM: INFO: ***** Login Successfully *****
08/30/2026 09:23:22 PM: INFO: ****** Starting Add Vendor Test ******
08/30/2026 09:23:26 PM: INFO: ****** Providing Vendor Info ******
08/30/2026 09:34:32 PM: INFO: ******* Test_012_AddVendor *******
08/30/2026 09:34:40 PM: INFO: ***** Login Successfully *****
08/30/2026 09:34:40 PM: INFO: ****** Starting Add Vendor Test ******
08/30/2026 09:34:43 PM: INFO: ****** Providing Vendor Info ******
08/30/2026 09:34:44 PM: INFO: After Save URL: https://localhost:59579/Admin/Vendor/List
08/30/2026 09:34:44 PM: INFO: ******Vendor added successfully******
08/30/2026 09:40:42 PM: INFO: *****Delete_SingleActivity_019*****
08/30/2026 09:40:55 PM: INFO: ***********Login Successful**********
08/30/2026 09:40:55 PM: INFO: **********Starting Delete_SingleActivity_019**********
08/30/2026 09:41:00 PM: INFO: Activity Log records found: 2
08/30/2026 09:41:01 PM: INFO: ******Activity Log delete clicked*******
08/31/2026 09:05:13 AM: INFO: *****SearchActivity_LogType_018*****
08/31/2026 09:05:21 AM: INFO: ***********Login Successful**********
08/31/2026 09:05:21 AM: INFO: **********Starting SearchActivity_LogType_018**********
08/31/2026 09:20:27 AM: INFO: *****Delete_SingleActivity_019*****
08/31/2026 09:20:34 AM: INFO: ***********Login Successful**********
08/31/2026 09:20:34 AM: INFO: **********Starting Delete_SingleActivity_019**********
08/31/2026 09:25:24 AM: INFO: *****Delete_SingleActivity_019*****
08/31/2026 09:25:32 AM: INFO: ***********Login Successful**********
08/31/2026 09:25:32 AM: INFO: **********Starting Delete_SingleActivity_019**********
08/31/2026 09:25:36 AM: INFO: Customers available for export: 15
08/31/2026 09:25:42 AM: INFO: ******Customers exported successfully*******
08/31/2026 09:32:36 AM: INFO: *****Delete_SingleActivity_019*****
08/31/2026 09:32:43 AM: INFO: ***********Login Successful**********
08/31/2026 09:32:43 AM: INFO: **********Starting Delete_SingleActivity_019**********
08/31/2026 09:32:45 AM: INFO: Customers available for export: 15
08/31/2026 09:32:51 AM: INFO: ******Customers exported successfully*******
08/31/2026 09:32:53 AM: INFO: Activity Log records found: 6
08/31/2026 09:32:53 AM: INFO: ******Activity Log delete clicked*******
08/31/2026 10:11:04 AM: INFO: ******* Deleting Customer *******
08/31/2026 10:11:11 AM: INFO: ******* Login Successful *****
08/31/2026 10:11:14 AM: INFO: ******* Customers page opened *******
08/31/2026 10:11:17 AM: INFO: ******* Edit Customer button clicked *******
08/31/2026 10:11:19 AM: INFO: ******* Edit Customer page opened successfully *******
08/31/2026 10:11:20 AM: INFO: ******* Delete Customer button clicked *******
08/31/2026 10:17:54 AM: INFO: ******* Deleting Customer *******
08/31/2026 10:18:02 AM: INFO: ******* Login Successful *****
08/31/2026 10:18:04 AM: INFO: ******* Customers page opened *******
08/31/2026 10:18:07 AM: INFO: ******* Edit Customer button clicked *******
08/31/2026 10:18:09 AM: INFO: ******* Edit Customer page opened successfully *******
08/31/2026 10:18:09 AM: INFO: ******* Delete Customer button clicked *******
08/31/2026 10:22:27 AM: INFO: ******* Deleting Customer *******
08/31/2026 10:22:35 AM: INFO: ******* Login Successful *****
08/31/2026 10:22:36 AM: INFO: ******* Customers page opened *******
08/31/2026 10:22:40 AM: INFO: ******* Edit Customer button clicked *******
08/31/2026 10:22:42 AM: INFO: ******* Edit Customer page opened successfully *******
08/31/2026 10:22:42 AM: INFO: ******* Delete Customer button clicked *******
08/31/2026 10:22:53 AM: INFO: ******* Delete confirmation accepted *******
08/31/2026 10:22:54 AM: INFO: ********* Delete Customer test passed **********
08/31/2026 10:22:56 AM: INFO: ****** Ending Delete Customer Test *******
08/31/2026 10:49:55 AM: INFO: ******* Test_012_AddVendor *******
08/31/2026 10:50:05 AM: INFO: ***** Login Successfully *****
08/31/2026 10:50:05 AM: INFO: ****** Starting Add Vendor Test ******
08/31/2026 10:50:08 AM: INFO: ****** Providing Vendor Info ******
08/31/2026 10:54:09 AM: INFO: ******* Test_012_AddVendor *******
08/31/2026 10:54:16 AM: INFO: ***** Login Successfully *****
08/31/2026 10:54:16 AM: INFO: ****** Starting Add Vendor Test ******
08/31/2026 10:54:19 AM: INFO: ****** Providing Vendor Info ******
08/31/2026 10:57:29 AM: INFO: ******* Test_012_AddVendor *******
08/31/2026 10:57:44 AM: INFO: ***** Login Successfully *****
08/31/2026 10:57:44 AM: INFO: ****** Starting Add Vendor Test ******
08/31/2026 10:57:48 AM: INFO: ****** Providing Vendor Info ******
08/31/2026 10:57:50 AM: INFO: After Save URL: https://localhost:59579/Admin/Vendor/List
08/31/2026 10:57:50 AM: INFO: ******Vendor added successfully******
08/31/2026 12:55:34 PM: INFO: *****SearchCustomer_RoleAdministrator_021*****
08/31/2026 12:55:48 PM: INFO: ***********Login Successful**********
08/31/2026 12:55:48 PM: INFO: ********Starting_SearchAdministrator_Role_021******
08/31/2026 12:55:51 PM: INFO: Normal table customer count: 2
08/31/2026 12:55:52 PM: INFO: Administrator search result count: 2
08/31/2026 12:59:34 PM: INFO: *****SearchCustomer_RoleRegistered_022*****
08/31/2026 12:59:42 PM: INFO: ***********Login Successful**********
08/31/2026 12:59:42 PM: INFO: ********Starting_SearchRegistered_Role_022******
08/31/2026 12:59:44 PM: INFO: Normal table customer count: 3
08/31/2026 01:06:24 PM: INFO: *****SearchCustomer_RoleRegistered_022*****
08/31/2026 01:06:33 PM: INFO: ***********Login Successful**********
08/31/2026 01:06:33 PM: INFO: ********Starting_SearchRegistered_Role_022******
08/31/2026 01:06:35 PM: INFO: Normal table customer count: 4
08/31/2026 01:06:37 PM: INFO: Administrator search result count: 1
08/31/2026 01:11:22 PM: INFO: *****SearchCustomer_Role_ForumModerator_023*****
08/31/2026 01:11:32 PM: INFO: ***********Login Successful**********
08/31/2026 01:11:32 PM: INFO: ********Starting_SearchRegistered_Role_022******
08/31/2026 01:11:34 PM: INFO: Normal table customer count: 5
08/31/2026 01:11:36 PM: INFO: Administrator search result count: 1
08/31/2026 01:18:30 PM: INFO: *****SearchCustomer_Role_Guests_024*****
08/31/2026 01:18:35 PM: INFO: ***********Login Successful**********
08/31/2026 01:18:35 PM: INFO: ********Starting_SearchGuest_Role_024******
08/31/2026 01:18:38 PM: INFO: Normal table customer count: 5
08/31/2026 01:18:40 PM: INFO: Guests search result count: 4
08/31/2026 01:24:00 PM: INFO: *****SearchCustomer_Role_Vendors_025*****
08/31/2026 01:24:14 PM: INFO: ***********Login Successful**********
08/31/2026 01:24:14 PM: INFO: ********Starting_SearchVendor_Role_025******
08/31/2026 01:24:18 PM: INFO: Normal table customer count: 5
08/31/2026 01:24:21 PM: INFO: Vendor search result count: 1
08/31/2026 01:26:21 PM: INFO: *****SearchCustomer_Role_Vendors_025*****
08/31/2026 01:26:25 PM: INFO: ***********Login Successful**********
08/31/2026 01:26:25 PM: INFO: ********Starting_SearchVendor_Role_025******
08/31/2026 01:26:40 PM: INFO: Normal table customer count: 5
08/31/2026 01:26:50 PM: INFO: Vendor search result count: 0
08/31/2026 03:48:23 PM: INFO: ********** Test_003_AddCustomer **********
08/31/2026 03:48:31 PM: INFO: ********* Login Successful **********
08/31/2026 03:48:31 PM: INFO: ********* Starting Add Customer Test *********
08/31/2026 03:48:40 PM: INFO: ******** Providing customer information ********
08/31/2026 03:48:43 PM: INFO: ******** Customer information provided ********
08/31/2026 03:48:45 PM: INFO: ******** Saving customer information ********
08/31/2026 03:48:45 PM: INFO: Success message: ×
The new customer has been added successfully.
08/31/2026 03:48:45 PM: INFO: ******** Customer added successfully ********
08/31/2026 03:48:45 PM: INFO: ******** Verifying customer in Customers grid ********
08/31/2026 03:48:56 PM: INFO: ******** Customers page opened ********
08/31/2026 03:48:58 PM: INFO: ******** Searching for ufw0aox5@gmail.com ********
08/31/2026 03:48:58 PM: INFO: ******** Customer found in Customers grid ********
08/31/2026 03:48:58 PM: INFO: ******** Add customer test passed ********
08/31/2026 03:54:04 PM: INFO: *****SearchActivityDate_016*****
08/31/2026 03:54:11 PM: INFO: ***********Login Successful**********
08/31/2026 03:54:11 PM: INFO: **********Starting SearchActivityDate_016**********
08/31/2026 03:57:46 PM: INFO: *****SearchCustomer_RoleAdministrator_021*****
08/31/2026 03:57:50 PM: INFO: ***********Login Successful**********
08/31/2026 03:57:50 PM: INFO: ********Starting_SearchAdministrator_Role_021******
08/31/2026 04:03:56 PM: INFO: *****SearchCustomer_RoleAdministrator_021*****
08/31/2026 04:04:00 PM: INFO: ***********Login Successful**********
08/31/2026 04:04:00 PM: INFO: ********Starting_SearchAdministrator_Role_021******
08/31/2026 04:04:05 PM: INFO: Normal table customer count: 6
08/31/2026 04:04:07 PM: INFO: Administrator search result count: 1
08/31/2026 04:06:29 PM: INFO: *****SearchCustomer_Role_ForumModerator_023*****
08/31/2026 04:06:37 PM: INFO: ***********Login Successful**********
08/31/2026 04:06:37 PM: INFO: ********Starting_SearchRegistered_Role_022******
08/31/2026 04:06:38 PM: INFO: Normal table customer count: 7
08/31/2026 04:06:40 PM: INFO: Forum Moderator search result count: 1
08/31/2026 04:08:18 PM: INFO: *****SearchCustomer_Role_Guests_024*****
08/31/2026 04:08:23 PM: INFO: ***********Login Successful**********
08/31/2026 04:08:23 PM: INFO: ********Starting_SearchGuest_Role_024******
08/31/2026 04:08:26 PM: INFO: Normal table customer count: 7
08/31/2026 04:08:28 PM: INFO: Guests search result count: 5
08/31/2026 04:09:08 PM: INFO: *****SearchCustomer_RoleRegistered_022*****
08/31/2026 04:09:13 PM: INFO: ***********Login Successful**********
08/31/2026 04:09:13 PM: INFO: ********Starting_SearchRegistered_Role_022******
08/31/2026 04:09:16 PM: INFO: Normal table customer count: 7
08/31/2026 04:09:18 PM: INFO: Registered search result count: 1
08/31/2026 04:24:35 PM: INFO: *****SearchCustomer_RoleAdministrator_021*****
08/31/2026 04:24:39 PM: INFO: ***********Login Successful**********
08/31/2026 04:24:39 PM: INFO: ********Starting_SearchAdministrator_Role_021******
08/31/2026 04:24:43 PM: INFO: Normal table customer count: 15
08/31/2026 04:24:44 PM: INFO: Administrator search result count: 1
08/31/2026 04:25:37 PM: INFO: *****SearchCustomer_Role_ForumModerator_023*****
08/31/2026 04:25:42 PM: INFO: ***********Login Successful**********
08/31/2026 04:25:42 PM: INFO: ********Starting_SearchRegistered_Role_022******
08/31/2026 04:25:46 PM: INFO: Normal table customer count: 15
08/31/2026 04:25:47 PM: INFO: Forum Moderator search result count: 1
08/31/2026 04:26:41 PM: INFO: *****SearchCustomer_RoleRegistered_022*****
08/31/2026 04:26:48 PM: INFO: ***********Login Successful**********
08/31/2026 04:26:48 PM: INFO: ********Starting_SearchRegistered_Role_022******
08/31/2026 04:26:50 PM: INFO: Normal table customer count: 15
08/31/2026 04:26:51 PM: INFO: Registered search result count: 2
08/31/2026 04:32:04 PM: INFO: *****SearchCustomer_RoleRegistered_022*****
08/31/2026 04:32:11 PM: INFO: ***********Login Successful**********
08/31/2026 04:32:13 PM: INFO: Normal table customer count: 15
08/31/2026 04:32:15 PM: INFO: Registered search result count: 2
08/31/2026 04:37:53 PM: INFO: *****SearchActivityDate_016*****
08/31/2026 04:37:59 PM: INFO: ***********Login Successful**********
08/31/2026 04:37:59 PM: INFO: **********Starting SearchActivityDate_016**********
08/31/2026 04:55:44 PM: INFO: *****SearchActivityDate_016*****
08/31/2026 04:55:53 PM: INFO: ***********Login Successful**********
08/31/2026 04:55:53 PM: INFO: **********Starting SearchActivityDate_016**********
08/31/2026 05:13:46 PM: INFO: *****SearchCustomer_RoleAdministrator_021*****
08/31/2026 05:13:51 PM: INFO: ***********Login Successful**********
08/31/2026 05:13:51 PM: INFO: ********Starting_SearchAdministrator_Role_021******
08/31/2026 05:13:54 PM: INFO: Normal table customer count: 15
08/31/2026 05:13:55 PM: INFO: Administrator search result count: 1
08/31/2026 05:15:57 PM: INFO: *****SearchCustomer_Role_ForumModerator_023*****
08/31/2026 05:16:03 PM: INFO: ***********Login Successful**********
08/31/2026 05:16:03 PM: INFO: ********Starting_SearchRegistered_Role_022******
08/31/2026 05:16:08 PM: INFO: Normal table customer count: 15
08/31/2026 05:16:09 PM: INFO: Forum Moderator search result count: 1
09/01/2026 07:33:14 PM: INFO: ******VerifyActivityTypeDisplayed******
09/01/2026 07:33:22 PM: INFO: ***********Login Successful**********
09/01/2026 07:33:22 PM: INFO: ********Starting Verify Activity Type**********
09/01/2026 07:33:24 PM: INFO: fActivity Type '{activity_name}' Status: {result}
09/01/2026 07:33:24 PM: INFO: fActivity Type '{activity_name}' Status: {result}
09/01/2026 08:14:24 PM: INFO: ********** Test_003_AddCustomer **********
09/01/2026 08:14:30 PM: INFO: ********* Login Successful **********
09/01/2026 08:14:30 PM: INFO: ********* Starting Add Customer Test *********
09/01/2026 08:14:32 PM: INFO: ******** Providing customer information ********
09/01/2026 08:14:34 PM: INFO: ******** Customer information provided ********
09/01/2026 08:14:34 PM: INFO: ******** Saving customer information ********
09/01/2026 08:14:35 PM: INFO: Success message: ×
The new customer has been added successfully.
09/01/2026 08:14:35 PM: INFO: ******** Customer added successfully ********
09/01/2026 08:14:35 PM: INFO: ******** Verifying customer in Customers grid ********
09/01/2026 08:14:36 PM: INFO: ******** Customers page opened ********
09/01/2026 08:14:44 PM: INFO: ******** Searching for r9aqilk8@gmail.com ********
09/01/2026 08:14:44 PM: INFO: ******** Customer found in Customers grid ********
09/01/2026 08:14:44 PM: INFO: ******** Add customer test passed ********
09/01/2026 08:20:13 PM: INFO: ***** SearchActivityDate_016 *****
09/01/2026 08:20:21 PM: INFO: *********** Login Successful **********
09/01/2026 08:20:21 PM: INFO: ********** Starting SearchActivityDate_016 **********
09/01/2026 08:20:23 PM: INFO: Activity log rows found: 15
09/03/2026 05:27:34 PM: INFO: *****Test_AddProduct_028*****
09/03/2026 05:27:38 PM: INFO: *****Login Successful******
09/03/2026 05:27:38 PM: INFO: *****Staring Add Product test*****
09/03/2026 05:29:54 PM: INFO: *****Test_AddProduct_028*****
09/03/2026 05:30:03 PM: INFO: *****Login Successful******
09/03/2026 05:30:03 PM: INFO: *****Staring Add Product test*****
09/03/2026 05:30:11 PM: INFO: *****Providing product details*******
09/03/2026 05:32:53 PM: INFO: *****Test_AddProduct_028*****
09/03/2026 05:32:57 PM: INFO: *****Login Successful******
09/03/2026 05:32:57 PM: INFO: *****Staring Add Product test*****
09/03/2026 05:33:03 PM: INFO: *****Providing product details*******
09/03/2026 05:35:24 PM: INFO: *****Test_AddProduct_028*****
09/03/2026 05:35:32 PM: INFO: *****Login Successful******
09/03/2026 05:35:32 PM: INFO: *****Staring Add Product test*****
09/03/2026 05:35:35 PM: INFO: *****Providing product details*******
09/03/2026 05:37:26 PM: INFO: *****Test_AddProduct_028*****
09/03/2026 05:37:33 PM: INFO: *****Login Successful******
09/03/2026 05:37:33 PM: INFO: *****Staring Add Product test*****
09/03/2026 05:37:36 PM: INFO: *****Providing product details*******
09/03/2026 05:39:41 PM: INFO: *****Test_AddProduct_028*****
09/03/2026 05:39:55 PM: INFO: *****Login Successful******
09/03/2026 05:39:55 PM: INFO: *****Staring Add Product test*****
09/03/2026 05:40:01 PM: INFO: *****Providing product details*******
09/03/2026 05:44:29 PM: INFO: *****Test_AddProduct_028*****
09/03/2026 05:44:38 PM: INFO: *****Login Successful******
09/03/2026 05:44:38 PM: INFO: *****Staring Add Product test*****
09/03/2026 05:44:44 PM: INFO: *****Providing product details*******
09/03/2026 07:22:50 PM: INFO: *****Test_SearchProductByName_029*****
09/03/2026 07:22:59 PM: INFO: *****Login Successful******
09/03/2026 07:22:59 PM: INFO: *****Staring Search Product By Name test*****
09/03/2026 07:33:37 PM: INFO: *****Test_SearchProductByName_029*****
09/03/2026 07:33:46 PM: INFO: *****Login Successful******
09/03/2026 07:33:46 PM: INFO: *****Staring Search Product By Name test*****
09/03/2026 07:41:18 PM: INFO: *****Test_SearchProductByName_029*****
09/03/2026 07:41:24 PM: INFO: *****Login Successful******
09/03/2026 07:41:24 PM: INFO: *****Staring Search Product By Name test*****
09/03/2026 07:43:01 PM: INFO: *****Test_SearchProductByName_029*****
09/03/2026 07:43:12 PM: INFO: *****Login Successful******
09/03/2026 07:43:12 PM: INFO: *****Staring Search Product By Name test*****
09/03/2026 07:56:13 PM: INFO: *****Test_SearchProductBySKU_030*****
09/03/2026 07:56:22 PM: INFO: *****Login Successful******
09/03/2026 07:56:22 PM: INFO: *****Staring Search Product By SKU test*****
09/03/2026 08:19:30 PM: INFO: *****Test_SearchProductBySKU_030*****
09/03/2026 08:19:37 PM: INFO: *****Login Successful******
09/03/2026 08:19:37 PM: INFO: *****Staring Search Product By SKU test*****
09/03/2026 08:20:31 PM: INFO: *****Test_SearchProductBySKU_030*****
09/03/2026 08:20:40 PM: INFO: *****Login Successful******
09/03/2026 08:20:40 PM: INFO: *****Staring Search Product By SKU test*****
09/04/2026 09:22:36 AM: INFO: *****Test_SearchProductBySKU_030*****
09/04/2026 09:22:48 AM: INFO: *****Login Successful******
09/04/2026 09:22:48 AM: INFO: *****Staring Search Product By SKU test*****
09/04/2026 09:51:48 AM: INFO: *****Test_SearchProductBySKU_030*****
09/04/2026 09:51:55 AM: INFO: *****Login Successful******
09/04/2026 09:51:55 AM: INFO: *****Staring Search Product By SKU test*****
09/04/2026 11:13:25 AM: INFO: *****Test_SearchProductBySKU_030*****
09/04/2026 11:13:38 AM: INFO: *****Login Successful******
09/04/2026 11:13:38 AM: INFO: *****Staring Search Product By SKU test*****
09/04/2026 11:28:13 AM: INFO: *****Test_SearchProductByVendor_031*****
09/04/2026 11:28:19 AM: INFO: *****Login Successful******
09/04/2026 11:28:19 AM: INFO: *****Staring Search Product By Vendor test*****
09/04/2026 11:29:33 AM: INFO: *****Test_SearchProductByVendor_031*****
09/04/2026 11:29:36 AM: INFO: *****Login Successful******
09/04/2026 11:29:36 AM: INFO: *****Staring Search Product By Vendor test*****
09/04/2026 11:59:21 AM: INFO: ********** Test_SearchProductByVendor_031 Started **********
09/04/2026 11:59:22 AM: INFO: Application URL opened: https://localhost:59579/admin
09/04/2026 11:59:23 AM: INFO: ********** Login Successful **********
09/04/2026 11:59:28 AM: INFO: ********** Products page opened successfully **********
09/04/2026 11:59:29 AM: INFO: ********** Product search performed for Vendor1 **********
09/04/2026 12:04:53 PM: INFO: ********** Test_SearchProductByVendor_031 Started **********
09/04/2026 12:04:54 PM: INFO: Application URL opened: https://localhost:59579/admin
09/04/2026 12:04:55 PM: INFO: ********** Login Successful **********
09/04/2026 12:05:00 PM: INFO: ********** Products page opened successfully **********
09/04/2026 12:05:01 PM: INFO: ********** Product search performed for Vendor1 **********
09/04/2026 12:05:01 PM: INFO: ********** 'No data available in table' validated **********
09/04/2026 12:08:43 PM: INFO: ********** Test_SearchProductByVendor_031 Started **********
09/04/2026 12:08:45 PM: INFO: Application URL opened: https://localhost:59579/admin
09/04/2026 12:08:46 PM: INFO: ********** Login Successful **********
09/04/2026 12:08:51 PM: INFO: ********** Products page opened successfully **********
09/04/2026 12:08:52 PM: INFO: ********** Product search performed for Vendor1 **********
09/04/2026 12:08:53 PM: INFO: ********** 'No data available in table' validated **********
09/04/2026 12:08:53 PM: INFO: ********** 'No records' validated **********
09/04/2026 12:08:53 PM: INFO: ********** Test_SearchProductByVendor_031 Passed **********
09/04/2026 12:10:26 PM: INFO: ********** Test_SearchProductByVendor_031 Started **********
09/04/2026 12:10:30 PM: INFO: Application URL opened: https://localhost:59579/admin
09/04/2026 12:10:32 PM: INFO: ********** Login Successful **********
09/04/2026 12:10:34 PM: INFO: ********** Products page opened successfully **********
09/04/2026 12:10:37 PM: INFO: ********** Product search performed for Vendor1 **********
09/04/2026 12:10:38 PM: INFO: ********** 'No data available in table' validated **********
09/04/2026 12:10:38 PM: INFO: ********** 'No records' validated **********
09/04/2026 12:10:38 PM: INFO: ********** Test_SearchProductByVendor_031 Passed **********
09/04/2026 02:06:34 PM: INFO: *****Test_EditProduct_031*****
09/04/2026 02:06:41 PM: INFO: *****Login Successful******
09/04/2026 02:06:41 PM: INFO: *****Staring Edit Product test*****
09/04/2026 02:06:46 PM: INFO: *****Edit page opened successfully****
09/04/2026 02:06:49 PM: INFO: *****Product details updated*****
09/04/2026 02:06:52 PM: INFO: *****Save button clicked*****
09/04/2026 02:07:41 PM: INFO: *****Test_EditProduct_031*****
09/04/2026 02:07:52 PM: INFO: *****Login Successful******
09/04/2026 02:07:52 PM: INFO: *****Staring Edit Product test*****
09/04/2026 02:07:56 PM: INFO: *****Edit page opened successfully****
09/04/2026 02:07:58 PM: INFO: *****Product details updated*****
09/04/2026 02:07:59 PM: INFO: *****Save button clicked*****
09/04/2026 04:46:46 PM: INFO: *****Test_AddProduct_028*****
09/04/2026 04:46:55 PM: INFO: *****Login Successful******
09/04/2026 04:46:55 PM: INFO: *****Staring Add Product test*****
09/04/2026 04:47:02 PM: INFO: *****Providing product details*******
09/04/2026 05:17:26 PM: INFO: *****Test_DeleteProduct_032*****
09/04/2026 05:17:37 PM: INFO: *****Login Successful******
09/04/2026 05:17:37 PM: INFO: *****Staring Delete Product test*****
09/04/2026 06:12:14 PM: INFO: *****Test_DeleteProduct_032*****
09/04/2026 06:12:23 PM: INFO: *****Login Successful******
09/04/2026 06:12:23 PM: INFO: *****Staring Delete Product test*****
09/04/2026 06:34:34 PM: INFO: *****Test_AddProduct_028*****
09/04/2026 06:34:49 PM: INFO: *****Login Successful******
09/04/2026 06:34:49 PM: INFO: *****Staring Add Product test*****
09/04/2026 06:34:53 PM: INFO: *****Providing product details*******
09/04/2026 06:36:44 PM: INFO: *****Test_DeleteProduct_032*****
09/04/2026 06:36:46 PM: INFO: *****Login Successful******
09/04/2026 06:36:46 PM: INFO: *****Staring Delete Product test*****
09/04/2026 06:39:32 PM: INFO: *****Test_AddProduct_028*****
09/04/2026 06:39:39 PM: INFO: *****Login Successful******
09/04/2026 06:39:39 PM: INFO: *****Staring Add Product test*****
09/04/2026 06:39:47 PM: INFO: *****Providing product details*******
09/04/2026 06:40:37 PM: INFO: *****Test_DeleteProduct_032*****
09/04/2026 06:40:41 PM: INFO: *****Login Successful******
09/04/2026 06:40:41 PM: INFO: *****Staring Delete Product test*****
09/04/2026 06:40:49 PM: INFO: ***** Product deleted successfully *****
09/04/2026 07:31:29 PM: INFO: *****Test_AddProduct_028*****
09/04/2026 07:31:37 PM: INFO: *****Login Successful******
09/04/2026 07:31:37 PM: INFO: *****Staring Add Product test*****
09/04/2026 07:31:41 PM: INFO: *****Providing product details*******
09/04/2026 07:33:04 PM: INFO: *****Test_DeleteProduct_032*****
09/04/2026 07:33:08 PM: INFO: *****Login Successful******
09/04/2026 07:33:08 PM: INFO: *****Staring Delete Product test*****
09/04/2026 07:33:16 PM: INFO: ***** Product deleted successfully *****
09/04/2026 07:36:38 PM: INFO: *****Test_DeleteProduct_032*****
09/04/2026 07:36:41 PM: INFO: *****Login Successful******
09/04/2026 07:36:41 PM: INFO: *****Staring Delete Product test*****
09/04/2026 07:36:48 PM: INFO: ***** Product deleted successfully *****
09/04/2026 07:37:39 PM: INFO: *****Test_AddProduct_028*****
09/04/2026 07:37:49 PM: INFO: *****Login Successful******
09/04/2026 07:37:49 PM: INFO: *****Staring Add Product test*****
09/04/2026 07:37:54 PM: INFO: *****Providing product details*******
09/04/2026 07:38:46 PM: INFO: *****Test_AddProduct_028*****
09/04/2026 07:38:52 PM: INFO: *****Login Successful******
09/04/2026 07:38:52 PM: INFO: *****Staring Add Product test*****
09/04/2026 07:38:54 PM: INFO: *****Providing product details*******
09/04/2026 07:39:27 PM: INFO: *****Test_DeleteProduct_032*****
09/04/2026 07:39:32 PM: INFO: *****Login Successful******
09/04/2026 07:39:32 PM: INFO: *****Staring Delete Product test*****
09/04/2026 07:39:36 PM: INFO: ***** Product deleted successfully *****
09/04/2026 07:43:44 PM: INFO: *****Test_AddProduct_028*****
09/04/2026 07:43:46 PM: INFO: *****Login Successful******
09/04/2026 07:43:46 PM: INFO: *****Staring Add Product test*****
09/04/2026 07:43:53 PM: INFO: *****Providing product details*******
09/04/2026 07:44:32 PM: INFO: *****Test_DeleteProduct_032*****
09/04/2026 07:44:37 PM: INFO: *****Login Successful******
09/04/2026 07:44:37 PM: INFO: *****Staring Delete Product test*****
09/04/2026 07:44:44 PM: INFO: ***** Product deleted successfully *****
09/04/2026 07:46:59 PM: INFO: *****Test_AddProduct_028*****
09/04/2026 07:47:03 PM: INFO: *****Login Successful******
09/04/2026 07:47:03 PM: INFO: *****Staring Add Product test*****
09/04/2026 07:47:10 PM: INFO: *****Providing product details*******
09/04/2026 07:47:45 PM: INFO: *****Test_DeleteProduct_032*****
09/04/2026 07:47:53 PM: INFO: *****Login Successful******
09/04/2026 07:47:53 PM: INFO: *****Staring Delete Product test*****
09/04/2026 07:47:58 PM: INFO: ***** Product deleted successfully *****
09/04/2026 07:49:15 PM: INFO: *****Test_AddProduct_028*****
09/04/2026 07:49:23 PM: INFO: *****Login Successful******
09/04/2026 07:49:23 PM: INFO: *****Staring Add Product test*****
09/04/2026 07:49:26 PM: INFO: *****Providing product details*******
09/04/2026 07:50:08 PM: INFO: *****Test_DeleteProduct_032*****
09/04/2026 07:50:13 PM: INFO: *****Login Successful******
09/04/2026 07:50:13 PM: INFO: *****Staring Delete Product test*****
09/04/2026 07:50:18 PM: INFO: ***** Product deleted successfully *****
09/04/2026 08:48:43 PM: INFO: *****Test_AddProduct_028*****
09/04/2026 08:48:51 PM: INFO: *****Login Successful******
09/04/2026 08:48:51 PM: INFO: *****Staring Add Product test*****
09/04/2026 08:48:56 PM: INFO: *****Providing product details*******
09/04/2026 08:49:45 PM: INFO: *****Test_DeleteProduct_Select_033*****
09/04/2026 08:49:52 PM: INFO: *****Login Successful******
09/04/2026 08:49:52 PM: INFO: *****Starting Delete Selected Product test*****
09/04/2026 08:49:54 PM: INFO: ***** Product 'Test Product 1810' was deleted successfully *****
09/05/2026 12:58:03 PM: INFO: ***Test_BulkEditProductSaveAll_034***
09/05/2026 12:59:18 PM: INFO: ***Test_BulkEditProductSaveAll_034***
09/05/2026 12:59:25 PM: INFO: *****Login Successful******
09/05/2026 12:59:25 PM: INFO: *****Staring Bulk Edit Product Save all Test*****
09/05/2026 01:43:26 PM: INFO: ***Test_BulkEditProductSaveAll_034***
09/05/2026 01:43:33 PM: INFO: *****Login Successful******
09/05/2026 01:43:33 PM: INFO: *****Staring Bulk Edit Product Save all Test*****
09/05/2026 04:33:36 PM: INFO: *** Test_BulkEditProductSaveSelected_035 ***
09/05/2026 04:33:46 PM: INFO: ***** Login Successful *****
09/05/2026 04:33:46 PM: INFO: ***** Starting Bulk Edit Product Save Selected Test *****
09/05/2026 04:33:52 PM: INFO: Product Name: Test Product 4758
09/05/2026 04:33:52 PM: INFO: SKU: SKU 69235
09/05/2026 04:33:52 PM: INFO: New Price: 2000
09/05/2026 04:33:52 PM: INFO: Old Price: 1000
09/05/2026 04:33:52 PM: INFO: Stock Quantity: 1000
09/05/2026 04:33:52 PM: INFO: Products at row 2 and row 3 selected
09/05/2026 04:33:53 PM: INFO: Bulk Edit Save Selected completed
09/05/2026 04:42:06 PM: INFO: *** Test_BulkEditProductSaveSelected_035 ***
09/05/2026 04:42:10 PM: INFO: ***** Login Successful *****
09/05/2026 04:42:10 PM: INFO: ***** Starting Bulk Edit Product Save Selected Test *****
09/05/2026 04:42:16 PM: INFO: Product Name: Test Product 7474
09/05/2026 04:42:16 PM: INFO: SKU: SKU 32906
09/05/2026 04:42:16 PM: INFO: New Price: 2000
09/05/2026 04:42:16 PM: INFO: Old Price: 1000
09/05/2026 04:42:16 PM: INFO: Stock Quantity: 1000
09/05/2026 04:42:16 PM: INFO: Products at row 2 and row 3 selected
09/05/2026 04:42:16 PM: INFO: Bulk Edit Save Selected completed
09/05/2026 04:57:23 PM: INFO: *** Test_BulkEditProductSaveSelected_035 ***
09/05/2026 04:57:30 PM: INFO: ***** Login Successful *****
09/05/2026 04:57:30 PM: INFO: ***** Starting Bulk Edit Product Save Selected Test *****
09/05/2026 04:57:34 PM: INFO: Product Name: Test Product 1848
09/05/2026 04:57:34 PM: INFO: SKU: SKU 19865
09/05/2026 04:57:34 PM: INFO: New Price: 2000
09/05/2026 04:57:34 PM: INFO: Old Price: 1000
09/05/2026 04:57:34 PM: INFO: Stock Quantity: 1000
09/05/2026 04:57:34 PM: INFO: Products at row 2 and row 3 selected
09/05/2026 04:57:35 PM: INFO: Bulk Edit Save Selected completed
09/05/2026 05:09:20 PM: INFO: *** Test_BulkEditProductSaveSelected_035 ***
09/05/2026 05:09:25 PM: INFO: ***** Login Successful *****
09/05/2026 05:09:25 PM: INFO: ***** Starting Bulk Edit Product Save Selected Test *****
09/05/2026 05:09:30 PM: INFO: Product Name: Test Product 5755
09/05/2026 05:09:30 PM: INFO: SKU: SKU 13483
09/05/2026 05:09:30 PM: INFO: New Price: 2000
09/05/2026 05:09:30 PM: INFO: Old Price: 1000
09/05/2026 05:09:30 PM: INFO: Stock Quantity: 1000
09/05/2026 05:09:30 PM: INFO: Product 'Test Product 5755' selected for Save Selected
09/05/2026 05:09:32 PM: INFO: Bulk Edit Save Selected completed
09/05/2026 05:09:33 PM: INFO: Product 'Test Product 5755' successfully found in Products table
09/05/2026 05:37:50 PM: INFO: *** Test_BulkEditProductSaveSelected_035 ***
09/05/2026 05:37:54 PM: INFO: ***** Login Successful *****
09/05/2026 05:37:54 PM: INFO: ***** Starting Bulk Edit Product Save Selected Test *****
09/05/2026 05:38:05 PM: INFO: Product Name: Test Product 9967
09/05/2026 05:38:05 PM: INFO: SKU: SKU 71751
09/05/2026 05:38:05 PM: INFO: New Price: 2000
09/05/2026 05:38:05 PM: INFO: Old Price: 1000
09/05/2026 05:38:05 PM: INFO: Stock Quantity: 1000
09/05/2026 06:52:14 PM: INFO: *** Test_BulkEditProductSaveSelected_035 ***
09/05/2026 06:52:25 PM: INFO: ***** Login Successful *****
09/05/2026 06:52:25 PM: INFO: ***** Starting Bulk Edit Product Save Selected Test *****
09/05/2026 06:52:36 PM: INFO: Product Name: Test Product 7090
09/05/2026 06:52:36 PM: INFO: SKU: SKU 39918
09/05/2026 06:52:36 PM: INFO: New Price: 2000
09/05/2026 06:52:36 PM: INFO: Old Price: 1000
09/05/2026 06:52:36 PM: INFO: Stock Quantity: 1000
09/05/2026 06:52:36 PM: INFO: Product 'Test Product 7090' selected for Save Selected
09/05/2026 06:52:39 PM: INFO: Bulk Edit Save Selected completed
09/05/2026 06:52:40 PM: INFO: Product 'Test Product 7090' successfully found in Products table
09/06/2026 11:23:26 AM: INFO: ***** Test_BulkEditProductSearchProductName_036*****
09/06/2026 11:23:36 AM: INFO: ***** Login Successful *****
09/06/2026 11:23:36 AM: INFO: ***** Starting Bulk Edit Product Search Product Name Test *****
09/06/2026 11:26:23 AM: INFO: ***** Test_BulkEditProductSearchProductName_036*****
09/06/2026 11:26:31 AM: INFO: ***** Login Successful *****
09/06/2026 11:26:31 AM: INFO: ***** Starting Bulk Edit Product Search Product Name Test *****
09/06/2026 11:29:19 AM: INFO: ***** Test_BulkEditProductSearchProductName_036*****
09/06/2026 11:29:23 AM: INFO: ***** Login Successful *****
09/06/2026 11:29:23 AM: INFO: ***** Starting Bulk Edit Product Search Product Name Test *****
09/06/2026 11:32:08 AM: INFO: ***** Test_BulkEditProductSearchProductName_036*****
09/06/2026 11:32:12 AM: INFO: ***** Login Successful *****
09/06/2026 11:32:12 AM: INFO: ***** Starting Bulk Edit Product Search Product Name Test *****
09/06/2026 01:39:20 PM: INFO: ***** Test_BulkEditProductSearchVendor_037*****
09/06/2026 01:39:26 PM: INFO: ***** Login Successful *****
09/06/2026 01:39:26 PM: INFO: ***** Starting Bulk Edit Product Search Vendor Test *****
09/06/2026 02:20:53 PM: INFO: ***** Test_BulkEditProductSearchVendor_037*****
09/06/2026 02:20:59 PM: INFO: ***** Login Successful *****
09/06/2026 02:20:59 PM: INFO: ***** Starting Bulk Edit Product Search Vendor Test *****
09/06/2026 02:52:34 PM: WARNING: There was an error managing chromedriver (error sending request for url (https://googlechromelabs.github.io/chrome-for-testing/known-good-versions-with-downloads.json)); using driver found in the cache
09/06/2026 02:52:34 PM: WARNING: Error sending stats to Plausible: error sending request for url (https://plausible.io/api/event)
09/06/2026 02:52:39 PM: INFO: ***** Test_BulkEditProductSearchVendor_037*****
09/06/2026 02:52:50 PM: INFO: ***** Login Successful *****
09/06/2026 02:52:50 PM: INFO: ***** Starting Bulk Edit Product Search Vendor Test *****
09/06/2026 02:57:57 PM: INFO: ***** Test_BulkEditProductSearchVendor_037*****
09/06/2026 02:58:06 PM: INFO: ***** Login Successful *****
09/06/2026 02:58:06 PM: INFO: ***** Starting Bulk Edit Product Search Vendor Test *****
09/06/2026 04:22:50 PM: INFO: ***** Test_BulkEditProductSearchVendor_037*****
09/06/2026 04:22:59 PM: INFO: ***** Login Successful *****
09/06/2026 04:22:59 PM: INFO: ***** Starting Bulk Edit Product Search Vendor Test *****
09/06/2026 04:35:05 PM: INFO: ***** Test_BulkEditProductSearchVendor_037*****
09/06/2026 04:35:12 PM: INFO: ***** Login Successful *****
09/06/2026 04:35:12 PM: INFO: ***** Starting Bulk Edit Product Search Vendor Test *****
09/06/2026 04:41:08 PM: INFO: ***** Test_BulkEditProductSearchVendor_037*****
09/06/2026 04:41:13 PM: INFO: ***** Login Successful *****
09/06/2026 04:41:13 PM: INFO: ***** Starting Bulk Edit Product Search Vendor Test *****
09/06/2026 05:37:46 PM: INFO: ***** Test_BulkEditProductSearchVendor_037*****
09/06/2026 05:37:57 PM: INFO: ***** Login Successful *****
09/06/2026 05:37:57 PM: INFO: ***** Starting Bulk Edit Product Search Vendor Test *****
09/06/2026 06:53:49 PM: INFO: ***** Test_BulkEditProductSearchVendor_037*****
09/06/2026 06:54:00 PM: INFO: ***** Login Successful *****
09/06/2026 06:54:00 PM: INFO: ***** Starting Bulk Edit Product Search Vendor Test *****
09/06/2026 07:01:34 PM: INFO: ***** Test_BulkEditProductSearchVendor_037*****
09/06/2026 07:01:43 PM: INFO: ***** Login Successful *****
09/06/2026 07:01:43 PM: INFO: ***** Starting Bulk Edit Product Search Vendor Test *****
09/06/2026 07:04:58 PM: INFO: ***** Test_BulkEditProductSearchVendor_037*****
09/06/2026 07:05:02 PM: INFO: ***** Login Successful *****
09/06/2026 07:05:02 PM: INFO: ***** Starting Bulk Edit Product Search Vendor Test *****
09/06/2026 07:20:41 PM: INFO: ***** Test_BulkEditProductSearchVendor_037*****
09/06/2026 07:20:48 PM: INFO: ***** Login Successful *****
09/06/2026 07:20:48 PM: INFO: ***** Starting Bulk Edit Product Search Vendor Test *****
09/06/2026 07:24:19 PM: INFO: ***** Test_BulkEditProductSearchVendor_037*****
09/06/2026 07:24:23 PM: INFO: ***** Login Successful *****
09/06/2026 07:24:23 PM: INFO: ***** Starting Bulk Edit Product Search Vendor Test *****
09/07/2026 09:54:53 AM: INFO: ***** Test_BulkEditProductSearchVendor_037*****
09/07/2026 09:54:56 AM: INFO: ***** Login Successful *****
09/07/2026 09:54:56 AM: INFO: ***** Starting Bulk Edit Product Search Vendor Test *****
09/07/2026 10:30:32 AM: INFO: ***** Test_BulkEditProductSearchVendor_037*****
09/07/2026 10:30:38 AM: INFO: ***** Login Successful *****
09/07/2026 10:30:38 AM: INFO: ***** Starting Bulk Edit Product Search Vendor Test *****
09/07/2026 10:38:06 AM: INFO: ***** Test_BulkEditProductSearchVendor_037*****
09/07/2026 10:38:11 AM: INFO: ***** Login Successful *****
09/07/2026 10:38:11 AM: INFO: ***** Starting Bulk Edit Product Search Vendor Test *****
09/07/2026 10:51:47 AM: INFO: ***** Test_BulkEditProductSearchProductType_038*****
09/07/2026 10:51:55 AM: INFO: ***** Login Successful *****
09/07/2026 10:51:55 AM: INFO: ***** Starting Bulk Edit Product Search Product Type Test *****
09/07/2026 11:43:19 AM: INFO: ***** Test_BulkEditProductSearchProductType_038*****
09/07/2026 11:43:27 AM: INFO: ***** Login Successful *****
09/07/2026 11:43:27 AM: INFO: ***** Starting Bulk Edit Product Search Product Type Test *****
09/07/2026 11:48:42 AM: INFO: ***** Test_BulkEditProductSearchProductType_038*****
09/07/2026 11:48:49 AM: INFO: ***** Login Successful *****
09/07/2026 11:48:49 AM: INFO: ***** Starting Bulk Edit Product Search Product Type Test *****
09/07/2026 12:03:41 PM: INFO: ***** Test_BulkEditProductSearchProductType_038*****
09/07/2026 12:03:46 PM: INFO: ***** Login Successful *****
09/07/2026 12:03:46 PM: INFO: ***** Starting Bulk Edit Product Search Product Type Test *****
09/07/2026 12:07:44 PM: INFO: ***** Test_BulkEditProductSearchProductType_038*****
09/07/2026 12:07:49 PM: INFO: ***** Login Successful *****
09/07/2026 12:07:49 PM: INFO: ***** Starting Bulk Edit Product Search Product Type Test *****
09/07/2026 12:17:18 PM: INFO: ***** Test_BulkEditProductSearchProductType_038*****
09/07/2026 12:17:23 PM: INFO: ***** Login Successful *****
09/07/2026 12:17:23 PM: INFO: ***** Starting Bulk Edit Product Search Product Type Test *****
09/07/2026 12:59:39 PM: INFO: ***** Test_BulkEditProductSearchProductType_038*****
09/07/2026 12:59:50 PM: INFO: ***** Login Successful *****
09/07/2026 12:59:50 PM: INFO: ***** Starting Bulk Edit Product Search Product Type Test *****
09/07/2026 06:21:02 PM: INFO: ***** Test_BulkEditProductSearchPublishType_039*****
09/07/2026 06:21:13 PM: INFO: ***** Login Successful *****
09/07/2026 06:21:13 PM: INFO: ***** Starting Bulk Edit Product Search Publish Type Test *****
09/07/2026 06:25:29 PM: INFO: ***** Test_BulkEditProductSearchPublishType_039*****
09/07/2026 06:25:34 PM: INFO: ***** Login Successful *****
09/07/2026 06:25:34 PM: INFO: ***** Starting Bulk Edit Product Search Publish Type Test *****
09/08/2026 09:11:47 AM: INFO: ***** Test_BulkEditProductSearchProductType_038*****
09/08/2026 09:11:50 AM: INFO: ***** Login Successful *****
09/08/2026 09:11:50 AM: INFO: ***** Starting Bulk Edit Product Search Product Type Test *****
09/08/2026 11:25:27 AM: INFO: ***** Test_BulkEditProductSearchPublishType_039*****
09/08/2026 11:25:34 AM: INFO: ***** Login Successful *****
09/08/2026 11:25:34 AM: INFO: ***** Starting Bulk Edit Product Search Publish Type Test *****
09/08/2026 11:28:54 AM: INFO: ***** Test_BulkEditProductSearchPublishType_039*****
09/08/2026 11:29:01 AM: INFO: ***** Login Successful *****
09/08/2026 11:29:01 AM: INFO: ***** Starting Bulk Edit Product Search Publish Type Test *****
09/08/2026 03:54:23 PM: INFO: ******* Deleting Customer *******
09/08/2026 03:54:34 PM: INFO: ******* Login Successful *****
09/08/2026 03:54:36 PM: INFO: ******* Customers page opened *******
09/08/2026 03:54:39 PM: INFO: ******* Edit Customer button clicked *******
09/08/2026 03:54:41 PM: INFO: ******* Edit Customer page opened successfully *******
09/08/2026 03:54:41 PM: INFO: ******* Delete Customer button clicked *******
09/08/2026 03:54:53 PM: INFO: ******* Delete confirmation accepted *******
09/08/2026 03:54:53 PM: INFO: ********* Delete Customer test passed **********
09/08/2026 03:54:56 PM: INFO: ****** Ending Delete Customer Test *******
09/08/2026 04:38:43 PM: INFO: ********** Test_003_AddCustomer **********
09/08/2026 04:38:50 PM: INFO: ********* Login Successful **********
09/08/2026 04:38:50 PM: INFO: ********* Starting Add Customer Test *********
09/08/2026 04:38:54 PM: INFO: ******** Providing customer information ********
09/08/2026 04:38:56 PM: INFO: ******** Customer information provided ********
09/08/2026 04:38:57 PM: INFO: ******** Saving customer information ********
09/08/2026 04:38:57 PM: INFO: Success message: ×
The new customer has been added successfully.
09/08/2026 04:38:57 PM: INFO: ******** Customer added successfully ********
09/08/2026 04:38:57 PM: INFO: ******** Verifying customer in Customers grid ********
09/08/2026 04:39:13 PM: INFO: ******** Customers page opened ********
09/08/2026 04:39:14 PM: INFO: ******** Searching for q00k63s8@gmail.com ********
09/08/2026 04:39:14 PM: INFO: ******** Customer found in Customers grid ********
09/08/2026 04:39:14 PM: INFO: ******** Add customer test passed ********
09/08/2026 04:44:26 PM: INFO: ********** Test_003_AddCustomer **********
09/08/2026 04:44:30 PM: INFO: ********* Login Successful **********
09/08/2026 04:44:30 PM: INFO: ********* Starting Add Customer Test *********
09/08/2026 04:44:34 PM: INFO: ******** Providing customer information ********
09/08/2026 04:44:36 PM: INFO: ******** Customer information provided ********
09/08/2026 04:44:37 PM: INFO: ******** Saving customer information ********
09/08/2026 04:44:37 PM: INFO: Success message: ×
The new customer has been added successfully.
09/08/2026 04:44:37 PM: INFO: ******** Customer added successfully ********
09/08/2026 04:44:37 PM: INFO: ******** Verifying customer in Customers grid ********
09/08/2026 04:44:53 PM: INFO: ******** Customers page opened ********
09/08/2026 04:44:55 PM: INFO: ******** Searching for 52w1ip0n@gmail.com ********
09/08/2026 04:44:55 PM: INFO: ******** Customer found in Customers grid ********
09/08/2026 04:44:55 PM: INFO: ******** Add customer test passed ********
09/08/2026 05:26:32 PM: INFO: ********** Test_003_AddCustomer **********
09/08/2026 05:26:38 PM: INFO: ********* Login Successful **********
09/08/2026 05:26:38 PM: INFO: ********* Starting Add Customer Test *********
09/08/2026 05:26:42 PM: INFO: ******** Providing customer information ********
09/08/2026 05:26:44 PM: INFO: ******** Customer information provided ********
09/08/2026 05:26:45 PM: INFO: ******** Saving customer information ********
09/08/2026 05:26:45 PM: INFO: Success message: ×
The new customer has been added successfully.
09/08/2026 05:26:45 PM: INFO: ******** Customer added successfully ********
09/08/2026 05:26:45 PM: INFO: ******** Verifying customer in Customers grid ********
09/08/2026 05:27:01 PM: INFO: ******** Customers page opened ********
09/08/2026 05:27:02 PM: INFO: ******** Searching for ozqz8bmc@gmail.com ********
09/08/2026 05:27:03 PM: INFO: ******** Customer found in Customers grid ********
09/08/2026 05:27:03 PM: INFO: ******** Add customer test passed ********
09/08/2026 05:30:32 PM: INFO: *** Test_BulkEditProductSaveSelected_035 ***
09/08/2026 05:30:38 PM: INFO: ***** Login Successful *****
09/08/2026 05:30:38 PM: INFO: ***** Starting Bulk Edit Product Save Selected Test *****
09/08/2026 05:30:43 PM: INFO: Product Name: Test Product 4582
09/08/2026 05:30:43 PM: INFO: SKU: SKU 19178
09/08/2026 05:30:43 PM: INFO: New Price: 2000
09/08/2026 05:30:43 PM: INFO: Old Price: 1000
09/08/2026 05:30:43 PM: INFO: Stock Quantity: 1000
09/08/2026 05:30:43 PM: INFO: Product 'Test Product 4582' selected for Save Selected
09/08/2026 05:30:44 PM: INFO: Bulk Edit Save Selected completed
09/08/2026 05:38:26 PM: INFO: *** Test_BulkEditProductSaveSelected_035 ***
09/08/2026 05:38:34 PM: INFO: ***** Login Successful *****
09/08/2026 05:38:34 PM: INFO: ***** Starting Bulk Edit Product Save Selected Test *****
09/08/2026 05:38:40 PM: INFO: Product Name: Test Product 7512
09/08/2026 05:38:40 PM: INFO: SKU: SKU 95246
09/08/2026 05:38:40 PM: INFO: New Price: 2000
09/08/2026 05:38:40 PM: INFO: Old Price: 1000
09/08/2026 05:38:40 PM: INFO: Stock Quantity: 1000
09/08/2026 05:38:40 PM: INFO: Product 'Test Product 7512' selected for Save Selected
09/08/2026 05:38:40 PM: INFO: Bulk Edit Save Selected completed
09/08/2026 05:38:42 PM: INFO: Product 'Test Product 7512' successfully found in Products table
09/08/2026 05:40:38 PM: INFO: ***Test_BulkEditProductSaveAll_034***
09/08/2026 05:40:46 PM: INFO: *****Login Successful******
09/08/2026 05:40:46 PM: INFO: *****Staring Bulk Edit Product Save all Test*****
09/08/2026 05:43:02 PM: INFO: *** Test_BulkEditProductSaveAll_035 ***
09/08/2026 05:43:10 PM: INFO: ***** Login Successful *****
09/08/2026 05:43:10 PM: INFO: ***** Starting Bulk Edit Product Save All Test *****
09/08/2026 05:43:16 PM: INFO: Product Name: Test Product 7949
09/08/2026 05:43:16 PM: INFO: SKU: SKU 11658
09/08/2026 05:43:16 PM: INFO: New Price: 2000
09/08/2026 05:43:16 PM: INFO: Old Price: 1000
09/08/2026 05:43:16 PM: INFO: Stock Quantity: 1000
09/08/2026 05:43:17 PM: INFO: Bulk Edit Save All completed
09/08/2026 05:43:19 PM: INFO: Product 'Test Product 7949' successfully found in Products table
09/08/2026 06:36:22 PM: INFO: *** Test_BulkEditProductSaveAll_035 ***
09/08/2026 06:36:31 PM: INFO: ***** Login Successful *****
09/08/2026 06:36:31 PM: INFO: ***** Starting Bulk Edit Product Save All Test *****
09/08/2026 06:36:36 PM: INFO: Product Name: Test Product 9318
09/08/2026 06:36:36 PM: INFO: SKU: SKU 21464
09/08/2026 06:36:36 PM: INFO: New Price: 2000
09/08/2026 06:36:36 PM: INFO: Old Price: 1000
09/08/2026 06:36:36 PM: INFO: Stock Quantity: 1000
09/08/2026 06:36:36 PM: INFO: Bulk Edit Save All completed
09/08/2026 06:42:21 PM: INFO: *** Test_BulkEditProductSaveAll_035 ***
09/08/2026 06:42:30 PM: INFO: ***** Login Successful *****
09/08/2026 06:42:30 PM: INFO: ***** Starting Bulk Edit Product Save All Test *****
09/08/2026 06:54:32 PM: INFO: *** Test_BulkEditProductSaveAll_035 ***
09/08/2026 06:54:39 PM: INFO: ***** Login Successful *****
09/08/2026 06:54:39 PM: INFO: ***** Starting Bulk Edit Product Save All Test *****
09/08/2026 06:56:51 PM: INFO: *** Test_BulkEditProductSaveAll_035 ***
09/08/2026 06:57:00 PM: INFO: ***** Login Successful *****
09/08/2026 06:57:00 PM: INFO: ***** Starting Bulk Edit Product Save All Test *****
09/08/2026 06:57:05 PM: INFO: Product Name: Test Product 7598
09/08/2026 06:57:05 PM: INFO: SKU: SKU 82383
09/08/2026 06:57:05 PM: INFO: New Price: 2000
09/08/2026 06:57:05 PM: INFO: Old Price: 1000
09/08/2026 06:57:05 PM: INFO: Stock Quantity: 1000
09/08/2026 06:57:05 PM: INFO: Bulk Edit Save All completed
09/08/2026 06:57:07 PM: INFO: Product 'Test Product 7598' successfully found in Products table
09/08/2026 07:00:26 PM: INFO: ***** Test_BulkEditProductSearchVendor_037*****
09/08/2026 07:00:36 PM: INFO: ***** Login Successful *****
09/08/2026 07:00:36 PM: INFO: ***** Starting Bulk Edit Product Search Vendor Test *****
09/08/2026 07:10:21 PM: INFO: ***** Test_BulkEditProductSearchVendor_037*****
09/08/2026 07:10:28 PM: INFO: ***** Login Successful *****
09/08/2026 07:10:28 PM: INFO: ***** Starting Bulk Edit Product Search Vendor Test *****
09/08/2026 07:17:59 PM: INFO: ***** Test_BulkEditProductSearchVendor_037*****
09/08/2026 07:18:05 PM: INFO: ***** Login Successful *****
09/08/2026 07:18:05 PM: INFO: ***** Starting Bulk Edit Product Search Vendor Test *****
09/08/2026 07:18:44 PM: INFO: ***** Test_BulkEditProductSearchVendor_037*****
09/08/2026 07:18:53 PM: INFO: ***** Login Successful *****
09/08/2026 07:18:53 PM: INFO: ***** Starting Bulk Edit Product Search Vendor Test *****
09/08/2026 07:22:22 PM: INFO: ***** Test_BulkEditProductSearchVendor_037*****
09/08/2026 07:22:29 PM: INFO: ***** Login Successful *****
09/08/2026 07:22:29 PM: INFO: ***** Starting Bulk Edit Product Search Vendor Test *****
09/08/2026 07:26:02 PM: INFO: *****Test_SearchProductBySKU_030*****
09/08/2026 07:26:09 PM: INFO: *****Login Successful******
09/08/2026 07:26:09 PM: INFO: *****Staring Search Product By SKU test*****
09/08/2026 07:32:28 PM: INFO: *****Test_SearchProductBySKU_030*****
09/08/2026 07:32:34 PM: INFO: *****Login Successful******
09/08/2026 07:32:34 PM: INFO: *****Staring Search Product By SKU test*****
09/08/2026 08:12:52 PM: INFO: *****Test_DeleteProduct_032*****
09/08/2026 08:12:59 PM: INFO: *****Login Successful******
09/08/2026 08:12:59 PM: INFO: *****Staring Delete Product test*****
09/08/2026 08:13:05 PM: INFO: ***** Product deleted successfully *****
09/08/2026 08:17:55 PM: INFO: ***** Test_BulkEditProductSearchProductType_038*****
09/08/2026 08:18:02 PM: INFO: ***** Login Successful *****
09/08/2026 08:18:02 PM: INFO: ***** Starting Bulk Edit Product Search Product Type Test *****
09/08/2026 08:55:40 PM: INFO: ***** Test_BulkEditProductSearchProductType_038*****
09/08/2026 08:55:50 PM: INFO: ***** Login Successful *****
09/08/2026 08:55:50 PM: INFO: ***** Starting Bulk Edit Product Search Product Type Test *****
09/08/2026 08:59:15 PM: INFO: ***** Test_BulkEditProductSearchProductType_038*****
09/08/2026 08:59:37 PM: INFO: ***** Login Successful *****
09/08/2026 08:59:37 PM: INFO: ***** Starting Bulk Edit Product Search Product Type Test *****
09/08/2026 09:05:32 PM: INFO: ***** Test_BulkEditProductSearchProductType_038*****
09/08/2026 09:06:02 PM: INFO: ***** Login Successful *****
09/08/2026 09:06:02 PM: INFO: ***** Starting Bulk Edit Product Search Product Type Test *****
09/08/2026 09:11:29 PM: INFO: ***** Test_BulkEditProductSearchProductType_038*****
09/08/2026 09:11:48 PM: INFO: ***** Login Successful *****
09/08/2026 09:11:48 PM: INFO: ***** Starting Bulk Edit Product Search Product Type Test *****
09/08/2026 09:16:25 PM: INFO: ***** Test_BulkEditProductSearchProductType_038*****
09/08/2026 09:16:32 PM: INFO: ***** Login Successful *****
09/08/2026 09:16:32 PM: INFO: ***** Starting Bulk Edit Product Search Product Type Test *****
09/08/2026 09:19:37 PM: INFO: ***** Test_BulkEditProductSearchProductType_038*****
09/08/2026 09:19:51 PM: INFO: ***** Login Successful *****
09/08/2026 09:19:51 PM: INFO: ***** Starting Bulk Edit Product Search Product Type Test *****
09/08/2026 09:23:04 PM: INFO: ***** Test_BulkEditProductSearchProductType_038*****
09/08/2026 09:23:12 PM: INFO: ***** Login Successful *****
09/08/2026 09:23:12 PM: INFO: ***** Starting Bulk Edit Product Search Product Type Test *****
09/09/2026 09:18:06 AM: INFO: ***** Test_BulkEditProductSearchProductType_038*****
09/09/2026 09:18:32 AM: INFO: ***** Login Successful *****
09/09/2026 09:18:32 AM: INFO: ***** Starting Bulk Edit Product Search Product Type Test *****
09/09/2026 09:23:35 AM: INFO: ***** Test_BulkEditProductSearchProductType_038*****
09/09/2026 09:23:43 AM: INFO: ***** Login Successful *****
09/09/2026 09:23:43 AM: INFO: ***** Starting Bulk Edit Product Search Product Type Test *****
09/09/2026 09:26:30 AM: INFO: ***** Test_BulkEditProductSearchProductType_038*****
09/09/2026 09:26:36 AM: INFO: ***** Login Successful *****
09/09/2026 09:26:36 AM: INFO: ***** Starting Bulk Edit Product Search Product Type Test *****
09/09/2026 09:31:49 AM: INFO: ***** Test_BulkEditProductSearchPublishType_039*****
09/09/2026 09:31:57 AM: INFO: ***** Login Successful *****
09/09/2026 09:31:57 AM: INFO: ***** Starting Bulk Edit Product Search Publish Type Test *****
09/09/2026 10:39:54 AM: INFO: *****Test_DeleteProduct_032*****
09/09/2026 10:40:04 AM: INFO: *****Login Successful******
09/09/2026 10:40:04 AM: INFO: *****Staring Delete Product test*****
09/09/2026 10:57:30 AM: INFO: *****Test_DeleteProduct_032*****
09/09/2026 10:57:50 AM: INFO: *****Login Successful******
09/09/2026 10:57:50 AM: INFO: *****Staring Delete Product test*****
09/09/2026 11:08:32 AM: INFO: *****Test_DeleteProduct_032*****
09/09/2026 11:08:39 AM: INFO: *****Login Successful******
09/09/2026 11:08:39 AM: INFO: *****Staring Delete Product test*****
09/09/2026 11:08:48 AM: INFO: ***** Product deleted successfully *****
09/09/2026 12:30:55 PM: INFO: *** Test_BulkEditProductSaveAll_035 ***
09/09/2026 12:31:04 PM: INFO: ***** Login Successful *****
09/09/2026 12:31:04 PM: INFO: ***** Starting Bulk Edit Product Save All Test *****
09/09/2026 12:31:09 PM: INFO: Product Name: Test Product 4920
09/09/2026 12:31:09 PM: INFO: SKU: SKU 54381
09/09/2026 12:31:09 PM: INFO: New Price: 2000
09/09/2026 12:31:09 PM: INFO: Old Price: 1000
09/09/2026 12:31:09 PM: INFO: Stock Quantity: 1000
09/09/2026 12:31:10 PM: INFO: Bulk Edit Save All completed
09/09/2026 12:31:12 PM: INFO: Product 'Test Product 4920' successfully found in Products table
09/09/2026 12:35:29 PM: INFO: ***** Test_BulkEditProductSearchProductType_038*****
09/09/2026 12:35:37 PM: INFO: ***** Login Successful *****
09/09/2026 12:35:37 PM: INFO: ***** Starting Bulk Edit Product Search Product Type Test *****
09/09/2026 12:39:04 PM: INFO: ********** Test_SearchProductByVendor_031 Started **********
09/09/2026 12:39:07 PM: INFO: Application URL opened: https://localhost:59579/admin
09/09/2026 12:39:10 PM: INFO: ********** Login Successful **********
09/09/2026 12:39:12 PM: INFO: ********** Products page opened successfully **********
09/09/2026 12:42:06 PM: INFO: ********** Test_SearchProductByVendor_031 Started **********
09/09/2026 12:42:10 PM: INFO: Application URL opened: https://localhost:59579/admin
09/09/2026 12:42:14 PM: INFO: ********** Login Successful **********
09/09/2026 12:42:15 PM: INFO: ********** Products page opened successfully **********
09/09/2026 12:42:18 PM: INFO: ********** Product search performed for Vendor1 **********
09/09/2026 12:42:18 PM: INFO: ********** 'No data available in table' validated **********
09/09/2026 12:42:18 PM: INFO: ********** 'No records' validated **********
09/09/2026 12:42:18 PM: INFO: ********** Test_SearchProductByVendor_031 Passed **********
09/09/2026 01:41:55 PM: INFO: ***** Test_BulkEditProductSearchPublishType_039*****
09/09/2026 01:42:04 PM: INFO: ***** Login Successful *****
09/09/2026 01:42:04 PM: INFO: ***** Starting Bulk Edit Product Search Publish Type Test *****
09/09/2026 03:03:28 PM: INFO: *****Test_DeleteProduct_032*****
09/09/2026 03:03:46 PM: INFO: *****Login Successful******
09/09/2026 03:03:46 PM: INFO: *****Staring Delete Product test*****
09/09/2026 03:03:55 PM: INFO: ***** Product deleted successfully *****
09/09/2026 03:13:19 PM: INFO: ******* Editing Customer *******
09/09/2026 03:13:27 PM: INFO: ******* Login Successful *****
09/09/2026 03:13:29 PM: INFO: ******* Customers page opened *******
09/09/2026 03:13:32 PM: INFO: ******* Edit Customer button clicked *******
09/09/2026 03:13:32 PM: INFO: ******* Edit Customer page opened successfully *******
09/09/2026 03:13:34 PM: INFO: ********* Edit Customer test passed **********
09/09/2026 03:13:35 PM: INFO: ****** Ending Edit Customer Test *******
09/09/2026 03:16:28 PM: INFO: ***** Test_BulkEditProductSearchPublishType_039*****
09/09/2026 03:16:35 PM: INFO: ***** Login Successful *****
09/09/2026 03:16:35 PM: INFO: ***** Starting Bulk Edit Product Search Publish Type Test *****
09/09/2026 04:13:25 PM: INFO: *****Delete_SingleActivity_019*****
09/09/2026 04:13:35 PM: INFO: ***********Login Successful**********
09/09/2026 04:13:35 PM: INFO: **********Starting Delete_SingleActivity_019**********
09/09/2026 04:13:38 PM: INFO: Customers available for export: 15
09/09/2026 04:13:43 PM: INFO: ******Customers exported successfully*******
09/09/2026 04:13:45 PM: INFO: Activity Log records found: 6
09/09/2026 04:13:45 PM: INFO: ******Activity Log delete clicked*******
09/09/2026 04:17:33 PM: INFO: ********** Test_SearchProductByVendor_031 Started **********
09/09/2026 04:17:37 PM: INFO: Application URL opened: https://localhost:59579/admin
09/09/2026 04:17:39 PM: INFO: ********** Login Successful **********
09/09/2026 04:17:42 PM: INFO: ********** Products page opened successfully **********
09/09/2026 04:17:45 PM: INFO: ********** Product search performed for Vendor1 **********
09/09/2026 04:17:45 PM: INFO: ********** 'No data available in table' validated **********
09/09/2026 04:17:45 PM: INFO: ********** 'No records' validated **********
09/09/2026 04:17:45 PM: INFO: ********** Test_SearchProductByVendor_031 Passed **********
09/09/2026 04:19:00 PM: INFO: ******* Deleting Customer *******
09/09/2026 04:19:07 PM: INFO: ******* Login Successful *****
09/09/2026 04:19:09 PM: INFO: ******* Customers page opened *******
09/09/2026 04:19:12 PM: INFO: ******* Edit Customer button clicked *******
09/09/2026 04:19:14 PM: INFO: ******* Edit Customer page opened successfully *******
09/09/2026 04:19:14 PM: INFO: ******* Delete Customer button clicked *******
09/09/2026 04:19:26 PM: INFO: ******* Delete confirmation accepted *******
09/09/2026 04:19:27 PM: INFO: ********* Delete Customer test passed **********
09/09/2026 04:19:29 PM: INFO: ****** Ending Delete Customer Test *******
09/09/2026 04:19:43 PM: INFO: *****Test_DeleteProduct_Select_033*****
09/09/2026 04:19:50 PM: INFO: *****Login Successful******
09/09/2026 04:19:50 PM: INFO: *****Starting Delete Selected Product test*****
09/09/2026 04:20:02 PM: INFO: ***** Product 'Test Product 4151' was deleted successfully *****
09/09/2026 04:20:17 PM: INFO: *****Test_DeleteProduct_032*****
09/09/2026 04:20:24 PM: INFO: *****Login Successful******
09/09/2026 04:20:24 PM: INFO: *****Staring Delete Product test*****
09/09/2026 04:20:32 PM: INFO: ***** Product deleted successfully *****
09/09/2026 04:21:29 PM: INFO: ******* Editing Customer *******
09/09/2026 04:21:33 PM: INFO: ******* Login Successful *****
09/09/2026 04:21:36 PM: INFO: ******* Customers page opened *******
09/09/2026 04:21:41 PM: INFO: ******* Edit Customer button clicked *******
09/09/2026 04:21:41 PM: INFO: ******* Edit Customer page opened successfully *******
09/09/2026 04:21:43 PM: INFO: ********* Edit Customer test passed **********
09/09/2026 04:21:45 PM: INFO: ****** Ending Edit Customer Test *******
09/09/2026 04:21:58 PM: INFO: *****Test_EditProduct_031*****
09/09/2026 04:22:02 PM: INFO: *****Login Successful******
09/09/2026 04:22:02 PM: INFO: *****Staring Edit Product test*****
09/09/2026 04:22:06 PM: INFO: *****Edit page opened successfully****
09/09/2026 04:22:08 PM: INFO: *****Product details updated*****
09/09/2026 04:22:08 PM: INFO: *****Save button clicked*****
09/09/2026 04:22:24 PM: INFO: ******* Test_EditVendor_015 *******
09/09/2026 04:22:29 PM: INFO: *********** Login Successful **********
09/09/2026 04:22:32 PM: INFO: ******** Starting Edit Vendor Test ********
09/09/2026 04:22:34 PM: INFO: Vendor selected for editing: Vendor1
09/09/2026 04:22:34 PM: INFO: Vendor 'Vendor1' found successfully
09/09/2026 04:22:49 PM: INFO: ******VerifyActivityTypeDisplayed******
09/09/2026 04:22:53 PM: INFO: ***********Login Successful**********
09/09/2026 04:22:53 PM: INFO: ********Starting Verify Activity Type**********
09/09/2026 04:22:56 PM: INFO: fActivity Type '{activity_name}' Status: {result}
09/09/2026 04:22:56 PM: INFO: fActivity Type '{activity_name}' Status: {result}
09/09/2026 04:23:16 PM: INFO: ********** Test_003_AddCustomer **********
09/09/2026 04:23:26 PM: INFO: ********* Login Successful **********
09/09/2026 04:23:26 PM: INFO: ********* Starting Add Customer Test *********
09/09/2026 04:23:31 PM: INFO: ******** Providing customer information ********
09/09/2026 04:23:56 PM: INFO: ******** Customer information provided ********
09/09/2026 04:23:58 PM: INFO: ******** Saving customer information ********
09/09/2026 04:23:59 PM: INFO: Success message: ×
The new customer has been added successfully.
09/09/2026 04:23:59 PM: INFO: ******** Customer added successfully ********
09/09/2026 04:23:59 PM: INFO: ******** Verifying customer in Customers grid ********
09/09/2026 04:24:15 PM: INFO: ******** Customers page opened ********
09/09/2026 04:24:17 PM: INFO: ******** Searching for ue4e88o6@gmail.com ********
09/09/2026 04:24:17 PM: INFO: ******** Customer found in Customers grid ********
09/09/2026 04:24:17 PM: INFO: ******** Add customer test passed ********
09/09/2026 04:24:37 PM: INFO: *****Test_AddProduct_028*****
09/09/2026 04:24:43 PM: INFO: *****Login Successful******
09/09/2026 04:24:43 PM: INFO: *****Staring Add Product test*****
09/09/2026 04:24:55 PM: INFO: *****Providing product details*******
09/09/2026 04:25:26 PM: INFO: ******* Test_012_AddVendor *******
09/09/2026 04:25:38 PM: INFO: ***** Login Successfully *****
09/09/2026 04:25:38 PM: INFO: ****** Starting Add Vendor Test ******
09/09/2026 04:25:47 PM: INFO: ****** Providing Vendor Info ******
09/09/2026 04:25:56 PM: INFO: After Save URL: https://localhost:59579/Admin/Vendor/List
09/09/2026 04:25:56 PM: INFO: ******Vendor added successfully******
09/09/2026 04:26:30 PM: INFO: *** Test_BulkEditProductSaveAll_035 ***
09/09/2026 04:26:45 PM: INFO: ***** Login Successful *****
09/09/2026 04:26:45 PM: INFO: ***** Starting Bulk Edit Product Save All Test *****
09/09/2026 04:26:49 PM: INFO: Product Name: Test Product 6334
09/09/2026 04:26:49 PM: INFO: SKU: SKU 11669
09/09/2026 04:26:49 PM: INFO: New Price: 2000
09/09/2026 04:26:49 PM: INFO: Old Price: 1000
09/09/2026 04:26:49 PM: INFO: Stock Quantity: 1000
09/09/2026 04:26:51 PM: INFO: Bulk Edit Save All completed
09/09/2026 04:27:33 PM: INFO: *** Test_BulkEditProductSaveSelected_035 ***
09/09/2026 04:27:46 PM: INFO: ***** Login Successful *****
09/09/2026 04:27:46 PM: INFO: ***** Starting Bulk Edit Product Save Selected Test *****
09/09/2026 04:28:03 PM: INFO: Product Name: Test Product 4418
09/09/2026 04:28:03 PM: INFO: SKU: SKU 36157
09/09/2026 04:28:03 PM: INFO: New Price: 2000
09/09/2026 04:28:03 PM: INFO: Old Price: 1000
09/09/2026 04:28:03 PM: INFO: Stock Quantity: 1000
09/09/2026 04:28:04 PM: INFO: Product 'Test Product 4418' selected for Save Selected
09/09/2026 04:28:05 PM: INFO: Bulk Edit Save Selected completed
09/09/2026 04:28:10 PM: INFO: Product 'Test Product 4418' successfully found in Products table
09/09/2026 04:28:43 PM: INFO: ***** Test_BulkEditProductSearchProductName_036*****
09/09/2026 04:29:00 PM: INFO: ***** Login Successful *****
09/09/2026 04:29:00 PM: INFO: ***** Starting Bulk Edit Product Search Product Name Test *****
09/09/2026 04:29:37 PM: INFO: ***** Test_BulkEditProductSearchProductType_038*****
09/09/2026 04:29:44 PM: INFO: ***** Login Successful *****
09/09/2026 04:29:44 PM: INFO: ***** Starting Bulk Edit Product Search Product Type Test *****
09/09/2026 04:30:25 PM: INFO: ***** Test_BulkEditProductSearchPublishType_039*****
09/09/2026 04:30:43 PM: INFO: ***** Login Successful *****
09/09/2026 04:30:43 PM: INFO: ***** Starting Bulk Edit Product Search Publish Type Test *****
09/09/2026 04:31:34 PM: INFO: ***** Test_BulkEditProductSearchVendor_037*****
09/09/2026 04:31:39 PM: INFO: ***** Login Successful *****
09/09/2026 04:31:39 PM: INFO: ***** Starting Bulk Edit Product Search Vendor Test *****
09/09/2026 04:32:14 PM: INFO: *****Clear_ActivityLogs_020*****
09/09/2026 04:32:19 PM: INFO: ***********Login Successful**********
09/09/2026 04:32:19 PM: INFO: **********Starting Clear_ActivityLogs_020**********
09/09/2026 04:32:22 PM: INFO: **********Clear_ActivityLogs_020 completed**********
09/09/2026 04:32:37 PM: INFO: *****Delete_SingleActivity_019*****
09/09/2026 04:32:41 PM: INFO: ***********Login Successful**********
09/09/2026 04:32:41 PM: INFO: **********Starting Delete_SingleActivity_019**********
09/09/2026 04:32:45 PM: INFO: Customers available for export: 1
09/09/2026 04:32:51 PM: INFO: ******Customers exported successfully*******
09/09/2026 04:32:52 PM: INFO: Activity Log records found: 1
09/09/2026 04:32:53 PM: INFO: ******Activity Log delete clicked*******
09/09/2026 04:33:17 PM: INFO: ******* Exporting All Customers to Excel *******
09/09/2026 04:33:19 PM: INFO: ******* Download directory: C:\Users\hp\PycharmProjects\Python_Selenium_Hybrid\downloads *******
09/09/2026 04:33:22 PM: INFO: ******* Login Successful *****
09/09/2026 04:33:22 PM: INFO: ****** Starting Export All Customers *******
09/09/2026 04:33:25 PM: INFO: ****** Customers page opened ******
09/09/2026 04:33:34 PM: INFO: ******* Export All Customers Excel button clicked *******
09/09/2026 04:33:34 PM: INFO: ******* Excel Downloaded Successfully: customers.xlsx *******
09/09/2026 04:33:34 PM: INFO: ******* Excel File Verification Successful *******
09/09/2026 04:34:16 PM: INFO: ******* Exporting All Customers to XML *******
09/09/2026 04:34:45 PM: INFO: ******* Download directory: C:\Users\hp\PycharmProjects\Python_Selenium_Hybrid\downloads *******
09/09/2026 04:34:54 PM: INFO: ******* Login Successful *****
09/09/2026 04:34:54 PM: INFO: ****** Starting Export All Customers *******
09/09/2026 04:35:00 PM: INFO: ****** Customers page opened ******
09/09/2026 04:35:11 PM: INFO: ******* Export All Customers XML button clicked *******
09/09/2026 04:35:11 PM: INFO: ******* XML Downloaded Successfully: customers.xml *******
09/09/2026 04:35:11 PM: INFO: ******* XML File Verification Successful *******
09/09/2026 04:35:40 PM: INFO: ******* Exporting Selected Customers to Excel *******
09/09/2026 04:35:45 PM: INFO: ******* Download directory: C:\Users\hp\PycharmProjects\Python_Selenium_Hybrid\downloads *******
09/09/2026 04:35:48 PM: INFO: ******* Login Successful *****
09/09/2026 04:35:48 PM: INFO: ****** Navigating to Customers ******
09/09/2026 04:35:50 PM: INFO: ****** Customers page opened ******
09/09/2026 04:35:52 PM: INFO: ******* Customers Selected Successfully *******
09/09/2026 04:35:59 PM: INFO: ******* Export Selected Excel button clicked *******
09/09/2026 04:35:59 PM: INFO: ******* Excel Downloaded Successfully: customers.xlsx *******
09/09/2026 04:35:59 PM: INFO: ******* Excel File Verification Successful *******
09/09/2026 04:36:16 PM: INFO: ******* Exporting Selected Customers to XML *******
09/09/2026 04:36:18 PM: INFO: ******* Download directory: C:\Users\hp\PycharmProjects\Python_Selenium_Hybrid\downloads *******
09/09/2026 04:36:20 PM: INFO: ******* Login Successful *****
09/09/2026 04:36:20 PM: INFO: ****** Navigating to Customers ******
09/09/2026 04:36:22 PM: INFO: ****** Customers page opened ******
09/09/2026 04:36:26 PM: INFO: ******* Customers Selected Successfully *******
09/09/2026 04:36:32 PM: INFO: ******* Export Selected XML button clicked *******
09/09/2026 04:36:32 PM: INFO: ******* XML Downloaded Successfully: customers.xml *******
09/09/2026 04:36:32 PM: INFO: ******* XML File Verification Successful *******
09/09/2026 04:36:47 PM: INFO: ********Verify Login Test********
09/09/2026 04:36:50 PM: INFO: ********Login test Passed********
09/09/2026 04:37:10 PM: INFO: **********Test_002_DDT_Login********
09/09/2026 04:37:10 PM: INFO: ********Verify Login DDT Test********
09/09/2026 04:37:17 PM: INFO: Row 2: *****Test Passed*****
09/09/2026 04:37:21 PM: INFO: Row 3: *****Test Passed*****
09/09/2026 04:37:24 PM: INFO: Row 4: *****Test Passed*****
09/09/2026 04:37:27 PM: INFO: Row 5: *****Test Passed*****
09/09/2026 04:37:30 PM: INFO: Row 6: *****Test Passed*****
09/09/2026 04:37:30 PM: INFO: ****Login DDT Test Passed****
09/09/2026 04:37:31 PM: INFO: ****End of Login DDT Test****
09/09/2026 04:37:31 PM: INFO: *****Completed TC_LoginDDT_002******
09/09/2026 04:37:45 PM: INFO: ******* SearchCustomerByEmail_004 *********
09/09/2026 04:37:49 PM: INFO: *********** Login Successful **********
09/09/2026 04:37:49 PM: INFO: ********** Starting SearchCustomerByEmail_004 **********
09/09/2026 04:37:50 PM: INFO: ******** Searching customer by email ID ***********
09/09/2026 04:37:52 PM: INFO: ******** Customer found successfully ********
09/09/2026 04:37:52 PM: INFO: ******** TC_SearchCustomerByEmail_004 Finished **********
09/09/2026 04:38:01 PM: WARNING: Retrying (Retry(total=2, connect=None, read=None, redirect=None, status=None)) after connection broken by 'NewConnectionError("HTTPConnection(host='localhost', port=55345): Failed to establish a new connection: [WinError 10061] No connection could be made because the target machine actively refused it")': /session/d37e5fa2-eaf3-4309-ad18-6e1157285675
09/09/2026 04:38:05 PM: WARNING: Retrying (Retry(total=1, connect=None, read=None, redirect=None, status=None)) after connection broken by 'NewConnectionError("HTTPConnection(host='localhost', port=55345): Failed to establish a new connection: [WinError 10061] No connection could be made because the target machine actively refused it")': /session/d37e5fa2-eaf3-4309-ad18-6e1157285675
09/09/2026 04:38:09 PM: WARNING: Retrying (Retry(total=0, connect=None, read=None, redirect=None, status=None)) after connection broken by 'NewConnectionError("HTTPConnection(host='localhost', port=55345): Failed to establish a new connection: [WinError 10061] No connection could be made because the target machine actively refused it")': /session/d37e5fa2-eaf3-4309-ad18-6e1157285675
09/09/2026 04:38:24 PM: INFO: ******* SearchCustomerByName_005 *********
09/09/2026 04:38:29 PM: INFO: *********** Login Successful **********
09/09/2026 04:38:29 PM: INFO: ********** Starting SearchCustomerByName_005 **********
09/09/2026 04:38:32 PM: INFO: ******** Customers page opened ********
09/09/2026 04:38:32 PM: INFO: ******** Searching customer by Name ***********
09/09/2026 04:38:33 PM: INFO: ******** TC_SearchCustomerByName_005 Finished **********
09/09/2026 04:38:48 PM: INFO: *****SearchVendorByName_013*****
09/09/2026 04:38:52 PM: INFO: ***********Login Successful**********
09/09/2026 04:38:52 PM: INFO: **********Starting SearchVendorByName_013**********
09/09/2026 04:38:56 PM: INFO: ******** searching vendor by Email***********
09/09/2026 04:38:59 PM: INFO: ********TC_SearchvendorrByEmail_014 Finished**********
09/09/2026 04:39:14 PM: INFO: *****SearchVendorByName_013*****
09/09/2026 04:39:19 PM: INFO: ***********Login Successful**********
09/09/2026 04:39:19 PM: INFO: **********Starting SearchVendorByName_013**********
09/09/2026 04:39:22 PM: INFO: ******** searching vendor by Name***********
09/09/2026 04:39:22 PM: INFO: Selected Vendor Name: Vendor1
09/09/2026 04:39:22 PM: INFO: *******Searching Vendor by Name: {vendor_name}********
09/09/2026 04:39:26 PM: INFO: ********TC_SearchvendorrByName_013 Finished**********
09/09/2026 04:39:41 PM: INFO: ***** SearchActivityDate_016 *****
09/09/2026 04:39:46 PM: INFO: *********** Login Successful **********
09/09/2026 04:39:46 PM: INFO: ********** Starting SearchActivityDate_016 **********
09/09/2026 04:39:49 PM: INFO: Activity log rows found: 6
09/09/2026 04:40:06 PM: INFO: *****SearchActivityIP_017*****
09/09/2026 04:40:10 PM: INFO: ***********Login Successful**********
09/09/2026 04:40:10 PM: INFO: **********Starting SearchActivityIP_017**********
09/09/2026 04:40:29 PM: INFO: *****SearchActivity_LogType_018*****
09/09/2026 04:40:35 PM: INFO: ***********Login Successful**********
09/09/2026 04:40:35 PM: INFO: **********Starting SearchActivity_LogType_018**********
09/09/2026 04:40:54 PM: INFO: *****SearchCustomer_RoleAdministrator_021*****
09/09/2026 04:40:58 PM: INFO: ***********Login Successful**********
09/09/2026 04:41:04 PM: INFO: Administrator search result count: 1
09/09/2026 04:41:20 PM: INFO: *****SearchCustomer_RoleForumModerator_023*****
09/09/2026 04:41:24 PM: INFO: ***********Login Successful**********
09/09/2026 04:41:29 PM: INFO: Forum Moderator search result count: 1
09/09/2026 04:41:44 PM: INFO: *****SearchCustomer_Role_Guests_024*****
09/09/2026 04:41:47 PM: INFO: ***********Login Successful**********
09/09/2026 04:41:47 PM: INFO: ********Starting_SearchGuest_Role_024******
09/09/2026 04:41:53 PM: INFO: Normal table customer count: 15
09/09/2026 04:41:55 PM: INFO: Guests search result count: 15
09/09/2026 04:42:10 PM: INFO: *****Test_SearchProductByName_029*****
09/09/2026 04:42:15 PM: INFO: *****Login Successful******
09/09/2026 04:42:15 PM: INFO: *****Staring Search Product By Name test*****
09/09/2026 04:42:36 PM: INFO: *****Test_SearchProductBySKU_030*****
09/09/2026 04:42:39 PM: INFO: *****Login Successful******
09/09/2026 04:42:39 PM: INFO: *****Staring Search Product By SKU test*****
09/09/2026 04:43:03 PM: INFO: ********** Test_SearchProductByVendor_031 Started **********
09/09/2026 04:43:05 PM: INFO: Application URL opened: https://localhost:59579/admin
09/09/2026 04:43:07 PM: INFO: ********** Login Successful **********
09/09/2026 04:43:11 PM: INFO: ********** Products page opened successfully **********
09/09/2026 04:43:14 PM: INFO: ********** Product search performed for Vendor1 **********
09/09/2026 04:43:14 PM: INFO: ********** 'No data available in table' validated **********
09/09/2026 04:43:14 PM: INFO: ********** 'No records' validated **********
09/09/2026 04:43:14 PM: INFO: ********** Test_SearchProductByVendor_031 Passed **********
09/09/2026 04:43:29 PM: INFO: *****SearchCustomer_RoleRegistered_022*****
09/09/2026 04:43:36 PM: INFO: ***********Login Successful**********
09/09/2026 04:43:39 PM: INFO: Normal table customer count: 15
09/09/2026 04:43:40 PM: INFO: Registered search result count: 2
09/09/2026 04:43:55 PM: INFO: *****SearchCustomer_Role_Vendors_025*****
09/09/2026 04:43:59 PM: INFO: ***********Login Successful**********
09/09/2026 04:43:59 PM: INFO: ********Starting_SearchVendor_Role_025******
09/09/2026 04:44:05 PM: INFO: Normal table customer count: 15
09/09/2026 04:44:06 PM: INFO: Vendor search result count: 0
09/09/2026 04:58:01 PM: INFO: *** Test_BulkEditProductSaveAll_035 ***
09/09/2026 04:58:09 PM: INFO: ***** Login Successful *****
09/09/2026 04:58:09 PM: INFO: ***** Starting Bulk Edit Product Save All Test *****
09/09/2026 04:58:13 PM: INFO: Product Name: Test Product 3189
09/09/2026 04:58:13 PM: INFO: SKU: SKU 88720
09/09/2026 04:58:13 PM: INFO: New Price: 2000
09/09/2026 04:58:13 PM: INFO: Old Price: 1000
09/09/2026 04:58:13 PM: INFO: Stock Quantity: 1000
09/09/2026 04:58:14 PM: INFO: Bulk Edit Save All completed
09/09/2026 04:58:17 PM: INFO: Product 'Test Product 3189' successfully found in Products table
09/09/2026 05:00:03 PM: INFO: ***** Test_BulkEditProductSearchPublishType_039*****
09/09/2026 05:00:10 PM: INFO: ***** Login Successful *****
09/09/2026 05:00:10 PM: INFO: ***** Starting Bulk Edit Product Search Publish Type Test *****
09/09/2026 05:01:59 PM: INFO: ******* Deleting Customer *******
09/09/2026 05:02:06 PM: INFO: ******* Login Successful *****
09/09/2026 05:02:09 PM: INFO: ******* Customers page opened *******
09/09/2026 05:02:12 PM: INFO: ******* Edit Customer button clicked *******
09/09/2026 05:02:14 PM: INFO: ******* Edit Customer page opened successfully *******
09/09/2026 05:02:14 PM: INFO: ******* Delete Customer button clicked *******
09/09/2026 05:02:25 PM: INFO: ******* Delete confirmation accepted *******
09/09/2026 05:02:28 PM: INFO: ********* Delete Customer test passed **********
09/09/2026 05:02:30 PM: INFO: ****** Ending Delete Customer Test *******
09/09/2026 05:02:53 PM: INFO: *****Test_DeleteProduct_Select_033*****
09/09/2026 05:03:07 PM: INFO: *****Login Successful******
09/09/2026 05:03:07 PM: INFO: *****Starting Delete Selected Product test*****
09/09/2026 05:03:13 PM: INFO: ***** Product 'Test Product 1875' was deleted successfully *****
09/09/2026 05:03:49 PM: INFO: *****Test_DeleteProduct_032*****
09/09/2026 05:04:05 PM: INFO: *****Login Successful******
09/09/2026 05:04:05 PM: INFO: *****Staring Delete Product test*****
09/09/2026 05:04:22 PM: INFO: ***** Product deleted successfully *****
09/09/2026 05:05:16 PM: INFO: ******* Editing Customer *******
09/09/2026 05:05:20 PM: INFO: ******* Login Successful *****
09/09/2026 05:05:25 PM: INFO: ******* Customers page opened *******
09/09/2026 05:05:27 PM: INFO: ******* Edit Customer button clicked *******
09/09/2026 05:05:27 PM: INFO: ******* Edit Customer page opened successfully *******
09/09/2026 05:05:29 PM: INFO: ********* Edit Customer test passed **********
09/09/2026 05:05:31 PM: INFO: ****** Ending Edit Customer Test *******
09/09/2026 05:05:44 PM: INFO: *****Test_EditProduct_031*****
09/09/2026 05:05:48 PM: INFO: *****Login Successful******
09/09/2026 05:05:48 PM: INFO: *****Staring Edit Product test*****
09/09/2026 05:05:51 PM: INFO: *****Edit page opened successfully****
09/09/2026 05:05:53 PM: INFO: *****Product details updated*****
09/09/2026 05:05:54 PM: INFO: *****Save button clicked*****
09/09/2026 05:06:11 PM: INFO: ******* Test_EditVendor_015 *******
09/09/2026 05:06:16 PM: INFO: *********** Login Successful **********
09/09/2026 05:06:18 PM: INFO: ******** Starting Edit Vendor Test ********
09/09/2026 05:06:20 PM: INFO: Vendor selected for editing: Vendor1
09/09/2026 05:06:20 PM: INFO: Vendor 'Vendor1' found successfully
09/09/2026 05:06:35 PM: INFO: ******VerifyActivityTypeDisplayed******
09/09/2026 05:06:39 PM: INFO: ***********Login Successful**********
09/09/2026 05:06:39 PM: INFO: ********Starting Verify Activity Type**********
09/09/2026 05:06:43 PM: INFO: fActivity Type '{activity_name}' Status: {result}
09/09/2026 05:06:43 PM: INFO: fActivity Type '{activity_name}' Status: {result}
09/09/2026 05:06:58 PM: INFO: ********** Test_003_AddCustomer **********
09/09/2026 05:07:03 PM: INFO: ********* Login Successful **********
09/09/2026 05:07:03 PM: INFO: ********* Starting Add Customer Test *********
09/09/2026 05:07:07 PM: INFO: ******** Providing customer information ********
09/09/2026 05:07:09 PM: INFO: ******** Customer information provided ********
09/09/2026 05:07:09 PM: INFO: ******** Saving customer information ********
09/09/2026 05:07:10 PM: INFO: Success message: ×
The new customer has been added successfully.
09/09/2026 05:07:10 PM: INFO: ******** Customer added successfully ********
09/09/2026 05:07:10 PM: INFO: ******** Verifying customer in Customers grid ********
09/09/2026 05:07:25 PM: INFO: ******** Customers page opened ********
09/09/2026 05:07:43 PM: INFO: ******** Searching for i2v7k0su@gmail.com ********
09/09/2026 05:07:43 PM: INFO: ******** Customer found in Customers grid ********
09/09/2026 05:07:43 PM: INFO: ******** Add customer test passed ********
09/09/2026 05:07:57 PM: INFO: *****Test_AddProduct_028*****
09/09/2026 05:08:02 PM: INFO: *****Login Successful******
09/09/2026 05:08:02 PM: INFO: *****Staring Add Product test*****
09/09/2026 05:08:06 PM: INFO: *****Providing product details*******
09/09/2026 05:08:24 PM: INFO: ******* Test_012_AddVendor *******
09/09/2026 05:08:27 PM: INFO: ***** Login Successfully *****
09/09/2026 05:08:27 PM: INFO: ****** Starting Add Vendor Test ******
09/09/2026 05:08:32 PM: INFO: ****** Providing Vendor Info ******
09/09/2026 05:08:34 PM: INFO: After Save URL: https://localhost:59579/Admin/Vendor/List
09/09/2026 05:08:34 PM: INFO: ******Vendor added successfully******
09/09/2026 05:08:48 PM: INFO: *** Test_BulkEditProductSaveAll_035 ***
09/09/2026 05:08:51 PM: INFO: ***** Login Successful *****
09/09/2026 05:08:51 PM: INFO: ***** Starting Bulk Edit Product Save All Test *****
09/09/2026 05:08:57 PM: INFO: Product Name: Test Product 6406
09/09/2026 05:08:57 PM: INFO: SKU: SKU 53360
09/09/2026 05:08:57 PM: INFO: New Price: 2000
09/09/2026 05:08:57 PM: INFO: Old Price: 1000
09/09/2026 05:08:57 PM: INFO: Stock Quantity: 1000
09/09/2026 05:08:58 PM: INFO: Bulk Edit Save All completed
09/09/2026 05:09:30 PM: INFO: *** Test_BulkEditProductSaveSelected_035 ***
09/09/2026 05:09:36 PM: INFO: ***** Login Successful *****
09/09/2026 05:09:36 PM: INFO: ***** Starting Bulk Edit Product Save Selected Test *****
09/09/2026 05:09:40 PM: INFO: Product Name: Test Product 8571
09/09/2026 05:09:40 PM: INFO: SKU: SKU 74226
09/09/2026 05:09:40 PM: INFO: New Price: 2000
09/09/2026 05:09:40 PM: INFO: Old Price: 1000
09/09/2026 05:09:40 PM: INFO: Stock Quantity: 1000
09/09/2026 05:09:40 PM: INFO: Product 'Test Product 8571' selected for Save Selected
09/09/2026 05:09:41 PM: INFO: Bulk Edit Save Selected completed
09/09/2026 05:10:13 PM: INFO: ***** Test_BulkEditProductSearchProductName_036*****
09/09/2026 05:10:19 PM: INFO: ***** Login Successful *****
09/09/2026 05:10:19 PM: INFO: ***** Starting Bulk Edit Product Search Product Name Test *****
09/09/2026 05:10:36 PM: INFO: ***** Test_BulkEditProductSearchProductType_038*****
09/09/2026 05:10:40 PM: INFO: ***** Login Successful *****
09/09/2026 05:10:40 PM: INFO: ***** Starting Bulk Edit Product Search Product Type Test *****
09/09/2026 05:11:02 PM: INFO: ***** Test_BulkEditProductSearchPublishType_039*****
09/09/2026 05:11:08 PM: INFO: ***** Login Successful *****
09/09/2026 05:11:08 PM: INFO: ***** Starting Bulk Edit Product Search Publish Type Test *****
09/09/2026 05:11:27 PM: INFO: ***** Test_BulkEditProductSearchVendor_037*****
09/09/2026 05:11:30 PM: INFO: ***** Login Successful *****
09/09/2026 05:11:30 PM: INFO: ***** Starting Bulk Edit Product Search Vendor Test *****
09/09/2026 05:12:05 PM: INFO: *****Clear_ActivityLogs_020*****
09/09/2026 05:12:09 PM: INFO: ***********Login Successful**********
09/09/2026 05:12:09 PM: INFO: **********Starting Clear_ActivityLogs_020**********
09/09/2026 05:12:12 PM: INFO: **********Clear_ActivityLogs_020 completed**********
09/09/2026 05:12:26 PM: INFO: *****Delete_SingleActivity_019*****
09/09/2026 05:12:31 PM: INFO: ***********Login Successful**********
09/09/2026 05:12:31 PM: INFO: **********Starting Delete_SingleActivity_019**********
09/09/2026 05:12:34 PM: INFO: Customers available for export: 15
09/09/2026 05:12:39 PM: INFO: ******Customers exported successfully*******
09/09/2026 05:12:41 PM: INFO: Activity Log records found: 6
09/09/2026 05:12:42 PM: INFO: ******Activity Log delete clicked*******
09/09/2026 05:12:57 PM: INFO: ******* Exporting All Customers to Excel *******
09/09/2026 05:12:59 PM: INFO: ******* Download directory: C:\Users\hp\PycharmProjects\Python_Selenium_Hybrid\downloads *******
09/09/2026 05:13:02 PM: INFO: ******* Login Successful *****
09/09/2026 05:13:02 PM: INFO: ****** Starting Export All Customers *******
09/09/2026 05:13:08 PM: INFO: ****** Customers page opened ******
09/09/2026 05:13:16 PM: INFO: ******* Export All Customers Excel button clicked *******
09/09/2026 05:13:16 PM: INFO: ******* Excel Downloaded Successfully: customers.xlsx *******
09/09/2026 05:13:16 PM: INFO: ******* Excel File Verification Successful *******
09/09/2026 05:13:36 PM: INFO: ******* Exporting All Customers to XML *******
09/09/2026 05:13:38 PM: INFO: ******* Download directory: C:\Users\hp\PycharmProjects\Python_Selenium_Hybrid\downloads *******
09/09/2026 05:13:46 PM: INFO: ******* Login Successful *****
09/09/2026 05:13:46 PM: INFO: ****** Starting Export All Customers *******
09/09/2026 05:13:49 PM: INFO: ****** Customers page opened ******
09/09/2026 05:13:58 PM: INFO: ******* Export All Customers XML button clicked *******
09/09/2026 05:13:58 PM: INFO: ******* XML Downloaded Successfully: customers.xml *******
09/09/2026 05:13:58 PM: INFO: ******* XML File Verification Successful *******
09/09/2026 05:14:14 PM: INFO: ******* Exporting Selected Customers to Excel *******
09/09/2026 05:14:15 PM: INFO: ******* Download directory: C:\Users\hp\PycharmProjects\Python_Selenium_Hybrid\downloads *******
09/09/2026 05:14:20 PM: INFO: ******* Login Successful *****
09/09/2026 05:14:20 PM: INFO: ****** Navigating to Customers ******
09/09/2026 05:14:22 PM: INFO: ****** Customers page opened ******
09/09/2026 05:14:24 PM: INFO: ******* Customers Selected Successfully *******
09/09/2026 05:14:31 PM: INFO: ******* Export Selected Excel button clicked *******
09/09/2026 05:14:31 PM: INFO: ******* Excel Downloaded Successfully: customers.xlsx *******
09/09/2026 05:14:31 PM: INFO: ******* Excel File Verification Successful *******
09/09/2026 05:14:51 PM: INFO: ******* Exporting Selected Customers to XML *******
09/09/2026 05:14:53 PM: INFO: ******* Download directory: C:\Users\hp\PycharmProjects\Python_Selenium_Hybrid\downloads *******
09/09/2026 05:14:56 PM: INFO: ******* Login Successful *****
09/09/2026 05:14:56 PM: INFO: ****** Navigating to Customers ******
09/09/2026 05:14:58 PM: INFO: ****** Customers page opened ******
09/09/2026 05:15:00 PM: INFO: ******* Customers Selected Successfully *******
09/09/2026 05:15:06 PM: INFO: ******* Export Selected XML button clicked *******
09/09/2026 05:15:06 PM: INFO: ******* XML Downloaded Successfully: customers.xml *******
09/09/2026 05:15:06 PM: INFO: ******* XML File Verification Successful *******
09/09/2026 05:15:22 PM: INFO: ********Verify Login Test********
09/09/2026 05:15:27 PM: INFO: ********Login test Passed********
09/09/2026 05:15:44 PM: INFO: **********Test_002_DDT_Login********
09/09/2026 05:15:44 PM: INFO: ********Verify Login DDT Test********
09/09/2026 05:15:52 PM: INFO: Row 2: *****Test Passed*****
09/09/2026 05:15:56 PM: INFO: Row 3: *****Test Passed*****
09/09/2026 05:15:59 PM: INFO: Row 4: *****Test Passed*****
09/09/2026 05:16:02 PM: INFO: Row 5: *****Test Passed*****
09/09/2026 05:16:06 PM: INFO: Row 6: *****Test Passed*****
09/09/2026 05:16:06 PM: INFO: ****Login DDT Test Passed****
09/09/2026 05:16:08 PM: INFO: ****End of Login DDT Test****
09/09/2026 05:16:08 PM: INFO: *****Completed TC_LoginDDT_002******
09/09/2026 05:16:25 PM: INFO: ******* SearchCustomerByEmail_004 *********
09/09/2026 05:16:30 PM: INFO: *********** Login Successful **********
09/09/2026 05:16:30 PM: INFO: ********** Starting SearchCustomerByEmail_004 **********
09/09/2026 05:16:31 PM: INFO: ******** Searching customer by email ID ***********
09/09/2026 05:16:32 PM: INFO: ******** Customer found successfully ********
09/09/2026 05:16:32 PM: INFO: ******** TC_SearchCustomerByEmail_004 Finished **********
09/09/2026 05:16:41 PM: WARNING: Retrying (Retry(total=2, connect=None, read=None, redirect=None, status=None)) after connection broken by 'NewConnectionError("HTTPConnection(host='localhost', port=59017): Failed to establish a new connection: [WinError 10061] No connection could be made because the target machine actively refused it")': /session/c7f855f9-afaf-40c1-b860-2ce54a4402a3
09/09/2026 05:16:45 PM: WARNING: Retrying (Retry(total=1, connect=None, read=None, redirect=None, status=None)) after connection broken by 'NewConnectionError("HTTPConnection(host='localhost', port=59017): Failed to establish a new connection: [WinError 10061] No connection could be made because the target machine actively refused it")': /session/c7f855f9-afaf-40c1-b860-2ce54a4402a3
09/09/2026 05:16:49 PM: WARNING: Retrying (Retry(total=0, connect=None, read=None, redirect=None, status=None)) after connection broken by 'NewConnectionError("HTTPConnection(host='localhost', port=59017): Failed to establish a new connection: [WinError 10061] No connection could be made because the target machine actively refused it")': /session/c7f855f9-afaf-40c1-b860-2ce54a4402a3
09/09/2026 05:17:07 PM: INFO: ******* SearchCustomerByName_005 *********
09/09/2026 05:17:11 PM: INFO: *********** Login Successful **********
09/09/2026 05:17:11 PM: INFO: ********** Starting SearchCustomerByName_005 **********
09/09/2026 05:17:14 PM: INFO: ******** Customers page opened ********
09/09/2026 05:17:14 PM: INFO: ******** Searching customer by Name ***********
09/09/2026 05:17:14 PM: INFO: ******** TC_SearchCustomerByName_005 Finished **********
09/09/2026 05:17:32 PM: INFO: *****SearchVendorByName_013*****
09/09/2026 05:17:37 PM: INFO: ***********Login Successful**********
09/09/2026 05:17:37 PM: INFO: **********Starting SearchVendorByName_013**********
09/09/2026 05:17:39 PM: INFO: ******** searching vendor by Email***********
09/09/2026 05:17:42 PM: INFO: ********TC_SearchvendorrByEmail_014 Finished**********
09/09/2026 05:17:56 PM: INFO: *****SearchVendorByName_013*****
09/09/2026 05:18:01 PM: INFO: ***********Login Successful**********
09/09/2026 05:18:01 PM: INFO: **********Starting SearchVendorByName_013**********
09/09/2026 05:18:06 PM: INFO: ******** searching vendor by Name***********
09/09/2026 05:18:06 PM: INFO: Selected Vendor Name: Vendor1
09/09/2026 05:18:06 PM: INFO: *******Searching Vendor by Name: {vendor_name}********
09/09/2026 05:18:09 PM: INFO: ********TC_SearchvendorrByName_013 Finished**********
09/09/2026 05:18:25 PM: INFO: ***** SearchActivityDate_016 *****
09/09/2026 05:18:28 PM: INFO: *********** Login Successful **********
09/09/2026 05:18:28 PM: INFO: ********** Starting SearchActivityDate_016 **********
09/09/2026 05:18:32 PM: INFO: Activity log rows found: 15
09/09/2026 05:18:48 PM: INFO: *****SearchActivityIP_017*****
09/09/2026 05:18:53 PM: INFO: ***********Login Successful**********
09/09/2026 05:18:53 PM: INFO: **********Starting SearchActivityIP_017**********
09/09/2026 05:19:12 PM: INFO: *****SearchActivity_LogType_018*****
09/09/2026 05:19:16 PM: INFO: ***********Login Successful**********
09/09/2026 05:19:16 PM: INFO: **********Starting SearchActivity_LogType_018**********
09/09/2026 05:19:34 PM: INFO: *****SearchCustomer_RoleAdministrator_021*****
09/09/2026 05:19:39 PM: INFO: ***********Login Successful**********
09/09/2026 05:19:42 PM: INFO: Administrator search result count: 1
09/09/2026 05:19:56 PM: INFO: *****SearchCustomer_RoleForumModerator_023*****
09/09/2026 05:20:00 PM: INFO: ***********Login Successful**********
09/09/2026 05:20:04 PM: INFO: Forum Moderator search result count: 1
09/09/2026 05:20:20 PM: INFO: *****SearchCustomer_Role_Guests_024*****
09/09/2026 05:20:25 PM: INFO: ***********Login Successful**********
09/09/2026 05:20:25 PM: INFO: ********Starting_SearchGuest_Role_024******
09/09/2026 05:20:27 PM: INFO: Normal table customer count: 15
09/09/2026 05:20:29 PM: INFO: Guests search result count: 15
09/09/2026 05:20:47 PM: INFO: *****Test_SearchProductByName_029*****
09/09/2026 06:09:47 PM: INFO: *****Test_SearchProductBySKU_030*****
09/09/2026 06:10:00 PM: INFO: *****Login Successful******
09/09/2026 06:10:00 PM: INFO: *****Staring Search Product By SKU test*****
09/09/2026 06:10:22 PM: INFO: ********** Test_SearchProductByVendor_031 Started **********
09/09/2026 06:10:24 PM: INFO: Application URL opened: https://localhost:59579/admin
09/09/2026 06:10:27 PM: INFO: ********** Login Successful **********
09/09/2026 06:10:29 PM: INFO: ********** Products page opened successfully **********
09/09/2026 06:10:32 PM: INFO: ********** Product search performed for Vendor1 **********
09/09/2026 06:10:32 PM: INFO: ********** 'No data available in table' validated **********
09/09/2026 06:10:33 PM: INFO: ********** 'No records' validated **********
09/09/2026 06:10:33 PM: INFO: ********** Test_SearchProductByVendor_031 Passed **********
09/09/2026 06:10:47 PM: INFO: *****SearchCustomer_RoleRegistered_022*****
09/09/2026 06:10:52 PM: INFO: ***********Login Successful**********
09/09/2026 06:10:55 PM: INFO: Normal table customer count: 4
09/09/2026 06:10:56 PM: INFO: Registered search result count: 1
09/09/2026 06:11:10 PM: INFO: *****SearchCustomer_Role_Vendors_025*****
09/09/2026 06:11:14 PM: INFO: ***********Login Successful**********
09/09/2026 06:11:14 PM: INFO: ********Starting_SearchVendor_Role_025******
09/09/2026 06:11:18 PM: INFO: Normal table customer count: 5
09/09/2026 06:11:18 PM: INFO: Vendor search result count: 0
09/09/2026 06:12:24 PM: INFO: *** Test_BulkEditProductSaveAll_035 ***
09/09/2026 06:12:54 PM: INFO: ***** Login Successful *****
09/09/2026 06:12:54 PM: INFO: ***** Starting Bulk Edit Product Save All Test *****
09/09/2026 06:13:00 PM: INFO: Product Name: Test Product 6123
09/09/2026 06:13:00 PM: INFO: SKU: SKU 93896
09/09/2026 06:13:00 PM: INFO: New Price: 2000
09/09/2026 06:13:00 PM: INFO: Old Price: 1000
09/09/2026 06:13:00 PM: INFO: Stock Quantity: 1000
09/09/2026 06:13:01 PM: INFO: Bulk Edit Save All completed
09/09/2026 06:13:03 PM: INFO: Product 'Test Product 6123' successfully found in Products table
09/09/2026 06:20:33 PM: INFO: *** Test_BulkEditProductSaveSelected_035 ***
09/09/2026 06:20:41 PM: INFO: ***** Login Successful *****
09/09/2026 06:20:41 PM: INFO: ***** Starting Bulk Edit Product Save Selected Test *****
09/09/2026 06:20:47 PM: INFO: Product Name: Test Product 5733
09/09/2026 06:20:47 PM: INFO: SKU: SKU 13524
09/09/2026 06:20:47 PM: INFO: New Price: 2000
09/09/2026 06:20:47 PM: INFO: Old Price: 1000
09/09/2026 06:20:47 PM: INFO: Stock Quantity: 1000
09/09/2026 06:20:47 PM: INFO: Product 'Test Product 5733' selected for Save Selected
09/09/2026 06:20:48 PM: INFO: Bulk Edit Save Selected completed
09/09/2026 06:24:42 PM: INFO: *** Test_BulkEditProductSaveSelected_035 ***
09/09/2026 06:24:48 PM: INFO: ***** Login Successful *****
09/09/2026 06:24:48 PM: INFO: ***** Starting Bulk Edit Product Save Selected Test *****
09/09/2026 06:24:53 PM: INFO: Product Name: Test Product 3450
09/09/2026 06:24:53 PM: INFO: SKU: SKU 40150
09/09/2026 06:24:53 PM: INFO: New Price: 2000
09/09/2026 06:24:53 PM: INFO: Old Price: 1000
09/09/2026 06:24:53 PM: INFO: Stock Quantity: 1000
09/09/2026 06:24:54 PM: INFO: Product 'Test Product 3450' selected for Save Selected
09/09/2026 06:24:55 PM: INFO: Bulk Edit Save Selected completed
09/09/2026 06:24:57 PM: INFO: Product 'Test Product 3450' successfully found in Products table
09/09/2026 06:26:43 PM: INFO: ******* Deleting Customer *******
09/09/2026 06:26:49 PM: INFO: ******* Login Successful *****
09/09/2026 06:26:51 PM: INFO: ******* Customers page opened *******
09/09/2026 06:26:55 PM: INFO: ******* Edit Customer button clicked *******
09/09/2026 06:26:57 PM: INFO: ******* Edit Customer page opened successfully *******
09/09/2026 06:26:57 PM: INFO: ******* Delete Customer button clicked *******
09/09/2026 06:27:08 PM: INFO: ******* Delete confirmation accepted *******
09/09/2026 06:27:09 PM: INFO: ********* Delete Customer test passed **********
09/09/2026 06:27:09 PM: INFO: ****** Ending Delete Customer Test *******
09/09/2026 06:27:13 PM: INFO: *****Test_DeleteProduct_Select_033*****
09/09/2026 06:27:19 PM: INFO: *****Login Successful******
09/09/2026 06:27:19 PM: INFO: *****Starting Delete Selected Product test*****
09/09/2026 06:27:21 PM: INFO: ***** Product 'Test Product 9555' was deleted successfully *****
09/09/2026 06:27:26 PM: INFO: *****Test_DeleteProduct_032*****
09/09/2026 06:27:30 PM: INFO: *****Login Successful******
09/09/2026 06:27:30 PM: INFO: *****Staring Delete Product test*****
09/09/2026 06:27:36 PM: INFO: ***** Product deleted successfully *****
09/09/2026 06:27:57 PM: INFO: ******* Editing Customer *******
09/09/2026 06:28:01 PM: INFO: ******* Login Successful *****
09/09/2026 06:28:05 PM: INFO: ******* Customers page opened *******
09/09/2026 06:28:07 PM: INFO: ******* Edit Customer button clicked *******
09/09/2026 06:28:07 PM: INFO: ******* Edit Customer page opened successfully *******
09/09/2026 06:28:08 PM: INFO: ********* Edit Customer test passed **********
09/09/2026 06:28:08 PM: INFO: ****** Ending Edit Customer Test *******
09/09/2026 06:28:12 PM: INFO: *****Test_EditProduct_031*****
09/09/2026 06:28:16 PM: INFO: *****Login Successful******
09/09/2026 06:28:16 PM: INFO: *****Staring Edit Product test*****
09/09/2026 06:28:21 PM: INFO: *****Edit page opened successfully****
09/09/2026 06:28:22 PM: INFO: *****Product details updated*****
09/09/2026 06:28:22 PM: INFO: *****Save button clicked*****
09/09/2026 06:28:27 PM: INFO: ******* Test_EditVendor_015 *******
09/09/2026 06:28:32 PM: INFO: *********** Login Successful **********
09/09/2026 06:28:35 PM: INFO: ******** Starting Edit Vendor Test ********
09/09/2026 06:28:37 PM: INFO: Vendor selected for editing: Vendor1
09/09/2026 06:28:38 PM: INFO: Vendor 'Vendor1' found successfully
09/09/2026 06:28:42 PM: INFO: ******VerifyActivityTypeDisplayed******
09/09/2026 06:28:46 PM: INFO: ***********Login Successful**********
09/09/2026 06:28:46 PM: INFO: ********Starting Verify Activity Type**********
09/09/2026 06:28:49 PM: INFO: fActivity Type '{activity_name}' Status: {result}
09/09/2026 06:28:49 PM: INFO: fActivity Type '{activity_name}' Status: {result}
09/09/2026 06:28:54 PM: INFO: ********** Test_003_AddCustomer **********
09/09/2026 06:28:58 PM: INFO: ********* Login Successful **********
09/09/2026 06:28:58 PM: INFO: ********* Starting Add Customer Test *********
09/09/2026 06:29:02 PM: INFO: ******** Providing customer information ********
09/09/2026 06:29:04 PM: INFO: ******** Customer information provided ********
09/09/2026 06:29:05 PM: INFO: ******** Saving customer information ********
09/09/2026 06:29:05 PM: INFO: Success message: ×
The new customer has been added successfully.
09/09/2026 06:29:05 PM: INFO: ******** Customer added successfully ********
09/09/2026 06:29:05 PM: INFO: ******** Verifying customer in Customers grid ********
09/09/2026 06:29:21 PM: INFO: ******** Customers page opened ********
09/09/2026 06:29:22 PM: INFO: ******** Searching for 4oxodgio@gmail.com ********
09/09/2026 06:29:22 PM: INFO: ******** Customer found in Customers grid ********
09/09/2026 06:29:22 PM: INFO: ******** Add customer test passed ********
09/09/2026 06:29:26 PM: INFO: *****Test_AddProduct_028*****
09/09/2026 06:29:30 PM: INFO: *****Login Successful******
09/09/2026 06:29:30 PM: INFO: *****Staring Add Product test*****
09/09/2026 06:29:35 PM: INFO: *****Providing product details*******
09/09/2026 06:29:45 PM: INFO: ******* Test_012_AddVendor *******
09/09/2026 06:29:49 PM: INFO: ***** Login Successfully *****
09/09/2026 06:29:49 PM: INFO: ****** Starting Add Vendor Test ******
09/09/2026 06:29:54 PM: INFO: ****** Providing Vendor Info ******
09/09/2026 06:29:56 PM: INFO: After Save URL: https://localhost:59579/Admin/Vendor/List
09/09/2026 06:29:56 PM: INFO: ******Vendor added successfully******
09/09/2026 06:30:00 PM: INFO: *** Test_BulkEditProductSaveAll_035 ***
09/09/2026 06:30:05 PM: INFO: ***** Login Successful *****
09/09/2026 06:30:05 PM: INFO: ***** Starting Bulk Edit Product Save All Test *****
09/09/2026 06:30:11 PM: INFO: Product Name: Test Product 1960
09/09/2026 06:30:11 PM: INFO: SKU: SKU 47383
09/09/2026 06:30:11 PM: INFO: New Price: 2000
09/09/2026 06:30:11 PM: INFO: Old Price: 1000
09/09/2026 06:30:11 PM: INFO: Stock Quantity: 1000
09/09/2026 06:30:12 PM: INFO: Bulk Edit Save All completed
09/09/2026 06:30:14 PM: INFO: Product 'Test Product 1960' successfully found in Products table
09/09/2026 06:30:18 PM: INFO: *** Test_BulkEditProductSaveSelected_035 ***
09/09/2026 06:30:22 PM: INFO: ***** Login Successful *****
09/09/2026 06:30:22 PM: INFO: ***** Starting Bulk Edit Product Save Selected Test *****
09/09/2026 06:30:30 PM: INFO: Product Name: Test Product 7385
09/09/2026 06:30:30 PM: INFO: SKU: SKU 63467
09/09/2026 06:30:30 PM: INFO: New Price: 2000
09/09/2026 06:30:30 PM: INFO: Old Price: 1000
09/09/2026 06:30:30 PM: INFO: Stock Quantity: 1000
09/09/2026 06:30:31 PM: INFO: Product 'Test Product 7385' selected for Save Selected
09/09/2026 06:30:32 PM: INFO: Bulk Edit Save Selected completed
09/09/2026 06:30:34 PM: INFO: Product 'Test Product 7385' successfully found in Products table
09/09/2026 06:30:38 PM: INFO: ***** Test_BulkEditProductSearchProductName_036*****
09/09/2026 06:30:42 PM: INFO: ***** Login Successful *****
09/09/2026 06:30:42 PM: INFO: ***** Starting Bulk Edit Product Search Product Name Test *****
09/09/2026 06:30:52 PM: INFO: ***** Test_BulkEditProductSearchProductType_038*****
09/09/2026 06:30:56 PM: INFO: ***** Login Successful *****
09/09/2026 06:30:56 PM: INFO: ***** Starting Bulk Edit Product Search Product Type Test *****
09/09/2026 06:31:06 PM: INFO: ***** Test_BulkEditProductSearchPublishType_039*****
09/09/2026 06:31:10 PM: INFO: ***** Login Successful *****
09/09/2026 06:31:10 PM: INFO: ***** Starting Bulk Edit Product Search Publish Type Test *****
09/09/2026 06:31:20 PM: INFO: ***** Test_BulkEditProductSearchVendor_037*****
09/09/2026 06:31:24 PM: INFO: ***** Login Successful *****
09/09/2026 06:31:24 PM: INFO: ***** Starting Bulk Edit Product Search Vendor Test *****
09/09/2026 06:31:33 PM: INFO: *****Clear_ActivityLogs_020*****
09/09/2026 06:31:37 PM: INFO: ***********Login Successful**********
09/09/2026 06:31:37 PM: INFO: **********Starting Clear_ActivityLogs_020**********
09/09/2026 06:31:41 PM: INFO: **********Clear_ActivityLogs_020 completed**********
09/09/2026 06:31:45 PM: INFO: *****Delete_SingleActivity_019*****
09/09/2026 06:31:52 PM: INFO: ***********Login Successful**********
09/09/2026 06:31:52 PM: INFO: **********Starting Delete_SingleActivity_019**********
09/09/2026 06:31:53 PM: INFO: Customers available for export: 15
09/09/2026 06:31:54 PM: INFO: ******Customers exported successfully*******
09/09/2026 06:31:56 PM: INFO: Activity Log records found: 11
09/09/2026 06:31:56 PM: INFO: ******Activity Log delete clicked*******
09/09/2026 06:32:05 PM: INFO: ******* Exporting All Customers to Excel *******
09/09/2026 06:32:09 PM: INFO: ******* Download directory: C:\Users\hp\PycharmProjects\Python_Selenium_Hybrid\downloads *******
09/09/2026 06:32:10 PM: INFO: ******* Login Successful *****
09/09/2026 06:32:10 PM: INFO: ****** Starting Export All Customers *******
09/09/2026 06:32:13 PM: INFO: ****** Customers page opened ******
09/09/2026 06:32:18 PM: INFO: ******* Export All Customers Excel button clicked *******
09/09/2026 06:32:19 PM: INFO: ******* Excel Downloaded Successfully: customers.xlsx *******
09/09/2026 06:32:19 PM: INFO: ******* Excel File Verification Successful *******
09/09/2026 06:32:27 PM: INFO: ******* Exporting All Customers to XML *******
09/09/2026 06:32:30 PM: INFO: ******* Download directory: C:\Users\hp\PycharmProjects\Python_Selenium_Hybrid\downloads *******
09/09/2026 06:32:33 PM: INFO: ******* Login Successful *****
09/09/2026 06:32:33 PM: INFO: ****** Starting Export All Customers *******
09/09/2026 06:32:34 PM: INFO: ****** Customers page opened ******
09/09/2026 06:32:37 PM: INFO: ******* Export All Customers XML button clicked *******
09/09/2026 06:32:39 PM: INFO: ******* XML Downloaded Successfully: customers.xml *******
09/09/2026 06:32:39 PM: INFO: ******* XML File Verification Successful *******
09/09/2026 06:32:46 PM: INFO: ******* Exporting Selected Customers to Excel *******
09/09/2026 06:32:49 PM: INFO: ******* Download directory: C:\Users\hp\PycharmProjects\Python_Selenium_Hybrid\downloads *******
09/09/2026 06:32:52 PM: INFO: ******* Login Successful *****
09/09/2026 06:32:52 PM: INFO: ****** Navigating to Customers ******
09/09/2026 06:32:53 PM: INFO: ****** Customers page opened ******
09/09/2026 06:32:55 PM: INFO: ******* Customers Selected Successfully *******
09/09/2026 06:32:57 PM: INFO: ******* Export Selected Excel button clicked *******
09/09/2026 06:32:59 PM: INFO: ******* Excel Downloaded Successfully: customers.xlsx *******
09/09/2026 06:32:59 PM: INFO: ******* Excel File Verification Successful *******
09/09/2026 06:33:06 PM: INFO: ******* Exporting Selected Customers to XML *******
09/09/2026 06:33:09 PM: INFO: ******* Download directory: C:\Users\hp\PycharmProjects\Python_Selenium_Hybrid\downloads *******
09/09/2026 06:33:10 PM: INFO: ******* Login Successful *****
09/09/2026 06:33:10 PM: INFO: ****** Navigating to Customers ******
09/09/2026 06:33:13 PM: INFO: ****** Customers page opened ******
09/09/2026 06:33:16 PM: INFO: ******* Customers Selected Successfully *******
09/09/2026 06:33:17 PM: INFO: ******* Export Selected XML button clicked *******
09/09/2026 06:33:19 PM: INFO: ******* XML Downloaded Successfully: customers.xml *******
09/09/2026 06:33:19 PM: INFO: ******* XML File Verification Successful *******
09/09/2026 06:33:28 PM: INFO: ********Verify Login Test********
09/09/2026 06:33:35 PM: INFO: ********Login test Passed********
09/09/2026 06:33:39 PM: INFO: **********Test_002_DDT_Login********
09/09/2026 06:33:39 PM: INFO: ********Verify Login DDT Test********
09/09/2026 06:33:48 PM: INFO: Row 2: *****Test Passed*****
09/09/2026 06:33:51 PM: INFO: Row 3: *****Test Passed*****
09/09/2026 06:33:55 PM: INFO: Row 4: *****Test Passed*****
09/09/2026 06:33:59 PM: INFO: Row 5: *****Test Passed*****
09/09/2026 06:34:02 PM: INFO: Row 6: *****Test Passed*****
09/09/2026 06:34:02 PM: INFO: ****Login DDT Test Passed****
09/09/2026 06:34:02 PM: INFO: ****End of Login DDT Test****
09/09/2026 06:34:02 PM: INFO: *****Completed TC_LoginDDT_002******
09/09/2026 06:34:07 PM: INFO: ******* SearchCustomerByEmail_004 *********
09/09/2026 06:34:14 PM: INFO: *********** Login Successful **********
09/09/2026 06:34:14 PM: INFO: ********** Starting SearchCustomerByEmail_004 **********
09/09/2026 06:34:17 PM: INFO: ******** Searching customer by email ID ***********
09/09/2026 06:34:18 PM: INFO: ******** Customer found successfully ********
09/09/2026 06:34:18 PM: INFO: ******** TC_SearchCustomerByEmail_004 Finished **********
09/09/2026 06:34:27 PM: WARNING: Retrying (Retry(total=2, connect=None, read=None, redirect=None, status=None)) after connection broken by 'NewConnectionError("HTTPConnection(host='localhost', port=63294): Failed to establish a new connection: [WinError 10061] No connection could be made because the target machine actively refused it")': /session/31a613d6e22688674ee0b293ac8727dd
09/09/2026 06:34:32 PM: WARNING: Retrying (Retry(total=1, connect=None, read=None, redirect=None, status=None)) after connection broken by 'NewConnectionError("HTTPConnection(host='localhost', port=63294): Failed to establish a new connection: [WinError 10061] No connection could be made because the target machine actively refused it")': /session/31a613d6e22688674ee0b293ac8727dd
09/09/2026 06:34:36 PM: WARNING: Retrying (Retry(total=0, connect=None, read=None, redirect=None, status=None)) after connection broken by 'NewConnectionError("HTTPConnection(host='localhost', port=63294): Failed to establish a new connection: [WinError 10061] No connection could be made because the target machine actively refused it")': /session/31a613d6e22688674ee0b293ac8727dd
09/09/2026 06:34:41 PM: INFO: ******* SearchCustomerByName_005 *********
09/09/2026 06:34:47 PM: INFO: *********** Login Successful **********
09/09/2026 06:34:47 PM: INFO: ********** Starting SearchCustomerByName_005 **********
09/09/2026 06:34:50 PM: INFO: ******** Customers page opened ********
09/09/2026 06:34:50 PM: INFO: ******** Searching customer by Name ***********
09/09/2026 06:34:51 PM: INFO: ******** TC_SearchCustomerByName_005 Finished **********
09/09/2026 06:34:56 PM: INFO: *****SearchVendorByName_013*****
09/09/2026 06:35:02 PM: INFO: ***********Login Successful**********
09/09/2026 06:35:02 PM: INFO: **********Starting SearchVendorByName_013**********
09/09/2026 06:35:05 PM: INFO: ******** searching vendor by Email***********
09/09/2026 06:35:09 PM: INFO: ********TC_SearchvendorrByEmail_014 Finished**********
09/09/2026 06:35:16 PM: INFO: *****SearchVendorByName_013*****
09/09/2026 06:35:21 PM: INFO: ***********Login Successful**********
09/09/2026 06:35:21 PM: INFO: **********Starting SearchVendorByName_013**********
09/09/2026 06:35:25 PM: INFO: ******** searching vendor by Name***********
09/09/2026 06:35:25 PM: INFO: Selected Vendor Name: Vendor1
09/09/2026 06:35:25 PM: INFO: *******Searching Vendor by Name: {vendor_name}********
09/09/2026 06:35:29 PM: INFO: ********TC_SearchvendorrByName_013 Finished**********
09/09/2026 06:35:35 PM: INFO: ***** SearchActivityDate_016 *****
09/09/2026 06:35:39 PM: INFO: *********** Login Successful **********
09/09/2026 06:35:39 PM: INFO: ********** Starting SearchActivityDate_016 **********
09/09/2026 06:35:43 PM: INFO: Activity log rows found: 15
09/09/2026 06:35:47 PM: INFO: *****SearchActivityIP_017*****
09/09/2026 06:35:51 PM: INFO: ***********Login Successful**********
09/09/2026 06:35:51 PM: INFO: **********Starting SearchActivityIP_017**********
09/09/2026 06:36:00 PM: INFO: *****SearchActivity_LogType_018*****
09/09/2026 06:36:04 PM: INFO: ***********Login Successful**********
09/09/2026 06:36:04 PM: INFO: **********Starting SearchActivity_LogType_018**********
09/09/2026 06:36:13 PM: INFO: *****SearchCustomer_RoleAdministrator_021*****
09/09/2026 06:36:17 PM: INFO: ***********Login Successful**********
09/09/2026 06:36:21 PM: INFO: Administrator search result count: 1
09/09/2026 06:36:26 PM: INFO: *****SearchCustomer_RoleForumModerator_023*****
09/09/2026 06:36:33 PM: INFO: ***********Login Successful**********
09/09/2026 06:36:36 PM: INFO: Forum Moderator search result count: 1
09/09/2026 06:36:40 PM: INFO: *****SearchCustomer_Role_Guests_024*****
09/09/2026 06:36:44 PM: INFO: ***********Login Successful**********
09/09/2026 06:36:44 PM: INFO: ********Starting_SearchGuest_Role_024******
09/09/2026 06:36:48 PM: INFO: Normal table customer count: 15
09/09/2026 06:36:50 PM: INFO: Guests search result count: 15
09/09/2026 06:36:54 PM: INFO: *****Test_SearchProductByName_029*****
09/09/2026 06:36:58 PM: INFO: *****Login Successful******
09/09/2026 06:36:58 PM: INFO: *****Staring Search Product By Name test*****
09/09/2026 06:37:07 PM: INFO: *****Test_SearchProductBySKU_030*****
09/09/2026 06:37:11 PM: INFO: *****Login Successful******
09/09/2026 06:37:11 PM: INFO: *****Staring Search Product By SKU test*****
09/09/2026 06:37:21 PM: INFO: ********** Test_SearchProductByVendor_031 Started **********
09/09/2026 06:37:24 PM: INFO: Application URL opened: https://localhost:59579/admin
09/09/2026 06:37:25 PM: INFO: ********** Login Successful **********
09/09/2026 06:37:28 PM: INFO: ********** Products page opened successfully **********
09/09/2026 06:37:29 PM: INFO: ********** Product search performed for Vendor1 **********
09/09/2026 06:37:29 PM: INFO: ********** 'No data available in table' validated **********
09/09/2026 06:37:29 PM: INFO: ********** 'No records' validated **********
09/09/2026 06:37:29 PM: INFO: ********** Test_SearchProductByVendor_031 Passed **********
09/09/2026 06:37:33 PM: INFO: *****SearchCustomer_RoleRegistered_022*****
09/09/2026 06:37:37 PM: INFO: ***********Login Successful**********
09/09/2026 06:37:42 PM: INFO: Normal table customer count: 15
09/09/2026 06:37:44 PM: INFO: Registered search result count: 2
09/09/2026 06:37:48 PM: INFO: *****SearchCustomer_Role_Vendors_025*****
09/09/2026 06:37:52 PM: INFO: ***********Login Successful**********
09/09/2026 06:37:52 PM: INFO: ********Starting_SearchVendor_Role_025******
09/09/2026 06:37:56 PM: INFO: Normal table customer count: 15
09/09/2026 06:37:58 PM: INFO: Vendor search result count: 0
09/09/2026 06:39:32 PM: INFO: ******* Deleting Customer *******
09/09/2026 06:39:38 PM: INFO: ******* Login Successful *****
09/09/2026 06:39:40 PM: INFO: ******* Customers page opened *******
09/09/2026 06:39:43 PM: INFO: ******* Edit Customer button clicked *******
09/09/2026 06:39:45 PM: INFO: ******* Edit Customer page opened successfully *******
09/09/2026 06:39:45 PM: INFO: ******* Delete Customer button clicked *******
09/09/2026 06:39:57 PM: INFO: ******* Delete confirmation accepted *******
09/09/2026 06:39:58 PM: INFO: ********* Delete Customer test passed **********
09/09/2026 06:40:00 PM: INFO: ****** Ending Delete Customer Test *******
09/09/2026 06:40:13 PM: INFO: *****Test_DeleteProduct_Select_033*****
09/09/2026 06:40:17 PM: INFO: *****Login Successful******
09/09/2026 06:40:17 PM: INFO: *****Starting Delete Selected Product test*****
09/09/2026 06:40:20 PM: INFO: ***** Product 'Test Product 3663' was deleted successfully *****
09/09/2026 06:40:35 PM: INFO: *****Test_DeleteProduct_032*****
09/09/2026 06:40:42 PM: INFO: *****Login Successful******
09/09/2026 06:40:42 PM: INFO: *****Staring Delete Product test*****
09/09/2026 06:41:41 PM: INFO: ******* Editing Customer *******
09/09/2026 06:41:46 PM: INFO: ******* Login Successful *****
09/09/2026 06:41:48 PM: INFO: ******* Customers page opened *******
09/09/2026 06:41:50 PM: INFO: ******* Edit Customer button clicked *******
09/09/2026 06:41:51 PM: INFO: ******* Edit Customer page opened successfully *******
09/09/2026 06:41:53 PM: INFO: ********* Edit Customer test passed **********
09/09/2026 06:41:55 PM: INFO: ****** Ending Edit Customer Test *******
09/09/2026 06:42:08 PM: INFO: *****Test_EditProduct_031*****
09/09/2026 06:42:13 PM: INFO: *****Login Successful******
09/09/2026 06:42:13 PM: INFO: *****Staring Edit Product test*****
09/09/2026 06:42:15 PM: INFO: *****Edit page opened successfully****
09/09/2026 06:42:17 PM: INFO: *****Product details updated*****
09/09/2026 06:42:17 PM: INFO: *****Save button clicked*****
09/09/2026 06:42:33 PM: INFO: ******* Test_EditVendor_015 *******
09/09/2026 06:42:39 PM: INFO: *********** Login Successful **********
09/09/2026 06:42:40 PM: INFO: ******** Starting Edit Vendor Test ********
09/09/2026 06:42:43 PM: INFO: Vendor selected for editing: Vendor1
09/09/2026 06:42:43 PM: INFO: Vendor 'Vendor1' found successfully
09/09/2026 06:43:01 PM: INFO: ******VerifyActivityTypeDisplayed******
09/09/2026 06:43:05 PM: INFO: ***********Login Successful**********
09/09/2026 06:43:05 PM: INFO: ********Starting Verify Activity Type**********
09/09/2026 06:43:06 PM: INFO: fActivity Type '{activity_name}' Status: {result}
09/09/2026 06:43:06 PM: INFO: fActivity Type '{activity_name}' Status: {result}
09/09/2026 06:43:21 PM: INFO: ********** Test_003_AddCustomer **********
09/09/2026 06:43:26 PM: INFO: ********* Login Successful **********
09/09/2026 06:43:26 PM: INFO: ********* Starting Add Customer Test *********
09/09/2026 06:43:28 PM: INFO: ******** Providing customer information ********
09/09/2026 06:43:31 PM: INFO: ******** Customer information provided ********
09/09/2026 06:43:32 PM: INFO: ******** Saving customer information ********
09/09/2026 06:43:32 PM: INFO: Success message: ×
The new customer has been added successfully.
09/09/2026 06:43:32 PM: INFO: ******** Customer added successfully ********
09/09/2026 06:43:32 PM: INFO: ******** Verifying customer in Customers grid ********
09/09/2026 06:43:48 PM: INFO: ******** Customers page opened ********
09/09/2026 06:43:50 PM: INFO: ******** Searching for zwo0hyff@gmail.com ********
09/09/2026 06:43:50 PM: INFO: ******** Customer found in Customers grid ********
09/09/2026 06:43:50 PM: INFO: ******** Add customer test passed ********
09/09/2026 06:44:05 PM: INFO: *****Test_AddProduct_028*****
09/09/2026 06:44:10 PM: INFO: *****Login Successful******
09/09/2026 06:44:10 PM: INFO: *****Staring Add Product test*****
09/09/2026 06:44:14 PM: INFO: *****Providing product details*******
09/09/2026 06:44:35 PM: INFO: ******* Test_012_AddVendor *******
09/09/2026 06:44:39 PM: INFO: ***** Login Successfully *****
09/09/2026 06:44:39 PM: INFO: ****** Starting Add Vendor Test ******
09/09/2026 06:44:41 PM: INFO: ****** Providing Vendor Info ******
09/09/2026 06:44:43 PM: INFO: After Save URL: https://localhost:59579/Admin/Vendor/List
09/09/2026 06:44:43 PM: INFO: ******Vendor added successfully******
09/09/2026 06:44:59 PM: INFO: *** Test_BulkEditProductSaveAll_035 ***
09/09/2026 06:45:05 PM: INFO: ***** Login Successful *****
09/09/2026 06:45:05 PM: INFO: ***** Starting Bulk Edit Product Save All Test *****
09/09/2026 06:45:09 PM: INFO: Product Name: Test Product 1023
09/09/2026 06:45:09 PM: INFO: SKU: SKU 48001
09/09/2026 06:45:09 PM: INFO: New Price: 2000
09/09/2026 06:45:09 PM: INFO: Old Price: 1000
09/09/2026 06:45:09 PM: INFO: Stock Quantity: 1000
09/09/2026 06:45:10 PM: INFO: Bulk Edit Save All completed
09/09/2026 06:45:12 PM: INFO: Product 'Test Product 1023' successfully found in Products table
09/09/2026 06:45:27 PM: INFO: *** Test_BulkEditProductSaveSelected_035 ***
09/09/2026 06:45:33 PM: INFO: ***** Login Successful *****
09/09/2026 06:45:33 PM: INFO: ***** Starting Bulk Edit Product Save Selected Test *****
09/09/2026 06:45:37 PM: INFO: Product Name: Test Product 9191
09/09/2026 06:45:37 PM: INFO: SKU: SKU 48286
09/09/2026 06:45:37 PM: INFO: New Price: 2000
09/09/2026 06:45:37 PM: INFO: Old Price: 1000
09/09/2026 06:45:37 PM: INFO: Stock Quantity: 1000
09/09/2026 06:45:37 PM: INFO: Product 'Test Product 9191' selected for Save Selected
09/09/2026 06:45:38 PM: INFO: Bulk Edit Save Selected completed
09/09/2026 06:45:40 PM: INFO: Product 'Test Product 9191' successfully found in Products table
09/09/2026 06:45:55 PM: INFO: ***** Test_BulkEditProductSearchProductName_036*****
09/09/2026 06:46:02 PM: INFO: ***** Login Successful *****
09/09/2026 06:46:02 PM: INFO: ***** Starting Bulk Edit Product Search Product Name Test *****
09/09/2026 06:46:20 PM: INFO: ***** Test_BulkEditProductSearchProductType_038*****
09/09/2026 06:46:25 PM: INFO: ***** Login Successful *****
09/09/2026 06:46:25 PM: INFO: ***** Starting Bulk Edit Product Search Product Type Test *****
09/09/2026 06:46:44 PM: INFO: ***** Test_BulkEditProductSearchPublishType_039*****
09/09/2026 06:46:49 PM: INFO: ***** Login Successful *****
09/09/2026 06:46:49 PM: INFO: ***** Starting Bulk Edit Product Search Publish Type Test *****
09/09/2026 06:47:08 PM: INFO: ***** Test_BulkEditProductSearchVendor_037*****
09/09/2026 06:47:11 PM: INFO: ***** Login Successful *****
09/09/2026 06:47:11 PM: INFO: ***** Starting Bulk Edit Product Search Vendor Test *****
09/09/2026 06:47:31 PM: INFO: *****Clear_ActivityLogs_020*****
09/09/2026 06:47:36 PM: INFO: ***********Login Successful**********
09/09/2026 06:47:36 PM: INFO: **********Starting Clear_ActivityLogs_020**********
09/09/2026 06:47:38 PM: INFO: **********Clear_ActivityLogs_020 completed**********
09/09/2026 06:47:53 PM: INFO: *****Delete_SingleActivity_019*****
09/09/2026 06:47:58 PM: INFO: ***********Login Successful**********
09/09/2026 06:47:58 PM: INFO: **********Starting Delete_SingleActivity_019**********
09/09/2026 06:48:00 PM: INFO: Customers available for export: 15
09/09/2026 06:48:05 PM: INFO: ******Customers exported successfully*******
09/09/2026 06:48:07 PM: INFO: Activity Log records found: 1
09/09/2026 06:48:07 PM: INFO: ******Activity Log delete clicked*******
09/09/2026 06:48:24 PM: INFO: ******* Exporting All Customers to Excel *******
09/09/2026 06:48:26 PM: INFO: ******* Download directory: C:\Users\hp\PycharmProjects\Python_Selenium_Hybrid\downloads *******
09/09/2026 06:48:29 PM: INFO: ******* Login Successful *****
09/09/2026 06:48:29 PM: INFO: ****** Starting Export All Customers *******
09/09/2026 06:48:33 PM: INFO: ****** Customers page opened ******
09/09/2026 06:48:41 PM: INFO: ******* Export All Customers Excel button clicked *******
09/09/2026 06:48:41 PM: INFO: ******* Excel Downloaded Successfully: customers.xlsx *******
09/09/2026 06:48:41 PM: INFO: ******* Excel File Verification Successful *******
09/09/2026 06:48:57 PM: INFO: ******* Exporting All Customers to XML *******
09/09/2026 06:48:59 PM: INFO: ******* Download directory: C:\Users\hp\PycharmProjects\Python_Selenium_Hybrid\downloads *******
09/09/2026 06:49:05 PM: INFO: ******* Login Successful *****
09/09/2026 06:49:05 PM: INFO: ****** Starting Export All Customers *******
09/09/2026 06:49:07 PM: INFO: ****** Customers page opened ******
09/09/2026 06:49:16 PM: INFO: ******* Export All Customers XML button clicked *******
09/09/2026 06:49:16 PM: INFO: ******* XML Downloaded Successfully: customers.xml *******
09/09/2026 06:49:16 PM: INFO: ******* XML File Verification Successful *******
09/09/2026 06:49:33 PM: INFO: ******* Exporting Selected Customers to Excel *******
09/09/2026 06:49:35 PM: INFO: ******* Download directory: C:\Users\hp\PycharmProjects\Python_Selenium_Hybrid\downloads *******
09/09/2026 06:49:39 PM: INFO: ******* Login Successful *****
09/09/2026 06:49:39 PM: INFO: ****** Navigating to Customers ******
09/09/2026 06:49:41 PM: INFO: ****** Customers page opened ******
09/09/2026 06:49:43 PM: INFO: ******* Customers Selected Successfully *******
09/09/2026 06:49:49 PM: INFO: ******* Export Selected Excel button clicked *******
09/09/2026 06:49:49 PM: INFO: ******* Excel Downloaded Successfully: customers.xlsx *******
09/09/2026 06:49:49 PM: INFO: ******* Excel File Verification Successful *******
09/09/2026 06:50:06 PM: INFO: ******* Exporting Selected Customers to XML *******
09/09/2026 06:50:08 PM: INFO: ******* Download directory: C:\Users\hp\PycharmProjects\Python_Selenium_Hybrid\downloads *******
09/09/2026 06:50:11 PM: INFO: ******* Login Successful *****
09/09/2026 06:50:11 PM: INFO: ****** Navigating to Customers ******
09/09/2026 06:50:13 PM: INFO: ****** Customers page opened ******
09/09/2026 06:50:16 PM: INFO: ******* Customers Selected Successfully *******
09/09/2026 06:50:22 PM: INFO: ******* Export Selected XML button clicked *******
09/09/2026 06:50:22 PM: INFO: ******* XML Downloaded Successfully: customers.xml *******
09/09/2026 06:50:22 PM: INFO: ******* XML File Verification Successful *******
09/09/2026 06:50:38 PM: INFO: ********Verify Login Test********
09/09/2026 06:50:43 PM: INFO: ********Login test Passed********
09/09/2026 06:51:01 PM: INFO: **********Test_002_DDT_Login********
09/09/2026 06:51:01 PM: INFO: ********Verify Login DDT Test********
09/09/2026 06:51:08 PM: INFO: Row 2: *****Test Passed*****
09/09/2026 06:51:12 PM: INFO: Row 3: *****Test Passed*****
09/09/2026 06:51:15 PM: INFO: Row 4: *****Test Passed*****
09/09/2026 06:51:18 PM: INFO: Row 5: *****Test Passed*****
09/09/2026 06:51:21 PM: INFO: Row 6: *****Test Passed*****
09/09/2026 06:51:21 PM: INFO: ****Login DDT Test Passed****
09/09/2026 06:51:22 PM: INFO: ****End of Login DDT Test****
09/09/2026 06:51:22 PM: INFO: *****Completed TC_LoginDDT_002******
09/09/2026 06:51:35 PM: INFO: ******* SearchCustomerByEmail_004 *********
09/09/2026 06:51:39 PM: INFO: *********** Login Successful **********
09/09/2026 06:51:39 PM: INFO: ********** Starting SearchCustomerByEmail_004 **********
09/09/2026 06:51:41 PM: INFO: ******** Searching customer by email ID ***********
09/09/2026 06:51:42 PM: INFO: ******** Customer found successfully ********
09/09/2026 06:51:42 PM: INFO: ******** TC_SearchCustomerByEmail_004 Finished **********
09/09/2026 06:51:50 PM: WARNING: Retrying (Retry(total=2, connect=None, read=None, redirect=None, status=None)) after connection broken by 'NewConnectionError("HTTPConnection(host='localhost', port=49676): Failed to establish a new connection: [WinError 10061] No connection could be made because the target machine actively refused it")': /session/f08f6271-7f2e-47bc-a8b0-475cbe09f784
09/09/2026 06:51:54 PM: WARNING: Retrying (Retry(total=1, connect=None, read=None, redirect=None, status=None)) after connection broken by 'NewConnectionError("HTTPConnection(host='localhost', port=49676): Failed to establish a new connection: [WinError 10061] No connection could be made because the target machine actively refused it")': /session/f08f6271-7f2e-47bc-a8b0-475cbe09f784
09/09/2026 06:51:58 PM: WARNING: Retrying (Retry(total=0, connect=None, read=None, redirect=None, status=None)) after connection broken by 'NewConnectionError("HTTPConnection(host='localhost', port=49676): Failed to establish a new connection: [WinError 10061] No connection could be made because the target machine actively refused it")': /session/f08f6271-7f2e-47bc-a8b0-475cbe09f784
09/09/2026 06:52:17 PM: INFO: ******* SearchCustomerByName_005 *********
09/09/2026 06:52:21 PM: INFO: *********** Login Successful **********
09/09/2026 06:52:21 PM: INFO: ********** Starting SearchCustomerByName_005 **********
09/09/2026 06:52:24 PM: INFO: ******** Customers page opened ********
09/09/2026 06:52:24 PM: INFO: ******** Searching customer by Name ***********
09/09/2026 06:52:24 PM: INFO: ******** TC_SearchCustomerByName_005 Finished **********
09/09/2026 06:52:38 PM: INFO: *****SearchVendorByName_013*****
09/09/2026 06:52:42 PM: INFO: ***********Login Successful**********
09/09/2026 06:52:42 PM: INFO: **********Starting SearchVendorByName_013**********
09/09/2026 06:52:45 PM: INFO: ******** searching vendor by Email***********
09/09/2026 06:52:49 PM: INFO: ********TC_SearchvendorrByEmail_014 Finished**********
09/09/2026 06:53:03 PM: INFO: *****SearchVendorByName_013*****
09/09/2026 06:53:07 PM: INFO: ***********Login Successful**********
09/09/2026 06:53:07 PM: INFO: **********Starting SearchVendorByName_013**********
09/09/2026 06:53:09 PM: INFO: ******** searching vendor by Name***********
09/09/2026 06:53:10 PM: INFO: Selected Vendor Name: Vendor1
09/09/2026 06:53:10 PM: INFO: *******Searching Vendor by Name: {vendor_name}********
09/09/2026 06:53:13 PM: INFO: ********TC_SearchvendorrByName_013 Finished**********
09/09/2026 06:53:27 PM: INFO: ***** SearchActivityDate_016 *****
09/09/2026 06:53:31 PM: INFO: *********** Login Successful **********
09/09/2026 06:53:31 PM: INFO: ********** Starting SearchActivityDate_016 **********
09/09/2026 06:53:35 PM: INFO: Activity log rows found: 6
09/09/2026 06:53:49 PM: INFO: *****SearchActivityIP_017*****
09/09/2026 06:53:52 PM: INFO: ***********Login Successful**********
09/09/2026 06:53:52 PM: INFO: **********Starting SearchActivityIP_017**********
09/09/2026 06:54:11 PM: INFO: *****SearchActivity_LogType_018*****
09/09/2026 06:54:17 PM: INFO: ***********Login Successful**********
09/09/2026 06:54:17 PM: INFO: **********Starting SearchActivity_LogType_018**********
09/09/2026 06:54:35 PM: INFO: *****SearchCustomer_RoleAdministrator_021*****
09/09/2026 06:54:39 PM: INFO: ***********Login Successful**********
09/09/2026 06:54:41 PM: INFO: Administrator search result count: 1
09/09/2026 06:54:56 PM: INFO: *****SearchCustomer_RoleForumModerator_023*****
09/09/2026 06:55:00 PM: INFO: ***********Login Successful**********
09/09/2026 06:55:03 PM: INFO: Forum Moderator search result count: 1
09/09/2026 06:55:18 PM: INFO: *****SearchCustomer_Role_Guests_024*****
09/09/2026 06:55:22 PM: INFO: ***********Login Successful**********
09/09/2026 06:55:22 PM: INFO: ********Starting_SearchGuest_Role_024******
09/09/2026 06:55:26 PM: INFO: Normal table customer count: 15
09/09/2026 06:55:27 PM: INFO: Guests search result count: 15
09/09/2026 06:55:41 PM: INFO: *****Test_SearchProductByName_029*****
09/09/2026 06:55:45 PM: INFO: *****Login Successful******
09/09/2026 06:55:45 PM: INFO: *****Staring Search Product By Name test*****
09/09/2026 06:56:05 PM: INFO: *****Test_SearchProductBySKU_030*****
09/09/2026 06:56:10 PM: INFO: *****Login Successful******
09/09/2026 06:56:10 PM: INFO: *****Staring Search Product By SKU test*****
09/09/2026 06:56:30 PM: INFO: ********** Test_SearchProductByVendor_031 Started **********
09/09/2026 06:56:31 PM: INFO: Application URL opened: https://localhost:59579/admin
09/09/2026 06:56:34 PM: INFO: ********** Login Successful **********
09/09/2026 06:56:36 PM: INFO: ********** Products page opened successfully **********
09/09/2026 06:56:39 PM: INFO: ********** Product search performed for Vendor1 **********
09/09/2026 06:56:40 PM: INFO: ********** 'No data available in table' validated **********
09/09/2026 06:56:40 PM: INFO: ********** 'No records' validated **********
09/09/2026 06:56:40 PM: INFO: ********** Test_SearchProductByVendor_031 Passed **********
09/09/2026 06:56:55 PM: INFO: *****SearchCustomer_RoleRegistered_022*****
09/09/2026 06:57:00 PM: INFO: ***********Login Successful**********
09/09/2026 06:57:03 PM: INFO: Normal table customer count: 15
09/09/2026 06:57:04 PM: INFO: Registered search result count: 2
09/09/2026 06:57:18 PM: INFO: *****SearchCustomer_Role_Vendors_025*****
09/09/2026 06:57:21 PM: INFO: ***********Login Successful**********
09/09/2026 06:57:21 PM: INFO: ********Starting_SearchVendor_Role_025******
09/09/2026 06:57:26 PM: INFO: Normal table customer count: 15
09/09/2026 06:57:26 PM: INFO: Vendor search result count: 0
09/10/2026 04:42:49 PM: INFO: ******* Deleting Customer *******
09/10/2026 04:42:53 PM: INFO: ******* Login Successful *****
09/10/2026 04:42:55 PM: INFO: ******* Customers page opened *******
09/10/2026 04:42:57 PM: INFO: ******* Edit Customer button clicked *******
09/10/2026 04:42:59 PM: INFO: ******* Edit Customer page opened successfully *******
09/10/2026 04:42:59 PM: INFO: ******* Delete Customer button clicked *******
09/10/2026 04:43:11 PM: INFO: ******* Delete confirmation accepted *******
09/10/2026 04:43:12 PM: INFO: ********* Delete Customer test passed **********
09/10/2026 04:43:14 PM: INFO: ****** Ending Delete Customer Test *******
09/10/2026 04:43:31 PM: INFO: *****Test_DeleteProduct_Select_033*****
09/10/2026 04:43:34 PM: INFO: *****Login Successful******
09/10/2026 04:43:34 PM: INFO: *****Starting Delete Selected Product test*****
09/10/2026 04:43:37 PM: INFO: ***** Product 'Test Product 3853' was deleted successfully *****
09/10/2026 04:43:54 PM: INFO: *****Test_DeleteProduct_032*****
09/10/2026 04:43:57 PM: INFO: *****Login Successful******
09/10/2026 04:43:57 PM: INFO: *****Staring Delete Product test*****
09/10/2026 04:45:08 PM: INFO: ******* Editing Customer *******
09/10/2026 04:45:12 PM: INFO: ******* Login Successful *****
09/10/2026 04:45:15 PM: INFO: ******* Customers page opened *******
09/10/2026 04:45:17 PM: INFO: ******* Edit Customer button clicked *******
09/10/2026 04:45:17 PM: INFO: ******* Edit Customer page opened successfully *******
09/10/2026 04:45:19 PM: INFO: ********* Edit Customer test passed **********
09/10/2026 04:45:20 PM: INFO: ****** Ending Edit Customer Test *******
09/10/2026 04:45:34 PM: INFO: *****Test_EditProduct_031*****
09/10/2026 04:45:38 PM: INFO: *****Login Successful******
09/10/2026 04:45:38 PM: INFO: *****Staring Edit Product test*****
09/10/2026 04:45:39 PM: INFO: *****Edit page opened successfully****
09/10/2026 04:45:41 PM: INFO: *****Product details updated*****
09/10/2026 04:45:41 PM: INFO: *****Save button clicked*****
09/10/2026 04:45:57 PM: INFO: ******* Test_EditVendor_015 *******
09/10/2026 04:46:02 PM: INFO: *********** Login Successful **********
09/10/2026 04:46:05 PM: INFO: ******** Starting Edit Vendor Test ********
09/10/2026 04:46:07 PM: INFO: Vendor selected for editing: Vendor1
09/10/2026 04:46:07 PM: INFO: Vendor 'Vendor1' found successfully
09/10/2026 04:46:24 PM: INFO: ******VerifyActivityTypeDisplayed******
09/10/2026 04:46:30 PM: INFO: ***********Login Successful**********
09/10/2026 04:46:30 PM: INFO: ********Starting Verify Activity Type**********
09/10/2026 04:46:35 PM: INFO: fActivity Type '{activity_name}' Status: {result}
09/10/2026 04:46:35 PM: INFO: fActivity Type '{activity_name}' Status: {result}
09/10/2026 04:46:54 PM: INFO: ********** Test_003_AddCustomer **********
09/10/2026 04:46:58 PM: INFO: ********* Login Successful **********
09/10/2026 04:46:58 PM: INFO: ********* Starting Add Customer Test *********
09/10/2026 04:47:01 PM: INFO: ******** Providing customer information ********
09/10/2026 04:47:03 PM: INFO: ******** Customer information provided ********
09/10/2026 04:47:04 PM: INFO: ******** Saving customer information ********
09/10/2026 04:47:04 PM: INFO: Success message: ×
The new customer has been added successfully.
09/10/2026 04:47:04 PM: INFO: ******** Customer added successfully ********
09/10/2026 04:47:04 PM: INFO: ******** Verifying customer in Customers grid ********
09/10/2026 04:47:20 PM: INFO: ******** Customers page opened ********
09/10/2026 04:47:22 PM: INFO: ******** Searching for mahuws3l@gmail.com ********
09/10/2026 04:47:22 PM: INFO: ******** Customer found in Customers grid ********
09/10/2026 04:47:22 PM: INFO: ******** Add customer test passed ********
09/10/2026 04:47:41 PM: INFO: *****Test_AddProduct_028*****
09/10/2026 04:47:45 PM: INFO: *****Login Successful******
09/10/2026 04:47:45 PM: INFO: *****Staring Add Product test*****
09/10/2026 04:47:52 PM: INFO: *****Providing product details*******
09/10/2026 04:48:18 PM: INFO: ******* Test_012_AddVendor *******
09/10/2026 04:48:24 PM: INFO: ***** Login Successfully *****
09/10/2026 04:48:24 PM: INFO: ****** Starting Add Vendor Test ******
09/10/2026 04:48:29 PM: INFO: ****** Providing Vendor Info ******
09/10/2026 04:48:31 PM: INFO: After Save URL: https://localhost:59579/Admin/Vendor/List
09/10/2026 04:48:31 PM: INFO: ******Vendor added successfully******
09/10/2026 04:48:50 PM: INFO: *** Test_BulkEditProductSaveAll_035 ***
09/10/2026 04:48:52 PM: INFO: ***** Login Successful *****
09/10/2026 04:48:52 PM: INFO: ***** Starting Bulk Edit Product Save All Test *****
09/10/2026 04:48:56 PM: INFO: Product Name: Test Product 8476
09/10/2026 04:48:56 PM: INFO: SKU: SKU 96257
09/10/2026 04:48:56 PM: INFO: New Price: 2000
09/10/2026 04:48:56 PM: INFO: Old Price: 1000
09/10/2026 04:48:56 PM: INFO: Stock Quantity: 1000
09/10/2026 04:48:57 PM: INFO: Bulk Edit Save All completed
09/10/2026 04:49:32 PM: INFO: *** Test_BulkEditProductSaveSelected_035 ***
09/10/2026 04:49:38 PM: INFO: ***** Login Successful *****
09/10/2026 04:49:38 PM: INFO: ***** Starting Bulk Edit Product Save Selected Test *****
09/10/2026 04:49:48 PM: INFO: Product Name: Test Product 9420
09/10/2026 04:49:48 PM: INFO: SKU: SKU 36438
09/10/2026 04:49:48 PM: INFO: New Price: 2000
09/10/2026 04:49:48 PM: INFO: Old Price: 1000
09/10/2026 04:49:48 PM: INFO: Stock Quantity: 1000
09/10/2026 04:49:49 PM: INFO: Product 'Test Product 9420' selected for Save Selected
09/10/2026 04:49:50 PM: INFO: Bulk Edit Save Selected completed
09/10/2026 04:49:52 PM: INFO: Product 'Test Product 9420' successfully found in Products table
09/10/2026 04:50:23 PM: INFO: ***** Test_BulkEditProductSearchProductName_036*****
09/10/2026 04:50:39 PM: INFO: ***** Login Successful *****
09/10/2026 04:50:39 PM: INFO: ***** Starting Bulk Edit Product Search Product Name Test *****
09/10/2026 04:51:21 PM: INFO: ***** Test_BulkEditProductSearchProductType_038*****
09/10/2026 04:51:33 PM: INFO: ***** Login Successful *****
09/10/2026 04:51:33 PM: INFO: ***** Starting Bulk Edit Product Search Product Type Test *****
09/10/2026 04:52:19 PM: INFO: ***** Test_BulkEditProductSearchPublishType_039*****
09/10/2026 04:52:28 PM: INFO: ***** Login Successful *****
09/10/2026 04:52:28 PM: INFO: ***** Starting Bulk Edit Product Search Publish Type Test *****
09/10/2026 04:53:05 PM: INFO: ***** Test_BulkEditProductSearchVendor_037*****
09/10/2026 04:53:17 PM: INFO: ***** Login Successful *****
09/10/2026 04:53:17 PM: INFO: ***** Starting Bulk Edit Product Search Vendor Test *****
09/10/2026 04:53:44 PM: INFO: *****Clear_ActivityLogs_020*****
09/10/2026 04:53:48 PM: INFO: ***********Login Successful**********
09/10/2026 04:53:48 PM: INFO: **********Starting Clear_ActivityLogs_020**********
09/10/2026 04:53:50 PM: INFO: **********Clear_ActivityLogs_020 completed**********
09/10/2026 04:54:05 PM: INFO: *****Delete_SingleActivity_019*****
09/10/2026 04:54:08 PM: INFO: ***********Login Successful**********
09/10/2026 04:54:08 PM: INFO: **********Starting Delete_SingleActivity_019**********
09/10/2026 04:54:11 PM: INFO: Customers available for export: 15
09/10/2026 04:54:17 PM: INFO: ******Customers exported successfully*******
09/10/2026 04:54:20 PM: INFO: Activity Log records found: 1
09/10/2026 04:54:21 PM: INFO: ******Activity Log delete clicked*******
09/10/2026 04:54:45 PM: INFO: ******* Exporting All Customers to Excel *******
09/10/2026 04:54:47 PM: INFO: ******* Download directory: C:\Users\hp\PycharmProjects\Python_Selenium_Hybrid\downloads *******
09/10/2026 04:54:50 PM: INFO: ******* Login Successful *****
09/10/2026 04:54:50 PM: INFO: ****** Starting Export All Customers *******
09/10/2026 04:54:53 PM: INFO: ****** Customers page opened ******
09/10/2026 04:55:01 PM: INFO: ******* Export All Customers Excel button clicked *******
09/10/2026 04:55:01 PM: INFO: ******* Excel Downloaded Successfully: customers.xlsx *******
09/10/2026 04:55:01 PM: INFO: ******* Excel File Verification Successful *******
09/10/2026 04:55:19 PM: INFO: ******* Exporting All Customers to XML *******
09/10/2026 04:55:20 PM: INFO: ******* Download directory: C:\Users\hp\PycharmProjects\Python_Selenium_Hybrid\downloads *******
09/10/2026 04:55:23 PM: INFO: ******* Login Successful *****
09/10/2026 04:55:23 PM: INFO: ****** Starting Export All Customers *******
09/10/2026 04:55:26 PM: INFO: ****** Customers page opened ******
09/10/2026 04:55:34 PM: INFO: ******* Export All Customers XML button clicked *******
09/10/2026 04:55:34 PM: INFO: ******* XML Downloaded Successfully: customers.xml *******
09/10/2026 04:55:34 PM: INFO: ******* XML File Verification Successful *******
09/10/2026 04:55:49 PM: INFO: ******* Exporting Selected Customers to Excel *******
09/10/2026 04:55:51 PM: INFO: ******* Download directory: C:\Users\hp\PycharmProjects\Python_Selenium_Hybrid\downloads *******
09/10/2026 04:55:53 PM: INFO: ******* Login Successful *****
09/10/2026 04:55:53 PM: INFO: ****** Navigating to Customers ******
09/10/2026 04:55:56 PM: INFO: ****** Customers page opened ******
09/10/2026 04:55:58 PM: INFO: ******* Customers Selected Successfully *******
09/10/2026 04:56:04 PM: INFO: ******* Export Selected Excel button clicked *******
09/10/2026 04:56:04 PM: INFO: ******* Excel Downloaded Successfully: customers.xlsx *******
09/10/2026 04:56:04 PM: INFO: ******* Excel File Verification Successful *******
09/10/2026 04:56:19 PM: INFO: ******* Exporting Selected Customers to XML *******
09/10/2026 04:56:22 PM: INFO: ******* Download directory: C:\Users\hp\PycharmProjects\Python_Selenium_Hybrid\downloads *******
09/10/2026 04:56:23 PM: INFO: ******* Login Successful *****
09/10/2026 04:56:23 PM: INFO: ****** Navigating to Customers ******
09/10/2026 04:56:24 PM: INFO: ****** Customers page opened ******
09/10/2026 04:56:26 PM: INFO: ******* Customers Selected Successfully *******
09/10/2026 04:56:32 PM: INFO: ******* Export Selected XML button clicked *******
09/10/2026 04:56:32 PM: INFO: ******* XML Downloaded Successfully: customers.xml *******
09/10/2026 04:56:32 PM: INFO: ******* XML File Verification Successful *******
09/10/2026 04:56:47 PM: INFO: ********Verify Login Test********
09/10/2026 04:56:52 PM: INFO: ********Login test Passed********
09/10/2026 04:57:08 PM: INFO: **********Test_002_DDT_Login********
09/10/2026 04:57:08 PM: INFO: ********Verify Login DDT Test********
09/10/2026 04:57:14 PM: INFO: Row 2: *****Test Passed*****
09/10/2026 04:57:17 PM: INFO: Row 3: *****Test Passed*****
09/10/2026 04:57:20 PM: INFO: Row 4: *****Test Passed*****
09/10/2026 04:57:23 PM: INFO: Row 5: *****Test Passed*****
09/10/2026 04:57:25 PM: INFO: Row 6: *****Test Passed*****
09/10/2026 04:57:25 PM: INFO: ****Login DDT Test Passed****
09/10/2026 04:57:27 PM: INFO: ****End of Login DDT Test****
09/10/2026 04:57:27 PM: INFO: *****Completed TC_LoginDDT_002******
09/10/2026 04:57:41 PM: INFO: ******* SearchCustomerByEmail_004 *********
09/10/2026 04:57:45 PM: INFO: *********** Login Successful **********
09/10/2026 04:57:45 PM: INFO: ********** Starting SearchCustomerByEmail_004 **********
09/10/2026 04:57:48 PM: INFO: ******** Searching customer by email ID ***********
09/10/2026 04:57:49 PM: INFO: ******** Customer found successfully ********
09/10/2026 04:57:49 PM: INFO: ******** TC_SearchCustomerByEmail_004 Finished **********
09/10/2026 04:57:57 PM: WARNING: Retrying (Retry(total=2, connect=None, read=None, redirect=None, status=None)) after connection broken by 'NewConnectionError("HTTPConnection(host='localhost', port=63348): Failed to establish a new connection: [WinError 10061] No connection could be made because the target machine actively refused it")': /session/73845f47-db93-43bf-bc1d-e7bd82843579
09/10/2026 04:58:01 PM: WARNING: Retrying (Retry(total=1, connect=None, read=None, redirect=None, status=None)) after connection broken by 'NewConnectionError("HTTPConnection(host='localhost', port=63348): Failed to establish a new connection: [WinError 10061] No connection could be made because the target machine actively refused it")': /session/73845f47-db93-43bf-bc1d-e7bd82843579
09/10/2026 04:58:05 PM: WARNING: Retrying (Retry(total=0, connect=None, read=None, redirect=None, status=None)) after connection broken by 'NewConnectionError("HTTPConnection(host='localhost', port=63348): Failed to establish a new connection: [WinError 10061] No connection could be made because the target machine actively refused it")': /session/73845f47-db93-43bf-bc1d-e7bd82843579
09/10/2026 04:58:21 PM: INFO: ******* SearchCustomerByName_005 *********
09/10/2026 04:58:25 PM: INFO: *********** Login Successful **********
09/10/2026 04:58:25 PM: INFO: ********** Starting SearchCustomerByName_005 **********
09/10/2026 04:58:28 PM: INFO: ******** Customers page opened ********
09/10/2026 04:58:28 PM: INFO: ******** Searching customer by Name ***********
09/10/2026 04:58:30 PM: INFO: ******** TC_SearchCustomerByName_005 Finished **********
09/10/2026 04:58:46 PM: INFO: *****SearchVendorByName_013*****
09/10/2026 04:58:50 PM: INFO: ***********Login Successful**********
09/10/2026 04:58:50 PM: INFO: **********Starting SearchVendorByName_013**********
09/10/2026 04:58:52 PM: INFO: ******** searching vendor by Email***********
09/10/2026 04:58:55 PM: INFO: ********TC_SearchvendorrByEmail_014 Finished**********
09/10/2026 04:59:12 PM: INFO: *****SearchVendorByName_013*****
09/10/2026 04:59:15 PM: INFO: ***********Login Successful**********
09/10/2026 04:59:15 PM: INFO: **********Starting SearchVendorByName_013**********
09/10/2026 04:59:17 PM: INFO: ******** searching vendor by Name***********
09/10/2026 04:59:17 PM: INFO: Selected Vendor Name: Vendor1
09/10/2026 04:59:17 PM: INFO: *******Searching Vendor by Name: {vendor_name}********
09/10/2026 04:59:20 PM: INFO: ********TC_SearchvendorrByName_013 Finished**********
09/10/2026 04:59:41 PM: INFO: ***** SearchActivityDate_016 *****
09/10/2026 04:59:57 PM: INFO: *********** Login Successful **********
09/10/2026 04:59:57 PM: INFO: ********** Starting SearchActivityDate_016 **********
09/10/2026 05:00:05 PM: INFO: Activity log rows found: 6
09/10/2026 05:00:24 PM: INFO: *****SearchActivityIP_017*****
09/10/2026 05:00:29 PM: INFO: ***********Login Successful**********
09/10/2026 05:00:29 PM: INFO: **********Starting SearchActivityIP_017**********
09/10/2026 05:00:46 PM: INFO: *****SearchActivity_LogType_018*****
09/10/2026 05:00:49 PM: INFO: ***********Login Successful**********
09/10/2026 05:00:49 PM: INFO: **********Starting SearchActivity_LogType_018**********
09/10/2026 05:01:09 PM: INFO: *****SearchCustomer_RoleAdministrator_021*****
09/10/2026 05:01:12 PM: INFO: ***********Login Successful**********
09/10/2026 05:01:17 PM: INFO: Administrator search result count: 1
09/10/2026 05:01:33 PM: INFO: *****SearchCustomer_RoleForumModerator_023*****
09/10/2026 05:01:37 PM: INFO: ***********Login Successful**********
09/10/2026 05:01:40 PM: INFO: Forum Moderator search result count: 1
09/10/2026 05:01:56 PM: INFO: *****SearchCustomer_Role_Guests_024*****
09/10/2026 05:01:59 PM: INFO: ***********Login Successful**********
09/10/2026 05:01:59 PM: INFO: ********Starting_SearchGuest_Role_024******
09/10/2026 05:02:04 PM: INFO: Normal table customer count: 15
09/10/2026 05:02:06 PM: INFO: Guests search result count: 15
09/10/2026 05:02:25 PM: INFO: *****Test_SearchProductByName_029*****
09/10/2026 05:02:30 PM: INFO: *****Login Successful******
09/10/2026 05:02:30 PM: INFO: *****Staring Search Product By Name test*****
09/10/2026 05:02:49 PM: INFO: *****Test_SearchProductBySKU_030*****
09/10/2026 05:02:53 PM: INFO: *****Login Successful******
09/10/2026 05:02:53 PM: INFO: *****Staring Search Product By SKU test*****
09/10/2026 05:03:33 PM: INFO: ********** Test_SearchProductByVendor_031 Started **********
09/10/2026 05:03:35 PM: INFO: Application URL opened: https://localhost:59579/admin
09/10/2026 05:03:38 PM: INFO: ********** Login Successful **********
09/10/2026 05:03:39 PM: INFO: ********** Products page opened successfully **********
09/10/2026 05:04:12 PM: INFO: *****SearchCustomer_RoleRegistered_022*****
09/10/2026 05:04:16 PM: INFO: ***********Login Successful**********
09/10/2026 05:04:19 PM: INFO: Normal table customer count: 15
09/10/2026 05:04:20 PM: INFO: Registered search result count: 2
09/10/2026 05:04:39 PM: INFO: *****SearchCustomer_Role_Vendors_025*****
09/10/2026 05:04:43 PM: INFO: ***********Login Successful**********
09/10/2026 05:04:43 PM: INFO: ********Starting_SearchVendor_Role_025******
09/10/2026 05:04:46 PM: INFO: Normal table customer count: 15
09/10/2026 05:04:47 PM: INFO: Vendor search result count: 0
09/10/2026 05:06:12 PM: INFO: *****Test_DeleteProduct_032*****
09/10/2026 05:06:19 PM: INFO: *****Login Successful******
09/10/2026 05:06:19 PM: INFO: *****Staring Delete Product test*****
09/10/2026 05:06:23 PM: INFO: ***** Product deleted successfully *****
09/10/2026 05:07:31 PM: INFO: *** Test_BulkEditProductSaveAll_035 ***
09/10/2026 05:07:36 PM: INFO: ***** Login Successful *****
09/10/2026 05:07:36 PM: INFO: ***** Starting Bulk Edit Product Save All Test *****
09/10/2026 05:07:39 PM: INFO: Product Name: Test Product 7643
09/10/2026 05:07:39 PM: INFO: SKU: SKU 82676
09/10/2026 05:07:39 PM: INFO: New Price: 2000
09/10/2026 05:07:39 PM: INFO: Old Price: 1000
09/10/2026 05:07:39 PM: INFO: Stock Quantity: 1000
09/10/2026 05:07:40 PM: INFO: Bulk Edit Save All completed
09/10/2026 05:07:42 PM: INFO: Product 'Test Product 7643' successfully found in Products table
09/10/2026 05:08:38 PM: INFO: ********** Test_SearchProductByVendor_031 Started **********
09/10/2026 05:08:41 PM: INFO: Application URL opened: https://localhost:59579/admin
09/10/2026 05:08:44 PM: INFO: ********** Login Successful **********
09/10/2026 05:08:45 PM: INFO: ********** Products page opened successfully **********
09/10/2026 05:12:36 PM: INFO: ********** Test_SearchProductByVendor_031 Started **********
09/10/2026 05:12:38 PM: INFO: Application URL opened: https://localhost:59579/admin
09/10/2026 05:12:41 PM: INFO: ********** Login Successful **********
09/10/2026 05:12:42 PM: INFO: ********** Products page opened successfully **********
09/10/2026 05:12:45 PM: INFO: ********** Product search performed for Vendor1 **********
09/10/2026 05:12:45 PM: INFO: ********** 'No data available in table' validated **********
09/10/2026 05:12:45 PM: INFO: ********** 'No records' validated **********
09/10/2026 05:12:45 PM: INFO: ********** Test_SearchProductByVendor_031 Passed **********
09/10/2026 05:13:50 PM: INFO: *****Test_SearchProductBySKU_030*****
09/10/2026 05:13:54 PM: INFO: *****Login Successful******
09/10/2026 05:13:54 PM: INFO: *****Staring Search Product By SKU test*****
09/10/2026 05:15:11 PM: INFO: ******* Deleting Customer *******
09/10/2026 05:15:15 PM: INFO: ******* Login Successful *****
09/10/2026 05:15:17 PM: INFO: ******* Customers page opened *******
09/10/2026 05:15:20 PM: INFO: ******* Edit Customer button clicked *******
09/10/2026 05:15:22 PM: INFO: ******* Edit Customer page opened successfully *******
09/10/2026 05:15:22 PM: INFO: ******* Delete Customer button clicked *******
09/10/2026 05:15:33 PM: INFO: ******* Delete confirmation accepted *******
09/10/2026 05:15:34 PM: INFO: ********* Delete Customer test passed **********
09/10/2026 05:15:35 PM: INFO: ****** Ending Delete Customer Test *******
09/10/2026 05:15:50 PM: INFO: *****Test_DeleteProduct_Select_033*****
09/10/2026 05:15:56 PM: INFO: *****Login Successful******
09/10/2026 05:15:56 PM: INFO: *****Starting Delete Selected Product test*****
09/10/2026 05:15:59 PM: INFO: ***** Product 'Test Product 2161' was deleted successfully *****
09/10/2026 05:16:15 PM: INFO: *****Test_DeleteProduct_032*****
09/10/2026 05:16:21 PM: INFO: *****Login Successful******
09/10/2026 05:16:21 PM: INFO: *****Staring Delete Product test*****
09/10/2026 05:16:27 PM: INFO: ***** Product deleted successfully *****
09/10/2026 05:17:11 PM: INFO: ******* Editing Customer *******
09/10/2026 05:17:14 PM: INFO: ******* Login Successful *****
09/10/2026 05:17:15 PM: INFO: ******* Customers page opened *******
09/10/2026 05:17:18 PM: INFO: ******* Edit Customer button clicked *******
09/10/2026 05:17:18 PM: INFO: ******* Edit Customer page opened successfully *******
09/10/2026 05:17:21 PM: INFO: ********* Edit Customer test passed **********
09/10/2026 05:17:22 PM: INFO: ****** Ending Edit Customer Test *******
09/10/2026 05:17:36 PM: INFO: *****Test_EditProduct_031*****
09/10/2026 05:17:40 PM: INFO: *****Login Successful******
09/10/2026 05:17:40 PM: INFO: *****Staring Edit Product test*****
09/10/2026 05:17:42 PM: INFO: *****Edit page opened successfully****
09/10/2026 05:17:43 PM: INFO: *****Product details updated*****
09/10/2026 05:17:43 PM: INFO: *****Save button clicked*****
09/10/2026 05:17:59 PM: INFO: ******* Test_EditVendor_015 *******
09/10/2026 05:18:03 PM: INFO: *********** Login Successful **********
09/10/2026 05:18:05 PM: INFO: ******** Starting Edit Vendor Test ********
09/10/2026 05:18:08 PM: INFO: Vendor selected for editing: Vendor1
09/10/2026 05:18:08 PM: INFO: Vendor 'Vendor1' found successfully
09/10/2026 05:18:24 PM: INFO: ******VerifyActivityTypeDisplayed******
09/10/2026 05:18:28 PM: INFO: ***********Login Successful**********
09/10/2026 05:18:28 PM: INFO: ********Starting Verify Activity Type**********
09/10/2026 05:18:30 PM: INFO: fActivity Type '{activity_name}' Status: {result}
09/10/2026 05:18:30 PM: INFO: fActivity Type '{activity_name}' Status: {result}
09/10/2026 05:18:45 PM: INFO: ********** Test_003_AddCustomer **********
09/10/2026 05:18:49 PM: INFO: ********* Login Successful **********
09/10/2026 05:18:49 PM: INFO: ********* Starting Add Customer Test *********
09/10/2026 05:18:52 PM: INFO: ******** Providing customer information ********
09/10/2026 05:18:54 PM: INFO: ******** Customer information provided ********
09/10/2026 05:18:54 PM: INFO: ******** Saving customer information ********
09/10/2026 05:18:55 PM: INFO: Success message: ×
The new customer has been added successfully.
09/10/2026 05:18:55 PM: INFO: ******** Customer added successfully ********
09/10/2026 05:18:55 PM: INFO: ******** Verifying customer in Customers grid ********
09/10/2026 05:19:11 PM: INFO: ******** Customers page opened ********
09/10/2026 05:19:13 PM: INFO: ******** Searching for 7ovkuy0r@gmail.com ********
09/10/2026 05:19:13 PM: INFO: ******** Customer found in Customers grid ********
09/10/2026 05:19:13 PM: INFO: ******** Add customer test passed ********
09/10/2026 05:19:28 PM: INFO: *****Test_AddProduct_028*****
09/10/2026 05:19:31 PM: INFO: *****Login Successful******
09/10/2026 05:19:31 PM: INFO: *****Staring Add Product test*****
09/10/2026 05:19:35 PM: INFO: *****Providing product details*******
09/10/2026 05:19:54 PM: INFO: ******* Test_012_AddVendor *******
09/10/2026 05:19:58 PM: INFO: ***** Login Successfully *****
09/10/2026 05:19:58 PM: INFO: ****** Starting Add Vendor Test ******
09/10/2026 05:20:01 PM: INFO: ****** Providing Vendor Info ******
09/10/2026 05:20:03 PM: INFO: After Save URL: https://localhost:59579/Admin/Vendor/List
09/10/2026 05:20:03 PM: INFO: ******Vendor added successfully******
09/10/2026 05:20:18 PM: INFO: *** Test_BulkEditProductSaveAll_035 ***
09/10/2026 05:20:21 PM: INFO: ***** Login Successful *****
09/10/2026 05:20:21 PM: INFO: ***** Starting Bulk Edit Product Save All Test *****
09/10/2026 05:20:26 PM: INFO: Product Name: Test Product 2191
09/10/2026 05:20:26 PM: INFO: SKU: SKU 25795
09/10/2026 05:20:26 PM: INFO: New Price: 2000
09/10/2026 05:20:26 PM: INFO: Old Price: 1000
09/10/2026 05:20:26 PM: INFO: Stock Quantity: 1000
09/10/2026 05:20:27 PM: INFO: Bulk Edit Save All completed
09/10/2026 05:21:00 PM: INFO: *** Test_BulkEditProductSaveSelected_035 ***
09/10/2026 05:21:03 PM: INFO: ***** Login Successful *****
09/10/2026 05:21:03 PM: INFO: ***** Starting Bulk Edit Product Save Selected Test *****
09/10/2026 05:21:10 PM: INFO: Product Name: Test Product 6639
09/10/2026 05:21:10 PM: INFO: SKU: SKU 79298
09/10/2026 05:21:10 PM: INFO: New Price: 2000
09/10/2026 05:21:10 PM: INFO: Old Price: 1000
09/10/2026 05:21:10 PM: INFO: Stock Quantity: 1000
09/10/2026 05:21:10 PM: INFO: Product 'Test Product 6639' selected for Save Selected
09/10/2026 05:21:12 PM: INFO: Bulk Edit Save Selected completed
09/10/2026 05:21:13 PM: INFO: Product 'Test Product 6639' successfully found in Products table
09/10/2026 05:21:29 PM: INFO: ***** Test_BulkEditProductSearchProductName_036*****
09/10/2026 05:21:32 PM: INFO: ***** Login Successful *****
09/10/2026 05:21:32 PM: INFO: ***** Starting Bulk Edit Product Search Product Name Test *****
09/10/2026 05:21:52 PM: INFO: ***** Test_BulkEditProductSearchProductType_038*****
09/10/2026 05:21:56 PM: INFO: ***** Login Successful *****
09/10/2026 05:21:56 PM: INFO: ***** Starting Bulk Edit Product Search Product Type Test *****
09/10/2026 05:22:18 PM: INFO: ***** Test_BulkEditProductSearchPublishType_039*****
09/10/2026 05:22:21 PM: INFO: ***** Login Successful *****
09/10/2026 05:22:21 PM: INFO: ***** Starting Bulk Edit Product Search Publish Type Test *****
09/10/2026 05:22:41 PM: INFO: ***** Test_BulkEditProductSearchVendor_037*****
09/10/2026 05:22:44 PM: INFO: ***** Login Successful *****
09/10/2026 05:22:44 PM: INFO: ***** Starting Bulk Edit Product Search Vendor Test *****
09/10/2026 05:23:03 PM: INFO: *****Clear_ActivityLogs_020*****
09/10/2026 05:23:08 PM: INFO: ***********Login Successful**********
09/10/2026 05:23:08 PM: INFO: **********Starting Clear_ActivityLogs_020**********
09/10/2026 05:23:09 PM: INFO: **********Clear_ActivityLogs_020 completed**********
09/10/2026 05:23:25 PM: INFO: *****Delete_SingleActivity_019*****
09/10/2026 05:23:30 PM: INFO: ***********Login Successful**********
09/10/2026 05:23:30 PM: INFO: **********Starting Delete_SingleActivity_019**********
09/10/2026 05:23:32 PM: INFO: Customers available for export: 15
09/10/2026 05:23:37 PM: INFO: ******Customers exported successfully*******
09/10/2026 05:23:39 PM: INFO: Activity Log records found: 1
09/10/2026 05:23:39 PM: INFO: ******Activity Log delete clicked*******
09/10/2026 05:23:56 PM: INFO: ******* Exporting All Customers to Excel *******
09/10/2026 05:23:58 PM: INFO: ******* Download directory: C:\Users\hp\PycharmProjects\Python_Selenium_Hybrid\downloads *******
09/10/2026 05:24:03 PM: INFO: ******* Login Successful *****
09/10/2026 05:24:03 PM: INFO: ****** Starting Export All Customers *******
09/10/2026 05:24:05 PM: INFO: ****** Customers page opened ******
09/10/2026 05:24:13 PM: INFO: ******* Export All Customers Excel button clicked *******
09/10/2026 05:24:13 PM: INFO: ******* Excel Downloaded Successfully: customers.xlsx *******
09/10/2026 05:24:13 PM: INFO: ******* Excel File Verification Successful *******
09/10/2026 05:24:32 PM: INFO: ******* Exporting All Customers to XML *******
09/10/2026 05:24:34 PM: INFO: ******* Download directory: C:\Users\hp\PycharmProjects\Python_Selenium_Hybrid\downloads *******
09/10/2026 05:24:36 PM: INFO: ******* Login Successful *****
09/10/2026 05:24:36 PM: INFO: ****** Starting Export All Customers *******
09/10/2026 05:24:39 PM: INFO: ****** Customers page opened ******
09/10/2026 05:24:47 PM: INFO: ******* Export All Customers XML button clicked *******
09/10/2026 05:24:47 PM: INFO: ******* XML Downloaded Successfully: customers.xml *******
09/10/2026 05:24:47 PM: INFO: ******* XML File Verification Successful *******
09/10/2026 05:25:06 PM: INFO: ******* Exporting Selected Customers to Excel *******
09/10/2026 05:25:09 PM: INFO: ******* Download directory: C:\Users\hp\PycharmProjects\Python_Selenium_Hybrid\downloads *******
09/10/2026 05:25:10 PM: INFO: ******* Login Successful *****
09/10/2026 05:25:10 PM: INFO: ****** Navigating to Customers ******
09/10/2026 05:25:12 PM: INFO: ****** Customers page opened ******
09/10/2026 05:25:14 PM: INFO: ******* Customers Selected Successfully *******
09/10/2026 05:25:22 PM: INFO: ******* Export Selected Excel button clicked *******
09/10/2026 05:25:22 PM: INFO: ******* Excel Downloaded Successfully: customers.xlsx *******
09/10/2026 05:25:22 PM: INFO: ******* Excel File Verification Successful *******
09/10/2026 05:25:38 PM: INFO: ******* Exporting Selected Customers to XML *******
09/10/2026 05:25:39 PM: INFO: ******* Download directory: C:\Users\hp\PycharmProjects\Python_Selenium_Hybrid\downloads *******
09/10/2026 05:25:41 PM: INFO: ******* Login Successful *****
09/10/2026 05:25:41 PM: INFO: ****** Navigating to Customers ******
09/10/2026 05:25:43 PM: INFO: ****** Customers page opened ******
09/10/2026 05:25:47 PM: INFO: ******* Customers Selected Successfully *******
09/10/2026 05:25:54 PM: INFO: ******* Export Selected XML button clicked *******
09/10/2026 05:25:54 PM: INFO: ******* XML Downloaded Successfully: customers.xml *******
09/10/2026 05:25:54 PM: INFO: ******* XML File Verification Successful *******
09/10/2026 05:26:08 PM: INFO: ********Verify Login Test********
09/10/2026 05:26:11 PM: INFO: ********Login test Passed********
09/10/2026 05:26:34 PM: INFO: **********Test_002_DDT_Login********
09/10/2026 05:26:34 PM: INFO: ********Verify Login DDT Test********
09/10/2026 05:26:40 PM: INFO: Row 2: *****Test Passed*****
09/10/2026 05:26:44 PM: INFO: Row 3: *****Test Passed*****
09/10/2026 05:26:46 PM: INFO: Row 4: *****Test Passed*****
09/10/2026 05:26:49 PM: INFO: Row 5: *****Test Passed*****
09/10/2026 05:26:51 PM: INFO: Row 6: *****Test Passed*****
09/10/2026 05:26:51 PM: INFO: ****Login DDT Test Passed****
09/10/2026 05:26:53 PM: INFO: ****End of Login DDT Test****
09/10/2026 05:26:53 PM: INFO: *****Completed TC_LoginDDT_002******
09/10/2026 05:27:06 PM: INFO: ******* SearchCustomerByEmail_004 *********
09/10/2026 05:27:08 PM: INFO: *********** Login Successful **********
09/10/2026 05:27:08 PM: INFO: ********** Starting SearchCustomerByEmail_004 **********
09/10/2026 05:27:10 PM: INFO: ******** Searching customer by email ID ***********
09/10/2026 05:27:12 PM: INFO: ******** Customer found successfully ********
09/10/2026 05:27:12 PM: INFO: ******** TC_SearchCustomerByEmail_004 Finished **********
09/10/2026 05:27:19 PM: WARNING: Retrying (Retry(total=2, connect=None, read=None, redirect=None, status=None)) after connection broken by 'NewConnectionError("HTTPConnection(host='localhost', port=65460): Failed to establish a new connection: [WinError 10061] No connection could be made because the target machine actively refused it")': /session/e629f45d-80eb-4dd9-9b4e-14c6ca4abc40
09/10/2026 05:27:23 PM: WARNING: Retrying (Retry(total=1, connect=None, read=None, redirect=None, status=None)) after connection broken by 'NewConnectionError("HTTPConnection(host='localhost', port=65460): Failed to establish a new connection: [WinError 10061] No connection could be made because the target machine actively refused it")': /session/e629f45d-80eb-4dd9-9b4e-14c6ca4abc40
09/10/2026 05:27:27 PM: WARNING: Retrying (Retry(total=0, connect=None, read=None, redirect=None, status=None)) after connection broken by 'NewConnectionError("HTTPConnection(host='localhost', port=65460): Failed to establish a new connection: [WinError 10061] No connection could be made because the target machine actively refused it")': /session/e629f45d-80eb-4dd9-9b4e-14c6ca4abc40
09/10/2026 05:27:43 PM: INFO: ******* SearchCustomerByName_005 *********
09/10/2026 05:27:46 PM: INFO: *********** Login Successful **********
09/10/2026 05:27:46 PM: INFO: ********** Starting SearchCustomerByName_005 **********
09/10/2026 05:27:49 PM: INFO: ******** Customers page opened ********
09/10/2026 05:27:49 PM: INFO: ******** Searching customer by Name ***********
09/10/2026 05:27:50 PM: INFO: ******** TC_SearchCustomerByName_005 Finished **********
09/10/2026 05:28:05 PM: INFO: *****SearchVendorByName_013*****
09/10/2026 05:28:08 PM: INFO: ***********Login Successful**********
09/10/2026 05:28:08 PM: INFO: **********Starting SearchVendorByName_013**********
09/10/2026 05:28:09 PM: INFO: ******** searching vendor by Email***********
09/10/2026 05:28:13 PM: INFO: ********TC_SearchvendorrByEmail_014 Finished**********
09/10/2026 05:28:28 PM: INFO: *****SearchVendorByName_013*****
09/10/2026 05:28:32 PM: INFO: ***********Login Successful**********
09/10/2026 05:28:32 PM: INFO: **********Starting SearchVendorByName_013**********
09/10/2026 05:28:34 PM: INFO: ******** searching vendor by Name***********
09/10/2026 05:28:34 PM: INFO: Selected Vendor Name: Vendor1
09/10/2026 05:28:34 PM: INFO: *******Searching Vendor by Name: {vendor_name}********
09/10/2026 05:28:37 PM: INFO: ********TC_SearchvendorrByName_013 Finished**********
09/10/2026 05:28:51 PM: INFO: ***** SearchActivityDate_016 *****
09/10/2026 05:28:54 PM: INFO: *********** Login Successful **********
09/10/2026 05:28:54 PM: INFO: ********** Starting SearchActivityDate_016 **********
09/10/2026 05:28:57 PM: INFO: Activity log rows found: 6
09/10/2026 05:29:15 PM: INFO: *****SearchActivityIP_017*****
09/10/2026 05:29:18 PM: INFO: ***********Login Successful**********
09/10/2026 05:29:18 PM: INFO: **********Starting SearchActivityIP_017**********
09/10/2026 05:29:34 PM: INFO: *****SearchActivity_LogType_018*****
09/10/2026 05:29:37 PM: INFO: ***********Login Successful**********
09/10/2026 05:29:37 PM: INFO: **********Starting SearchActivity_LogType_018**********
09/10/2026 05:29:54 PM: INFO: *****SearchCustomer_RoleAdministrator_021*****
09/10/2026 05:29:58 PM: INFO: ***********Login Successful**********
09/10/2026 05:30:01 PM: INFO: Administrator search result count: 1
09/10/2026 05:30:15 PM: INFO: *****SearchCustomer_RoleForumModerator_023*****
09/10/2026 05:30:18 PM: INFO: ***********Login Successful**********
09/10/2026 05:30:22 PM: INFO: Forum Moderator search result count: 1
09/10/2026 05:30:36 PM: INFO: *****SearchCustomer_Role_Guests_024*****
09/10/2026 05:30:40 PM: INFO: ***********Login Successful**********
09/10/2026 05:30:40 PM: INFO: ********Starting_SearchGuest_Role_024******
09/10/2026 05:30:43 PM: INFO: Normal table customer count: 15
09/10/2026 05:30:44 PM: INFO: Guests search result count: 15
09/10/2026 05:30:59 PM: INFO: *****Test_SearchProductByName_029*****
09/10/2026 05:31:04 PM: INFO: *****Login Successful******
09/10/2026 05:31:04 PM: INFO: *****Staring Search Product By Name test*****
09/10/2026 05:31:22 PM: INFO: *****Test_SearchProductBySKU_030*****
09/10/2026 05:31:26 PM: INFO: *****Login Successful******
09/10/2026 05:31:26 PM: INFO: *****Staring Search Product By SKU test*****
09/10/2026 05:32:05 PM: INFO: ********** Test_SearchProductByVendor_031 Started **********
09/10/2026 05:32:07 PM: INFO: Application URL opened: https://localhost:59579/admin
09/10/2026 05:32:09 PM: INFO: ********** Login Successful **********
09/10/2026 05:32:10 PM: INFO: ********** Products page opened successfully **********
09/10/2026 05:32:13 PM: INFO: ********** Product search performed for Vendor1 **********
09/10/2026 05:32:13 PM: INFO: ********** 'No data available in table' validated **********
09/10/2026 05:32:13 PM: INFO: ********** 'No records' validated **********
09/10/2026 05:32:13 PM: INFO: ********** Test_SearchProductByVendor_031 Passed **********
09/10/2026 05:32:28 PM: INFO: *****SearchCustomer_RoleRegistered_022*****
09/10/2026 05:32:32 PM: INFO: ***********Login Successful**********
09/10/2026 05:32:35 PM: INFO: Normal table customer count: 15
09/10/2026 05:32:35 PM: INFO: Registered search result count: 2
09/10/2026 05:32:50 PM: INFO: *****SearchCustomer_Role_Vendors_025*****
09/10/2026 05:32:54 PM: INFO: ***********Login Successful**********
09/10/2026 05:32:54 PM: INFO: ********Starting_SearchVendor_Role_025******
09/10/2026 05:32:57 PM: INFO: Normal table customer count: 15
09/10/2026 05:32:58 PM: INFO: Vendor search result count: 0
09/10/2026 06:29:18 PM: INFO: *** Test_BulkEditProductSaveAll_035 ***
09/10/2026 06:29:24 PM: INFO: ***** Login Successful *****
09/10/2026 06:29:24 PM: INFO: ***** Starting Bulk Edit Product Save All Test *****
09/10/2026 06:29:29 PM: INFO: Product Name: Test Product 2261
09/10/2026 06:29:29 PM: INFO: SKU: SKU 44417
09/10/2026 06:29:29 PM: INFO: New Price: 2000
09/10/2026 06:29:29 PM: INFO: Old Price: 1000
09/10/2026 06:29:29 PM: INFO: Stock Quantity: 1000
09/10/2026 06:29:30 PM: INFO: Bulk Edit Save All completed
09/10/2026 06:29:32 PM: INFO: Product 'Test Product 2261' successfully found in Products table
09/10/2026 06:30:38 PM: INFO: *****Test_SearchProductBySKU_030*****
09/10/2026 06:30:44 PM: INFO: *****Login Successful******
09/10/2026 06:30:44 PM: INFO: *****Staring Search Product By SKU test*****
09/10/2026 06:32:00 PM: INFO: ******* Deleting Customer *******
09/10/2026 06:32:06 PM: INFO: ******* Login Successful *****
09/10/2026 06:32:07 PM: INFO: ******* Customers page opened *******
09/10/2026 06:32:10 PM: INFO: ******* Edit Customer button clicked *******
09/10/2026 06:32:12 PM: INFO: ******* Edit Customer page opened successfully *******
09/10/2026 06:32:12 PM: INFO: ******* Delete Customer button clicked *******
09/10/2026 06:32:23 PM: INFO: ******* Delete confirmation accepted *******
09/10/2026 06:32:24 PM: INFO: ********* Delete Customer test passed **********
09/10/2026 06:32:26 PM: INFO: ****** Ending Delete Customer Test *******
09/10/2026 06:32:52 PM: INFO: *****Test_DeleteProduct_Select_033*****
09/10/2026 06:32:58 PM: INFO: *****Login Successful******
09/10/2026 06:32:58 PM: INFO: *****Starting Delete Selected Product test*****
09/10/2026 06:33:03 PM: INFO: ***** Product 'Test Product 7598' was deleted successfully *****
09/10/2026 06:33:27 PM: INFO: *****Test_DeleteProduct_032*****
09/10/2026 06:33:38 PM: INFO: *****Login Successful******
09/10/2026 06:33:38 PM: INFO: *****Staring Delete Product test*****
09/10/2026 06:33:51 PM: INFO: ***** Product deleted successfully *****
09/10/2026 06:35:14 PM: INFO: ******* Editing Customer *******
09/10/2026 06:35:26 PM: INFO: ******* Login Successful *****
09/10/2026 06:35:28 PM: INFO: ******* Customers page opened *******
09/10/2026 06:35:31 PM: INFO: ******* Edit Customer button clicked *******
09/10/2026 06:35:31 PM: INFO: ******* Edit Customer page opened successfully *******
09/10/2026 06:35:37 PM: INFO: ********* Edit Customer test passed **********
09/10/2026 06:35:39 PM: INFO: ****** Ending Edit Customer Test *******
09/10/2026 06:36:07 PM: INFO: *****Test_EditProduct_031*****
09/10/2026 06:36:14 PM: INFO: *****Login Successful******
09/10/2026 06:36:14 PM: INFO: *****Staring Edit Product test*****
09/10/2026 06:36:20 PM: INFO: *****Edit page opened successfully****
09/10/2026 06:36:22 PM: INFO: *****Product details updated*****
09/10/2026 06:36:22 PM: INFO: *****Save button clicked*****
09/10/2026 06:36:50 PM: INFO: ******* Test_EditVendor_015 *******
09/10/2026 06:37:01 PM: INFO: *********** Login Successful **********
09/10/2026 06:37:05 PM: INFO: ******** Starting Edit Vendor Test ********
09/10/2026 06:37:07 PM: INFO: Vendor selected for editing: Vendor1
09/10/2026 06:37:07 PM: INFO: Vendor 'Vendor1' found successfully
09/10/2026 06:37:38 PM: INFO: ******VerifyActivityTypeDisplayed******
09/10/2026 06:37:48 PM: INFO: ***********Login Successful**********
09/10/2026 06:37:48 PM: INFO: ********Starting Verify Activity Type**********
09/10/2026 06:37:52 PM: INFO: fActivity Type '{activity_name}' Status: {result}
09/10/2026 06:37:52 PM: INFO: fActivity Type '{activity_name}' Status: {result}
09/10/2026 06:38:19 PM: INFO: ********** Test_003_AddCustomer **********
09/10/2026 06:38:28 PM: INFO: ********* Login Successful **********
09/10/2026 06:38:28 PM: INFO: ********* Starting Add Customer Test *********
09/10/2026 06:38:41 PM: INFO: ******** Providing customer information ********
09/10/2026 06:38:45 PM: INFO: ******** Customer information provided ********
09/10/2026 06:38:48 PM: INFO: ******** Saving customer information ********
09/10/2026 06:38:48 PM: INFO: Success message: ×
The new customer has been added successfully.
09/10/2026 06:38:48 PM: INFO: ******** Customer added successfully ********
09/10/2026 06:38:48 PM: INFO: ******** Verifying customer in Customers grid ********
09/10/2026 06:39:04 PM: INFO: ******** Customers page opened ********
09/10/2026 06:39:07 PM: INFO: ******** Searching for r0dez92x@gmail.com ********
09/10/2026 06:39:07 PM: INFO: ******** Customer found in Customers grid ********
09/10/2026 06:39:07 PM: INFO: ******** Add customer test passed ********
09/10/2026 06:39:32 PM: INFO: *****Test_AddProduct_028*****
09/10/2026 06:39:43 PM: INFO: *****Login Successful******
09/10/2026 06:39:43 PM: INFO: *****Staring Add Product test*****
09/10/2026 06:39:48 PM: INFO: *****Providing product details*******
09/10/2026 06:40:22 PM: INFO: ******* Test_012_AddVendor *******
09/10/2026 06:40:26 PM: INFO: ***** Login Successfully *****
09/10/2026 06:40:26 PM: INFO: ****** Starting Add Vendor Test ******
09/10/2026 06:40:29 PM: INFO: ****** Providing Vendor Info ******
09/10/2026 06:40:33 PM: INFO: After Save URL: https://localhost:59579/Admin/Vendor/List
09/10/2026 06:40:33 PM: INFO: ******Vendor added successfully******
09/10/2026 06:40:57 PM: INFO: *** Test_BulkEditProductSaveAll_035 ***
09/10/2026 06:41:04 PM: INFO: ***** Login Successful *****
09/10/2026 06:41:04 PM: INFO: ***** Starting Bulk Edit Product Save All Test *****
09/10/2026 06:41:10 PM: INFO: Product Name: Test Product 2207
09/10/2026 06:41:10 PM: INFO: SKU: SKU 56840
09/10/2026 06:41:10 PM: INFO: New Price: 2000
09/10/2026 06:41:10 PM: INFO: Old Price: 1000
09/10/2026 06:41:10 PM: INFO: Stock Quantity: 1000
09/10/2026 06:41:12 PM: INFO: Bulk Edit Save All completed
09/10/2026 06:41:14 PM: INFO: Product 'Test Product 2207' successfully found in Products table
09/10/2026 06:41:31 PM: INFO: *** Test_BulkEditProductSaveSelected_035 ***
09/10/2026 06:41:34 PM: INFO: ***** Login Successful *****
09/10/2026 06:41:34 PM: INFO: ***** Starting Bulk Edit Product Save Selected Test *****
09/10/2026 06:41:40 PM: INFO: Product Name: Test Product 6215
09/10/2026 06:41:40 PM: INFO: SKU: SKU 78115
09/10/2026 06:41:40 PM: INFO: New Price: 2000
09/10/2026 06:41:40 PM: INFO: Old Price: 1000
09/10/2026 06:41:40 PM: INFO: Stock Quantity: 1000
09/10/2026 06:41:41 PM: INFO: Product 'Test Product 6215' selected for Save Selected
09/10/2026 06:41:42 PM: INFO: Bulk Edit Save Selected completed
09/10/2026 06:42:13 PM: INFO: ***** Test_BulkEditProductSearchProductName_036*****
09/10/2026 06:42:17 PM: INFO: ***** Login Successful *****
09/10/2026 06:42:17 PM: INFO: ***** Starting Bulk Edit Product Search Product Name Test *****
09/10/2026 06:42:46 PM: INFO: ***** Test_BulkEditProductSearchProductType_038*****
09/10/2026 06:42:50 PM: INFO: ***** Login Successful *****
09/10/2026 06:42:50 PM: INFO: ***** Starting Bulk Edit Product Search Product Type Test *****
09/10/2026 06:43:10 PM: INFO: ***** Test_BulkEditProductSearchPublishType_039*****
09/10/2026 06:43:13 PM: INFO: ***** Login Successful *****
09/10/2026 06:43:13 PM: INFO: ***** Starting Bulk Edit Product Search Publish Type Test *****
09/10/2026 06:43:40 PM: INFO: ***** Test_BulkEditProductSearchVendor_037*****
09/10/2026 06:43:45 PM: INFO: ***** Login Successful *****
09/10/2026 06:43:45 PM: INFO: ***** Starting Bulk Edit Product Search Vendor Test *****
09/10/2026 06:44:20 PM: INFO: *****Clear_ActivityLogs_020*****
09/10/2026 06:44:23 PM: INFO: ***********Login Successful**********
09/10/2026 06:44:23 PM: INFO: **********Starting Clear_ActivityLogs_020**********
09/10/2026 06:44:25 PM: INFO: **********Clear_ActivityLogs_020 completed**********
09/10/2026 06:44:41 PM: INFO: *****Delete_SingleActivity_019*****
09/10/2026 06:44:45 PM: INFO: ***********Login Successful**********
09/10/2026 06:44:45 PM: INFO: **********Starting Delete_SingleActivity_019**********
09/10/2026 06:44:47 PM: INFO: Customers available for export: 15
09/10/2026 06:44:53 PM: INFO: ******Customers exported successfully*******
09/10/2026 06:44:56 PM: INFO: Activity Log records found: 1
09/10/2026 06:44:56 PM: INFO: ******Activity Log delete clicked*******
09/10/2026 06:45:15 PM: INFO: ******* Exporting All Customers to Excel *******
09/10/2026 06:45:16 PM: INFO: ******* Download directory: C:\Users\hp\PycharmProjects\Python_Selenium_Hybrid\downloads *******
09/10/2026 06:45:18 PM: INFO: ******* Login Successful *****
09/10/2026 06:45:18 PM: INFO: ****** Starting Export All Customers *******
09/10/2026 06:45:20 PM: INFO: ****** Customers page opened ******
09/10/2026 06:45:30 PM: INFO: ******* Export All Customers Excel button clicked *******
09/10/2026 06:45:30 PM: INFO: ******* Excel Downloaded Successfully: customers.xlsx *******
09/10/2026 06:45:30 PM: INFO: ******* Excel File Verification Successful *******
09/10/2026 06:45:45 PM: INFO: ******* Exporting All Customers to XML *******
09/10/2026 06:45:46 PM: INFO: ******* Download directory: C:\Users\hp\PycharmProjects\Python_Selenium_Hybrid\downloads *******
09/10/2026 06:45:48 PM: INFO: ******* Login Successful *****
09/10/2026 06:45:48 PM: INFO: ****** Starting Export All Customers *******
09/10/2026 06:45:50 PM: INFO: ****** Customers page opened ******
09/10/2026 06:46:01 PM: INFO: ******* Export All Customers XML button clicked *******
09/10/2026 06:46:01 PM: INFO: ******* XML Downloaded Successfully: customers.xml *******
09/10/2026 06:46:01 PM: INFO: ******* XML File Verification Successful *******
09/10/2026 06:46:18 PM: INFO: ******* Exporting Selected Customers to Excel *******
09/10/2026 06:46:19 PM: INFO: ******* Download directory: C:\Users\hp\PycharmProjects\Python_Selenium_Hybrid\downloads *******
09/10/2026 06:46:23 PM: INFO: ******* Login Successful *****
09/10/2026 06:46:23 PM: INFO: ****** Navigating to Customers ******
09/10/2026 06:46:26 PM: INFO: ****** Customers page opened ******
09/10/2026 06:46:28 PM: INFO: ******* Customers Selected Successfully *******
09/10/2026 06:46:35 PM: INFO: ******* Export Selected Excel button clicked *******
09/10/2026 06:46:35 PM: INFO: ******* Excel Downloaded Successfully: customers.xlsx *******
09/10/2026 06:46:35 PM: INFO: ******* Excel File Verification Successful *******
09/10/2026 06:46:51 PM: INFO: ******* Exporting Selected Customers to XML *******
09/10/2026 06:46:54 PM: INFO: ******* Download directory: C:\Users\hp\PycharmProjects\Python_Selenium_Hybrid\downloads *******
09/10/2026 06:46:56 PM: INFO: ******* Login Successful *****
09/10/2026 06:46:56 PM: INFO: ****** Navigating to Customers ******
09/10/2026 06:46:58 PM: INFO: ****** Customers page opened ******
09/10/2026 06:47:01 PM: INFO: ******* Customers Selected Successfully *******
09/10/2026 06:47:07 PM: INFO: ******* Export Selected XML button clicked *******
09/10/2026 06:47:07 PM: INFO: ******* XML Downloaded Successfully: customers.xml *******
09/10/2026 06:47:07 PM: INFO: ******* XML File Verification Successful *******
09/10/2026 06:47:27 PM: INFO: ********Verify Login Test********
09/10/2026 06:47:31 PM: INFO: ********Login test Passed********
09/10/2026 06:47:50 PM: INFO: **********Test_002_DDT_Login********
09/10/2026 06:47:50 PM: INFO: ********Verify Login DDT Test********
09/10/2026 06:47:57 PM: INFO: Row 2: *****Test Passed*****
09/10/2026 06:48:00 PM: INFO: Row 3: *****Test Passed*****
09/10/2026 06:48:03 PM: INFO: Row 4: *****Test Passed*****
09/10/2026 06:48:06 PM: INFO: Row 5: *****Test Passed*****
09/10/2026 06:48:09 PM: INFO: Row 6: *****Test Passed*****
09/10/2026 06:48:09 PM: INFO: ****Login DDT Test Passed****
09/10/2026 06:48:11 PM: INFO: ****End of Login DDT Test****
09/10/2026 06:48:11 PM: INFO: *****Completed TC_LoginDDT_002******
09/10/2026 06:48:26 PM: INFO: ******* SearchCustomerByEmail_004 *********
09/10/2026 06:48:30 PM: INFO: *********** Login Successful **********
09/10/2026 06:48:30 PM: INFO: ********** Starting SearchCustomerByEmail_004 **********
09/10/2026 06:48:32 PM: INFO: ******** Searching customer by email ID ***********
09/10/2026 06:48:33 PM: INFO: ******** Customer found successfully ********
09/10/2026 06:48:33 PM: INFO: ******** TC_SearchCustomerByEmail_004 Finished **********
09/10/2026 06:48:41 PM: WARNING: Retrying (Retry(total=2, connect=None, read=None, redirect=None, status=None)) after connection broken by 'NewConnectionError("HTTPConnection(host='localhost', port=63625): Failed to establish a new connection: [WinError 10061] No connection could be made because the target machine actively refused it")': /session/168473d8-d9fb-4053-b95b-511c9e477beb
09/10/2026 06:48:45 PM: WARNING: Retrying (Retry(total=1, connect=None, read=None, redirect=None, status=None)) after connection broken by 'NewConnectionError("HTTPConnection(host='localhost', port=63625): Failed to establish a new connection: [WinError 10061] No connection could be made because the target machine actively refused it")': /session/168473d8-d9fb-4053-b95b-511c9e477beb
09/10/2026 06:48:49 PM: WARNING: Retrying (Retry(total=0, connect=None, read=None, redirect=None, status=None)) after connection broken by 'NewConnectionError("HTTPConnection(host='localhost', port=63625): Failed to establish a new connection: [WinError 10061] No connection could be made because the target machine actively refused it")': /session/168473d8-d9fb-4053-b95b-511c9e477beb
09/10/2026 06:49:06 PM: INFO: ******* SearchCustomerByName_005 *********
09/10/2026 06:49:12 PM: INFO: *********** Login Successful **********
09/10/2026 06:49:12 PM: INFO: ********** Starting SearchCustomerByName_005 **********
09/10/2026 06:49:13 PM: INFO: ******** Customers page opened ********
09/10/2026 06:49:13 PM: INFO: ******** Searching customer by Name ***********
09/10/2026 06:49:14 PM: INFO: ******** TC_SearchCustomerByName_005 Finished **********
09/10/2026 06:49:30 PM: INFO: *****SearchVendorByName_013*****
09/10/2026 06:49:33 PM: INFO: ***********Login Successful**********
09/10/2026 06:49:33 PM: INFO: **********Starting SearchVendorByName_013**********
09/10/2026 06:49:35 PM: INFO: ******** searching vendor by Email***********
09/10/2026 06:49:39 PM: INFO: ********TC_SearchvendorrByEmail_014 Finished**********
09/10/2026 06:49:57 PM: INFO: *****SearchVendorByName_013*****
09/10/2026 06:50:01 PM: INFO: ***********Login Successful**********
09/10/2026 06:50:01 PM: INFO: **********Starting SearchVendorByName_013**********
09/10/2026 06:50:02 PM: INFO: ******** searching vendor by Name***********
09/10/2026 06:50:03 PM: INFO: Selected Vendor Name: Vendor1
09/10/2026 06:50:03 PM: INFO: *******Searching Vendor by Name: {vendor_name}********
09/10/2026 06:50:06 PM: INFO: ********TC_SearchvendorrByName_013 Finished**********
09/10/2026 06:50:26 PM: INFO: ***** SearchActivityDate_016 *****
09/10/2026 06:50:30 PM: INFO: *********** Login Successful **********
09/10/2026 06:50:30 PM: INFO: ********** Starting SearchActivityDate_016 **********
09/10/2026 06:50:33 PM: INFO: Activity log rows found: 6
09/10/2026 06:50:49 PM: INFO: *****SearchActivityIP_017*****
09/10/2026 06:50:53 PM: INFO: ***********Login Successful**********
09/10/2026 06:50:53 PM: INFO: **********Starting SearchActivityIP_017**********
09/10/2026 06:51:11 PM: INFO: *****SearchActivity_LogType_018*****
09/10/2026 06:51:14 PM: INFO: ***********Login Successful**********
09/10/2026 06:51:14 PM: INFO: **********Starting SearchActivity_LogType_018**********
09/10/2026 06:51:33 PM: INFO: *****SearchCustomer_RoleAdministrator_021*****
09/10/2026 06:51:37 PM: INFO: ***********Login Successful**********
09/10/2026 06:51:39 PM: INFO: Administrator search result count: 1
09/10/2026 06:51:57 PM: INFO: *****SearchCustomer_RoleForumModerator_023*****
09/10/2026 06:52:16 PM: INFO: ***********Login Successful**********
09/10/2026 06:52:19 PM: INFO: Forum Moderator search result count: 1
09/10/2026 06:52:34 PM: INFO: *****SearchCustomer_Role_Guests_024*****
09/10/2026 06:52:38 PM: INFO: ***********Login Successful**********
09/10/2026 06:52:38 PM: INFO: ********Starting_SearchGuest_Role_024******
09/10/2026 06:52:41 PM: INFO: Normal table customer count: 15
09/10/2026 06:52:43 PM: INFO: Guests search result count: 15
09/10/2026 06:52:58 PM: INFO: *****Test_SearchProductByName_029*****
09/10/2026 06:53:02 PM: INFO: *****Login Successful******
09/10/2026 06:53:02 PM: INFO: *****Staring Search Product By Name test*****
09/10/2026 06:53:20 PM: INFO: *****Test_SearchProductBySKU_030*****
09/10/2026 06:53:24 PM: INFO: *****Login Successful******
09/10/2026 06:53:24 PM: INFO: *****Staring Search Product By SKU test*****
09/10/2026 06:53:46 PM: INFO: ********** Test_SearchProductByVendor_031 Started **********
09/10/2026 06:53:48 PM: INFO: Application URL opened: https://localhost:59579/admin
09/10/2026 06:53:50 PM: INFO: ********** Login Successful **********
09/10/2026 06:53:51 PM: INFO: ********** Products page opened successfully **********
09/10/2026 06:53:55 PM: INFO: ********** Product search performed for Vendor1 **********
09/10/2026 06:53:55 PM: INFO: ********** 'No data available in table' validated **********
09/10/2026 06:53:55 PM: INFO: ********** 'No records' validated **********
09/10/2026 06:53:55 PM: INFO: ********** Test_SearchProductByVendor_031 Passed **********
09/10/2026 06:54:10 PM: INFO: *****SearchCustomer_RoleRegistered_022*****
09/10/2026 06:54:14 PM: INFO: ***********Login Successful**********
09/10/2026 06:54:17 PM: INFO: Normal table customer count: 15
09/10/2026 06:54:19 PM: INFO: Registered search result count: 2
09/10/2026 06:54:36 PM: INFO: *****SearchCustomer_Role_Vendors_025*****
09/10/2026 06:54:39 PM: INFO: ***********Login Successful**********
09/10/2026 06:54:39 PM: INFO: ********Starting_SearchVendor_Role_025******
09/10/2026 06:54:42 PM: INFO: Normal table customer count: 15
09/10/2026 06:54:43 PM: INFO: Vendor search result count: 0
09/10/2026 07:04:24 PM: INFO: *****Test_AddProduct_028*****
09/10/2026 07:04:28 PM: INFO: *****Login Successful******
09/10/2026 07:04:28 PM: INFO: *****Staring Add Product test*****
09/10/2026 07:04:33 PM: INFO: *****Providing product details*******
09/10/2026 07:08:02 PM: INFO: *****Test_AddProduct_028*****
09/10/2026 07:08:08 PM: INFO: *****Login Successful******
09/10/2026 07:08:08 PM: INFO: *****Staring Add Product test*****
09/10/2026 07:08:11 PM: INFO: *****Providing product details*******
09/10/2026 07:10:54 PM: INFO: *****Test_AddProduct_028*****
09/10/2026 07:10:59 PM: INFO: *****Login Successful******
09/10/2026 07:10:59 PM: INFO: *****Staring Add Product test*****
09/10/2026 07:11:01 PM: INFO: *****Providing product details*******
09/10/2026 07:12:35 PM: INFO: ******* Deleting Customer *******
09/10/2026 07:12:40 PM: INFO: ******* Login Successful *****
09/10/2026 07:12:41 PM: INFO: ******* Customers page opened *******
09/10/2026 07:12:44 PM: INFO: ******* Edit Customer button clicked *******
09/10/2026 07:12:46 PM: INFO: ******* Edit Customer page opened successfully *******
09/10/2026 07:12:47 PM: INFO: ******* Delete Customer button clicked *******
09/10/2026 07:12:58 PM: INFO: ******* Delete confirmation accepted *******
09/10/2026 07:12:59 PM: INFO: ********* Delete Customer test passed **********
09/10/2026 07:13:00 PM: INFO: ****** Ending Delete Customer Test *******
09/10/2026 07:13:14 PM: INFO: *****Test_DeleteProduct_Select_033*****
09/10/2026 07:13:19 PM: INFO: *****Login Successful******
09/10/2026 07:13:19 PM: INFO: *****Starting Delete Selected Product test*****
09/10/2026 07:13:22 PM: INFO: ***** Product 'Test Product 3179' was deleted successfully *****
09/10/2026 07:13:37 PM: INFO: *****Test_DeleteProduct_032*****
09/10/2026 07:13:43 PM: INFO: *****Login Successful******
09/10/2026 07:13:43 PM: INFO: *****Staring Delete Product test*****
09/10/2026 07:13:47 PM: INFO: ***** Product deleted successfully *****
09/10/2026 07:14:25 PM: INFO: ******* Editing Customer *******
09/10/2026 07:14:31 PM: INFO: ******* Login Successful *****
09/10/2026 07:14:32 PM: INFO: ******* Customers page opened *******
09/10/2026 07:14:35 PM: INFO: ******* Edit Customer button clicked *******
09/10/2026 07:14:35 PM: INFO: ******* Edit Customer page opened successfully *******
09/10/2026 07:14:37 PM: INFO: ********* Edit Customer test passed **********
09/10/2026 07:14:38 PM: INFO: ****** Ending Edit Customer Test *******
09/10/2026 07:14:51 PM: INFO: *****Test_EditProduct_031*****
09/10/2026 07:14:56 PM: INFO: *****Login Successful******
09/10/2026 07:14:56 PM: INFO: *****Staring Edit Product test*****
09/10/2026 07:14:58 PM: INFO: *****Edit page opened successfully****
09/10/2026 07:14:59 PM: INFO: *****Product details updated*****
09/10/2026 07:14:59 PM: INFO: *****Save button clicked*****
09/10/2026 07:15:17 PM: INFO: ******* Test_EditVendor_015 *******
09/10/2026 07:15:21 PM: INFO: *********** Login Successful **********
09/10/2026 07:15:23 PM: INFO: ******** Starting Edit Vendor Test ********
09/10/2026 07:15:25 PM: INFO: Vendor selected for editing: Vendor1
09/10/2026 07:15:25 PM: INFO: Vendor 'Vendor1' found successfully
09/10/2026 07:15:40 PM: INFO: ******VerifyActivityTypeDisplayed******
09/10/2026 07:15:45 PM: INFO: ***********Login Successful**********
09/10/2026 07:15:45 PM: INFO: ********Starting Verify Activity Type**********
09/10/2026 07:15:46 PM: INFO: fActivity Type '{activity_name}' Status: {result}
09/10/2026 07:15:46 PM: INFO: fActivity Type '{activity_name}' Status: {result}
09/10/2026 07:16:01 PM: INFO: ********** Test_003_AddCustomer **********
09/10/2026 07:16:05 PM: INFO: ********* Login Successful **********
09/10/2026 07:16:05 PM: INFO: ********* Starting Add Customer Test *********
09/10/2026 07:16:07 PM: INFO: ******** Providing customer information ********
09/10/2026 07:16:09 PM: INFO: ******** Customer information provided ********
09/10/2026 07:16:10 PM: INFO: ******** Saving customer information ********
09/10/2026 07:16:10 PM: INFO: Success message: ×
The new customer has been added successfully.
09/10/2026 07:16:10 PM: INFO: ******** Customer added successfully ********
09/10/2026 07:16:10 PM: INFO: ******** Verifying customer in Customers grid ********
09/10/2026 07:16:25 PM: INFO: ******** Customers page opened ********
09/10/2026 07:16:28 PM: INFO: ******** Searching for obs3wg3j@gmail.com ********
09/10/2026 07:16:28 PM: INFO: ******** Customer found in Customers grid ********
09/10/2026 07:16:28 PM: INFO: ******** Add customer test passed ********
09/10/2026 07:16:43 PM: INFO: *****Test_AddProduct_028*****
09/10/2026 07:16:47 PM: INFO: *****Login Successful******
09/10/2026 07:16:47 PM: INFO: *****Staring Add Product test*****
09/10/2026 07:16:50 PM: INFO: *****Providing product details*******
09/10/2026 07:17:08 PM: INFO: ******* Test_012_AddVendor *******
09/10/2026 07:17:13 PM: INFO: ***** Login Successfully *****
09/10/2026 07:17:13 PM: INFO: ****** Starting Add Vendor Test ******
09/10/2026 07:17:15 PM: INFO: ****** Providing Vendor Info ******
09/10/2026 07:17:17 PM: INFO: After Save URL: https://localhost:59579/Admin/Vendor/List
09/10/2026 07:17:17 PM: INFO: ******Vendor added successfully******
09/10/2026 07:17:39 PM: INFO: *** Test_BulkEditProductSaveAll_035 ***
09/10/2026 07:17:44 PM: INFO: ***** Login Successful *****
09/10/2026 07:17:44 PM: INFO: ***** Starting Bulk Edit Product Save All Test *****
09/10/2026 07:17:48 PM: INFO: Product Name: Test Product 3054
09/10/2026 07:17:48 PM: INFO: SKU: SKU 76770
09/10/2026 07:17:48 PM: INFO: New Price: 2000
09/10/2026 07:17:48 PM: INFO: Old Price: 1000
09/10/2026 07:17:48 PM: INFO: Stock Quantity: 1000
09/10/2026 07:17:49 PM: INFO: Bulk Edit Save All completed
09/10/2026 07:18:22 PM: INFO: *** Test_BulkEditProductSaveSelected_035 ***
09/10/2026 07:18:27 PM: INFO: ***** Login Successful *****
09/10/2026 07:18:27 PM: INFO: ***** Starting Bulk Edit Product Save Selected Test *****
09/10/2026 07:18:31 PM: INFO: Product Name: Test Product 2613
09/10/2026 07:18:31 PM: INFO: SKU: SKU 81356
09/10/2026 07:18:31 PM: INFO: New Price: 2000
09/10/2026 07:18:31 PM: INFO: Old Price: 1000
09/10/2026 07:18:31 PM: INFO: Stock Quantity: 1000
09/10/2026 07:18:32 PM: INFO: Product 'Test Product 2613' selected for Save Selected
09/10/2026 07:18:32 PM: INFO: Bulk Edit Save Selected completed
09/10/2026 07:19:05 PM: INFO: ***** Test_BulkEditProductSearchProductName_036*****
09/10/2026 07:19:08 PM: INFO: ***** Login Successful *****
09/10/2026 07:19:08 PM: INFO: ***** Starting Bulk Edit Product Search Product Name Test *****
09/10/2026 07:19:27 PM: INFO: ***** Test_BulkEditProductSearchProductType_038*****
09/10/2026 07:19:32 PM: INFO: ***** Login Successful *****
09/10/2026 07:19:32 PM: INFO: ***** Starting Bulk Edit Product Search Product Type Test *****
09/10/2026 07:19:52 PM: INFO: ***** Test_BulkEditProductSearchPublishType_039*****
09/10/2026 07:19:55 PM: INFO: ***** Login Successful *****
09/10/2026 07:19:55 PM: INFO: ***** Starting Bulk Edit Product Search Publish Type Test *****
09/10/2026 07:20:19 PM: INFO: ***** Test_BulkEditProductSearchVendor_037*****
09/10/2026 07:20:23 PM: INFO: ***** Login Successful *****
09/10/2026 07:20:23 PM: INFO: ***** Starting Bulk Edit Product Search Vendor Test *****
09/10/2026 07:20:57 PM: INFO: *****Clear_ActivityLogs_020*****
09/10/2026 07:21:04 PM: INFO: ***********Login Successful**********
09/10/2026 07:21:04 PM: INFO: **********Starting Clear_ActivityLogs_020**********
09/10/2026 07:21:06 PM: INFO: **********Clear_ActivityLogs_020 completed**********
09/10/2026 07:21:21 PM: INFO: *****Delete_SingleActivity_019*****
09/10/2026 07:21:25 PM: INFO: ***********Login Successful**********
09/10/2026 07:21:25 PM: INFO: **********Starting Delete_SingleActivity_019**********
09/10/2026 07:21:28 PM: INFO: Customers available for export: 15
09/10/2026 07:21:33 PM: INFO: ******Customers exported successfully*******
09/10/2026 07:21:35 PM: INFO: Activity Log records found: 1
09/10/2026 07:21:36 PM: INFO: ******Activity Log delete clicked*******
09/10/2026 07:21:56 PM: INFO: ******* Exporting All Customers to Excel *******
09/10/2026 07:21:58 PM: INFO: ******* Download directory: C:\Users\hp\PycharmProjects\Python_Selenium_Hybrid\downloads *******
09/10/2026 07:22:00 PM: INFO: ******* Login Successful *****
09/10/2026 07:22:00 PM: INFO: ****** Starting Export All Customers *******
09/10/2026 07:22:01 PM: INFO: ****** Customers page opened ******
09/10/2026 07:22:10 PM: INFO: ******* Export All Customers Excel button clicked *******
09/10/2026 07:22:10 PM: INFO: ******* Excel Downloaded Successfully: customers.xlsx *******
09/10/2026 07:22:10 PM: INFO: ******* Excel File Verification Successful *******
09/10/2026 07:22:29 PM: INFO: ******* Exporting All Customers to XML *******
09/10/2026 07:22:33 PM: INFO: ******* Download directory: C:\Users\hp\PycharmProjects\Python_Selenium_Hybrid\downloads *******
09/10/2026 07:22:34 PM: INFO: ******* Login Successful *****
09/10/2026 07:22:34 PM: INFO: ****** Starting Export All Customers *******
09/10/2026 07:22:36 PM: INFO: ****** Customers page opened ******
09/10/2026 07:22:44 PM: INFO: ******* Export All Customers XML button clicked *******
09/10/2026 07:22:44 PM: INFO: ******* XML Downloaded Successfully: customers.xml *******
09/10/2026 07:22:44 PM: INFO: ******* XML File Verification Successful *******
09/10/2026 07:23:04 PM: INFO: ******* Exporting Selected Customers to Excel *******
09/10/2026 07:23:06 PM: INFO: ******* Download directory: C:\Users\hp\PycharmProjects\Python_Selenium_Hybrid\downloads *******
09/10/2026 07:23:08 PM: INFO: ******* Login Successful *****
09/10/2026 07:23:08 PM: INFO: ****** Navigating to Customers ******
09/10/2026 07:23:10 PM: INFO: ****** Customers page opened ******
09/10/2026 07:23:12 PM: INFO: ******* Customers Selected Successfully *******
09/10/2026 07:23:19 PM: INFO: ******* Export Selected Excel button clicked *******
09/10/2026 07:23:19 PM: INFO: ******* Excel Downloaded Successfully: customers.xlsx *******
09/10/2026 07:23:19 PM: INFO: ******* Excel File Verification Successful *******
09/10/2026 07:23:38 PM: INFO: ******* Exporting Selected Customers to XML *******
09/10/2026 07:23:40 PM: INFO: ******* Download directory: C:\Users\hp\PycharmProjects\Python_Selenium_Hybrid\downloads *******
09/10/2026 07:23:42 PM: INFO: ******* Login Successful *****
09/10/2026 07:23:42 PM: INFO: ****** Navigating to Customers ******
09/10/2026 07:23:45 PM: INFO: ****** Customers page opened ******
09/10/2026 07:23:48 PM: INFO: ******* Customers Selected Successfully *******
09/10/2026 07:23:54 PM: INFO: ******* Export Selected XML button clicked *******
09/10/2026 07:23:54 PM: INFO: ******* XML Downloaded Successfully: customers.xml *******
09/10/2026 07:23:54 PM: INFO: ******* XML File Verification Successful *******
09/10/2026 07:24:15 PM: INFO: ********Verify Login Test********
09/10/2026 07:24:19 PM: INFO: ********Login test Passed********
09/10/2026 07:24:35 PM: INFO: **********Test_002_DDT_Login********
09/10/2026 07:24:35 PM: INFO: ********Verify Login DDT Test********
09/10/2026 07:24:41 PM: INFO: Row 2: *****Test Passed*****
09/10/2026 07:24:44 PM: INFO: Row 3: *****Test Passed*****
09/10/2026 07:24:47 PM: INFO: Row 4: *****Test Passed*****
09/10/2026 07:24:50 PM: INFO: Row 5: *****Test Passed*****
09/10/2026 07:24:53 PM: INFO: Row 6: *****Test Passed*****
09/10/2026 07:24:53 PM: INFO: ****Login DDT Test Passed****
09/10/2026 07:24:54 PM: INFO: ****End of Login DDT Test****
09/10/2026 07:24:54 PM: INFO: *****Completed TC_LoginDDT_002******
09/10/2026 07:25:08 PM: INFO: ******* SearchCustomerByEmail_004 *********
09/10/2026 07:25:13 PM: INFO: *********** Login Successful **********
09/10/2026 07:25:13 PM: INFO: ********** Starting SearchCustomerByEmail_004 **********
09/10/2026 07:25:15 PM: INFO: ******** Searching customer by email ID ***********
09/10/2026 07:25:15 PM: INFO: ******** Customer found successfully ********
09/10/2026 07:25:15 PM: INFO: ******** TC_SearchCustomerByEmail_004 Finished **********
09/10/2026 07:25:23 PM: WARNING: Retrying (Retry(total=2, connect=None, read=None, redirect=None, status=None)) after connection broken by 'NewConnectionError("HTTPConnection(host='localhost', port=49431): Failed to establish a new connection: [WinError 10061] No connection could be made because the target machine actively refused it")': /session/14e2199d-231c-4da2-a734-cae88f269c59
09/10/2026 07:25:27 PM: WARNING: Retrying (Retry(total=1, connect=None, read=None, redirect=None, status=None)) after connection broken by 'NewConnectionError("HTTPConnection(host='localhost', port=49431): Failed to establish a new connection: [WinError 10061] No connection could be made because the target machine actively refused it")': /session/14e2199d-231c-4da2-a734-cae88f269c59
09/10/2026 07:25:31 PM: WARNING: Retrying (Retry(total=0, connect=None, read=None, redirect=None, status=None)) after connection broken by 'NewConnectionError("HTTPConnection(host='localhost', port=49431): Failed to establish a new connection: [WinError 10061] No connection could be made because the target machine actively refused it")': /session/14e2199d-231c-4da2-a734-cae88f269c59
09/10/2026 07:25:47 PM: INFO: ******* SearchCustomerByName_005 *********
09/10/2026 07:25:50 PM: INFO: *********** Login Successful **********
09/10/2026 07:25:50 PM: INFO: ********** Starting SearchCustomerByName_005 **********
09/10/2026 07:25:52 PM: INFO: ******** Customers page opened ********
09/10/2026 07:25:52 PM: INFO: ******** Searching customer by Name ***********
09/10/2026 07:25:52 PM: INFO: ******** TC_SearchCustomerByName_005 Finished **********
09/10/2026 07:26:08 PM: INFO: *****SearchVendorByName_013*****
09/10/2026 07:26:13 PM: INFO: ***********Login Successful**********
09/10/2026 07:26:13 PM: INFO: **********Starting SearchVendorByName_013**********
09/10/2026 07:26:14 PM: INFO: ******** searching vendor by Email***********
09/10/2026 07:26:17 PM: INFO: ********TC_SearchvendorrByEmail_014 Finished**********
09/10/2026 07:26:33 PM: INFO: *****SearchVendorByName_013*****
09/10/2026 07:26:37 PM: INFO: ***********Login Successful**********
09/10/2026 07:26:37 PM: INFO: **********Starting SearchVendorByName_013**********
09/10/2026 07:26:39 PM: INFO: ******** searching vendor by Name***********
09/10/2026 07:26:39 PM: INFO: Selected Vendor Name: Vendor1
09/10/2026 07:26:39 PM: INFO: *******Searching Vendor by Name: {vendor_name}********
09/10/2026 07:26:43 PM: INFO: ********TC_SearchvendorrByName_013 Finished**********
09/10/2026 07:26:58 PM: INFO: ***** SearchActivityDate_016 *****
09/10/2026 07:27:02 PM: INFO: *********** Login Successful **********
09/10/2026 07:27:02 PM: INFO: ********** Starting SearchActivityDate_016 **********
09/10/2026 07:27:05 PM: INFO: Activity log rows found: 6
09/10/2026 07:27:21 PM: INFO: *****SearchActivityIP_017*****
09/10/2026 07:27:24 PM: INFO: ***********Login Successful**********
09/10/2026 07:27:24 PM: INFO: **********Starting SearchActivityIP_017**********
09/10/2026 07:27:43 PM: INFO: *****SearchActivity_LogType_018*****
09/10/2026 07:27:48 PM: INFO: ***********Login Successful**********
09/10/2026 07:27:48 PM: INFO: **********Starting SearchActivity_LogType_018**********
09/10/2026 09:04:04 PM: WARNING: Problem reading geckodriver versions: error sending request for url (https://raw.githubusercontent.com/SeleniumHQ/selenium/trunk/common/geckodriver/geckodriver-support.json). Using latest geckodriver version
09/10/2026 09:04:04 PM: WARNING: Error sending stats to Plausible: error sending request for url (https://plausible.io/api/event)
09/10/2026 09:04:19 PM: INFO: *****SearchCustomer_RoleForumModerator_023*****
09/10/2026 09:05:06 PM: INFO: ***********Login Successful**********
09/10/2026 09:05:12 PM: INFO: Forum Moderator search result count: 1
09/10/2026 09:05:33 PM: INFO: *****SearchCustomer_Role_Guests_024*****
09/10/2026 09:05:37 PM: INFO: ***********Login Successful**********
09/10/2026 09:05:37 PM: INFO: ********Starting_SearchGuest_Role_024******
09/10/2026 09:05:41 PM: INFO: Normal table customer count: 3
09/10/2026 09:05:46 PM: INFO: Guests search result count: 2
09/10/2026 09:06:06 PM: INFO: *****Test_SearchProductByName_029*****
09/10/2026 09:06:13 PM: INFO: *****Login Successful******
09/10/2026 09:06:13 PM: INFO: *****Staring Search Product By Name test*****
09/10/2026 09:06:41 PM: INFO: *****Test_SearchProductBySKU_030*****
09/10/2026 09:06:49 PM: INFO: *****Login Successful******
09/10/2026 09:06:49 PM: INFO: *****Staring Search Product By SKU test*****
09/10/2026 09:07:33 PM: INFO: ********** Test_SearchProductByVendor_031 Started **********
09/10/2026 09:07:36 PM: INFO: Application URL opened: https://localhost:59579/admin
09/10/2026 09:07:38 PM: INFO: ********** Login Successful **********
09/10/2026 09:07:40 PM: INFO: ********** Products page opened successfully **********
09/10/2026 09:07:42 PM: INFO: ********** Product search performed for Vendor1 **********
09/10/2026 09:07:43 PM: INFO: ********** 'No data available in table' validated **********
09/10/2026 09:07:43 PM: INFO: ********** 'No records' validated **********
09/10/2026 09:07:43 PM: INFO: ********** Test_SearchProductByVendor_031 Passed **********
09/10/2026 09:08:00 PM: INFO: *****SearchCustomer_RoleRegistered_022*****
09/10/2026 09:08:04 PM: INFO: ***********Login Successful**********
09/10/2026 09:08:07 PM: INFO: Normal table customer count: 7
09/10/2026 09:08:08 PM: INFO: Registered search result count: 1
09/10/2026 09:08:29 PM: INFO: *****SearchCustomer_Role_Vendors_025*****
09/10/2026 09:08:37 PM: INFO: ***********Login Successful**********
09/10/2026 09:08:37 PM: INFO: ********Starting_SearchVendor_Role_025******
09/10/2026 09:08:42 PM: INFO: Normal table customer count: 8
09/10/2026 09:08:43 PM: INFO: Vendor search result count: 0
09/10/2026 09:13:10 PM: INFO: *****SearchCustomer_RoleAdministrator_021*****
09/10/2026 09:13:17 PM: INFO: ***********Login Successful**********
09/10/2026 09:13:20 PM: INFO: Administrator search result count: 1
09/10/2026 09:14:28 PM: INFO: ******* Deleting Customer *******
09/10/2026 09:14:36 PM: INFO: ******* Login Successful *****
09/10/2026 09:14:38 PM: INFO: ******* Customers page opened *******
09/10/2026 09:14:41 PM: INFO: ******* Edit Customer button clicked *******
09/10/2026 09:14:43 PM: INFO: ******* Edit Customer page opened successfully *******
09/10/2026 09:14:43 PM: INFO: ******* Delete Customer button clicked *******
09/10/2026 09:14:55 PM: INFO: ******* Delete confirmation accepted *******
09/10/2026 09:14:58 PM: INFO: ********* Delete Customer test passed **********
09/10/2026 09:14:59 PM: INFO: ****** Ending Delete Customer Test *******
09/10/2026 09:15:14 PM: INFO: *****Test_DeleteProduct_Select_033*****
09/10/2026 09:15:19 PM: INFO: *****Login Successful******
09/10/2026 09:15:19 PM: INFO: *****Starting Delete Selected Product test*****
09/10/2026 09:15:21 PM: INFO: ***** Product 'Test Product 4920' was deleted successfully *****
09/10/2026 09:15:39 PM: INFO: *****Test_DeleteProduct_032*****
09/10/2026 09:15:45 PM: INFO: *****Login Successful******
09/10/2026 09:15:45 PM: INFO: *****Staring Delete Product test*****
09/10/2026 09:15:53 PM: INFO: ***** Product deleted successfully *****
09/10/2026 09:16:38 PM: INFO: ******* Editing Customer *******
09/10/2026 09:16:44 PM: INFO: ******* Login Successful *****
09/10/2026 09:16:44 PM: INFO: ******* Customers page opened *******
09/10/2026 09:16:47 PM: INFO: ******* Edit Customer button clicked *******
09/10/2026 09:16:47 PM: INFO: ******* Edit Customer page opened successfully *******
09/10/2026 09:16:50 PM: INFO: ********* Edit Customer test passed **********
09/10/2026 09:16:52 PM: INFO: ****** Ending Edit Customer Test *******
09/10/2026 09:17:09 PM: INFO: *****Test_EditProduct_031*****
09/10/2026 09:17:14 PM: INFO: *****Login Successful******
09/10/2026 09:17:14 PM: INFO: *****Staring Edit Product test*****
09/10/2026 09:17:16 PM: INFO: *****Edit page opened successfully****
09/10/2026 09:17:18 PM: INFO: *****Product details updated*****
09/10/2026 09:17:19 PM: INFO: *****Save button clicked*****
09/10/2026 09:17:36 PM: INFO: ******* Test_EditVendor_015 *******
09/10/2026 09:17:40 PM: INFO: *********** Login Successful **********
09/10/2026 09:17:42 PM: INFO: ******** Starting Edit Vendor Test ********
09/10/2026 09:17:45 PM: INFO: Vendor selected for editing: Vendor1
09/10/2026 09:17:45 PM: INFO: Vendor 'Vendor1' found successfully
09/10/2026 09:18:05 PM: INFO: ******VerifyActivityTypeDisplayed******
09/10/2026 09:18:11 PM: INFO: ***********Login Successful**********
09/10/2026 09:18:11 PM: INFO: ********Starting Verify Activity Type**********
09/10/2026 09:18:13 PM: INFO: fActivity Type '{activity_name}' Status: {result}
09/10/2026 09:18:13 PM: INFO: fActivity Type '{activity_name}' Status: {result}
09/10/2026 09:18:44 PM: INFO: ********** Test_003_AddCustomer **********
09/10/2026 09:18:47 PM: INFO: ********* Login Successful **********
09/10/2026 09:18:47 PM: INFO: ********* Starting Add Customer Test *********
09/10/2026 09:18:51 PM: INFO: ******** Providing customer information ********
09/10/2026 09:18:53 PM: INFO: ******** Customer information provided ********
09/10/2026 09:18:54 PM: INFO: ******** Saving customer information ********
09/10/2026 09:18:54 PM: INFO: Success message: ×
The new customer has been added successfully.
09/10/2026 09:18:54 PM: INFO: ******** Customer added successfully ********
09/10/2026 09:18:54 PM: INFO: ******** Verifying customer in Customers grid ********
09/10/2026 09:19:10 PM: INFO: ******** Customers page opened ********
09/10/2026 09:19:13 PM: INFO: ******** Searching for h6zj2xte@gmail.com ********
09/10/2026 09:19:13 PM: INFO: ******** Customer found in Customers grid ********
09/10/2026 09:19:13 PM: INFO: ******** Add customer test passed ********
09/10/2026 09:19:36 PM: INFO: *****Test_AddProduct_028*****
09/10/2026 09:19:40 PM: INFO: *****Login Successful******
09/10/2026 09:19:40 PM: INFO: *****Staring Add Product test*****
09/10/2026 09:19:43 PM: INFO: *****Providing product details*******
09/10/2026 09:20:06 PM: INFO: ******* Test_012_AddVendor *******
09/10/2026 09:20:10 PM: INFO: ***** Login Successfully *****
09/10/2026 09:20:10 PM: INFO: ****** Starting Add Vendor Test ******
09/10/2026 09:20:13 PM: INFO: ****** Providing Vendor Info ******
09/10/2026 09:20:15 PM: INFO: After Save URL: https://localhost:59579/Admin/Vendor/List
09/10/2026 09:20:15 PM: INFO: ******Vendor added successfully******
09/10/2026 09:20:30 PM: INFO: *** Test_BulkEditProductSaveAll_035 ***
09/10/2026 09:20:33 PM: INFO: ***** Login Successful *****
09/10/2026 09:20:33 PM: INFO: ***** Starting Bulk Edit Product Save All Test *****
09/10/2026 09:20:37 PM: INFO: Product Name: Test Product 8648
09/10/2026 09:20:37 PM: INFO: SKU: SKU 22144
09/10/2026 09:20:37 PM: INFO: New Price: 2000
09/10/2026 09:20:37 PM: INFO: Old Price: 1000
09/10/2026 09:20:37 PM: INFO: Stock Quantity: 1000
09/10/2026 09:20:38 PM: INFO: Bulk Edit Save All completed
09/10/2026 09:21:19 PM: INFO: *** Test_BulkEditProductSaveSelected_035 ***
09/10/2026 09:21:25 PM: INFO: ***** Login Successful *****
09/10/2026 09:21:25 PM: INFO: ***** Starting Bulk Edit Product Save Selected Test *****
09/10/2026 09:21:39 PM: INFO: Product Name: Test Product 5118
09/10/2026 09:21:39 PM: INFO: SKU: SKU 53880
09/10/2026 09:21:39 PM: INFO: New Price: 2000
09/10/2026 09:21:39 PM: INFO: Old Price: 1000
09/10/2026 09:21:39 PM: INFO: Stock Quantity: 1000
09/10/2026 09:21:39 PM: INFO: Product 'Test Product 5118' selected for Save Selected
09/10/2026 09:21:40 PM: INFO: Bulk Edit Save Selected completed
09/10/2026 09:21:43 PM: INFO: Product 'Test Product 5118' successfully found in Products table
09/10/2026 09:22:11 PM: INFO: ***** Test_BulkEditProductSearchProductName_036*****
09/10/2026 09:22:21 PM: INFO: ***** Login Successful *****
09/10/2026 09:22:21 PM: INFO: ***** Starting Bulk Edit Product Search Product Name Test *****
09/10/2026 09:22:56 PM: INFO: ***** Test_BulkEditProductSearchProductType_038*****
09/10/2026 09:23:06 PM: INFO: ***** Login Successful *****
09/10/2026 09:23:06 PM: INFO: ***** Starting Bulk Edit Product Search Product Type Test *****
09/10/2026 09:23:57 PM: INFO: ***** Test_BulkEditProductSearchPublishType_039*****
09/10/2026 09:24:12 PM: INFO: ***** Login Successful *****
09/10/2026 09:24:12 PM: INFO: ***** Starting Bulk Edit Product Search Publish Type Test *****
09/10/2026 09:25:03 PM: INFO: ***** Test_BulkEditProductSearchVendor_037*****
09/10/2026 09:25:13 PM: INFO: ***** Login Successful *****
09/10/2026 09:25:13 PM: INFO: ***** Starting Bulk Edit Product Search Vendor Test *****
09/10/2026 09:25:45 PM: INFO: *****Clear_ActivityLogs_020*****
09/10/2026 09:25:56 PM: INFO: ***********Login Successful**********
09/10/2026 09:25:56 PM: INFO: **********Starting Clear_ActivityLogs_020**********
09/10/2026 09:26:00 PM: INFO: **********Clear_ActivityLogs_020 completed**********
09/10/2026 09:26:42 PM: INFO: *****Delete_SingleActivity_019*****
09/10/2026 09:26:59 PM: INFO: ***********Login Successful**********
09/10/2026 09:26:59 PM: INFO: **********Starting Delete_SingleActivity_019**********
09/10/2026 09:27:03 PM: INFO: Customers available for export: 15
09/10/2026 09:27:09 PM: INFO: ******Customers exported successfully*******
09/10/2026 09:27:13 PM: INFO: Activity Log records found: 1
09/10/2026 09:27:14 PM: INFO: ******Activity Log delete clicked*******
09/10/2026 09:28:07 PM: INFO: ******* Exporting All Customers to Excel *******
09/10/2026 09:28:08 PM: INFO: ******* Download directory: C:\Users\hp\PycharmProjects\Python_Selenium_Hybrid\downloads *******
09/10/2026 09:28:12 PM: INFO: ******* Login Successful *****
09/10/2026 09:28:12 PM: INFO: ****** Starting Export All Customers *******
09/10/2026 09:28:14 PM: INFO: ****** Customers page opened ******
09/10/2026 09:28:22 PM: INFO: ******* Export All Customers Excel button clicked *******
09/10/2026 09:28:22 PM: INFO: ******* Excel Downloaded Successfully: customers.xlsx *******
09/10/2026 09:28:22 PM: INFO: ******* Excel File Verification Successful *******
09/10/2026 09:28:53 PM: INFO: ******* Exporting All Customers to XML *******
09/10/2026 09:28:57 PM: INFO: ******* Download directory: C:\Users\hp\PycharmProjects\Python_Selenium_Hybrid\downloads *******
09/10/2026 09:29:01 PM: INFO: ******* Login Successful *****
09/10/2026 09:29:01 PM: INFO: ****** Starting Export All Customers *******
09/10/2026 09:29:14 PM: INFO: ****** Customers page opened ******
09/10/2026 09:29:23 PM: INFO: ******* Export All Customers XML button clicked *******
09/10/2026 09:29:23 PM: INFO: ******* XML Downloaded Successfully: customers.xml *******
09/10/2026 09:29:23 PM: INFO: ******* XML File Verification Successful *******
09/10/2026 09:29:51 PM: INFO: ******* Exporting Selected Customers to Excel *******
09/10/2026 09:29:53 PM: INFO: ******* Download directory: C:\Users\hp\PycharmProjects\Python_Selenium_Hybrid\downloads *******
09/10/2026 09:29:55 PM: INFO: ******* Login Successful *****
09/10/2026 09:29:55 PM: INFO: ****** Navigating to Customers ******
09/10/2026 09:30:00 PM: INFO: ****** Customers page opened ******
09/10/2026 09:30:03 PM: INFO: ******* Customers Selected Successfully *******
09/10/2026 09:30:09 PM: INFO: ******* Export Selected Excel button clicked *******
09/10/2026 09:30:09 PM: INFO: ******* Excel Downloaded Successfully: customers.xlsx *******
09/10/2026 09:30:09 PM: INFO: ******* Excel File Verification Successful *******
09/10/2026 09:30:30 PM: INFO: ******* Exporting Selected Customers to XML *******
09/10/2026 09:30:32 PM: INFO: ******* Download directory: C:\Users\hp\PycharmProjects\Python_Selenium_Hybrid\downloads *******
09/10/2026 09:30:35 PM: INFO: ******* Login Successful *****
09/10/2026 09:30:35 PM: INFO: ****** Navigating to Customers ******
09/10/2026 09:30:37 PM: INFO: ****** Customers page opened ******
09/10/2026 09:30:39 PM: INFO: ******* Customers Selected Successfully *******
09/10/2026 09:30:45 PM: INFO: ******* Export Selected XML button clicked *******
09/10/2026 09:30:45 PM: INFO: ******* XML Downloaded Successfully: customers.xml *******
09/10/2026 09:30:45 PM: INFO: ******* XML File Verification Successful *******
09/10/2026 09:31:13 PM: INFO: ********Verify Login Test********
09/10/2026 09:31:21 PM: INFO: ********Login test Passed********
09/10/2026 09:31:42 PM: INFO: **********Test_002_DDT_Login********
09/10/2026 09:31:42 PM: INFO: ********Verify Login DDT Test********
09/10/2026 09:31:50 PM: INFO: Row 2: *****Test Passed*****
09/10/2026 09:31:54 PM: INFO: Row 3: *****Test Passed*****
09/10/2026 09:31:57 PM: INFO: Row 4: *****Test Passed*****
09/10/2026 09:32:00 PM: INFO: Row 5: *****Test Passed*****
09/10/2026 09:32:04 PM: INFO: Row 6: *****Test Passed*****
09/10/2026 09:32:04 PM: INFO: ****Login DDT Test Passed****
09/10/2026 09:32:05 PM: INFO: ****End of Login DDT Test****
09/10/2026 09:32:05 PM: INFO: *****Completed TC_LoginDDT_002******
09/10/2026 09:32:19 PM: INFO: ******* SearchCustomerByEmail_004 *********
09/10/2026 09:32:23 PM: INFO: *********** Login Successful **********
09/10/2026 09:32:23 PM: INFO: ********** Starting SearchCustomerByEmail_004 **********
09/10/2026 09:32:25 PM: INFO: ******** Searching customer by email ID ***********
09/10/2026 09:32:26 PM: INFO: ******** Customer found successfully ********
09/10/2026 09:32:26 PM: INFO: ******** TC_SearchCustomerByEmail_004 Finished **********
09/10/2026 09:32:34 PM: WARNING: Retrying (Retry(total=2, connect=None, read=None, redirect=None, status=None)) after connection broken by 'NewConnectionError("HTTPConnection(host='localhost', port=53469): Failed to establish a new connection: [WinError 10061] No connection could be made because the target machine actively refused it")': /session/85a5c530-81cc-488d-8b50-bbbe6b08b1d6
09/10/2026 09:32:38 PM: WARNING: Retrying (Retry(total=1, connect=None, read=None, redirect=None, status=None)) after connection broken by 'NewConnectionError("HTTPConnection(host='localhost', port=53469): Failed to establish a new connection: [WinError 10061] No connection could be made because the target machine actively refused it")': /session/85a5c530-81cc-488d-8b50-bbbe6b08b1d6
09/10/2026 09:32:42 PM: WARNING: Retrying (Retry(total=0, connect=None, read=None, redirect=None, status=None)) after connection broken by 'NewConnectionError("HTTPConnection(host='localhost', port=53469): Failed to establish a new connection: [WinError 10061] No connection could be made because the target machine actively refused it")': /session/85a5c530-81cc-488d-8b50-bbbe6b08b1d6
09/10/2026 09:32:58 PM: INFO: ******* SearchCustomerByName_005 *********
09/10/2026 09:33:03 PM: INFO: *********** Login Successful **********
09/10/2026 09:33:03 PM: INFO: ********** Starting SearchCustomerByName_005 **********
09/10/2026 09:33:05 PM: INFO: ******** Customers page opened ********
09/10/2026 09:33:05 PM: INFO: ******** Searching customer by Name ***********
09/10/2026 09:33:05 PM: INFO: ******** TC_SearchCustomerByName_005 Finished **********
09/10/2026 09:33:21 PM: INFO: *****SearchVendorByName_013*****
09/10/2026 09:33:25 PM: INFO: ***********Login Successful**********
09/10/2026 09:33:25 PM: INFO: **********Starting SearchVendorByName_013**********
09/10/2026 09:33:27 PM: INFO: ******** searching vendor by Email***********
09/10/2026 09:33:31 PM: INFO: ********TC_SearchvendorrByEmail_014 Finished**********
09/10/2026 09:33:50 PM: INFO: *****SearchVendorByName_013*****
09/10/2026 09:33:55 PM: INFO: ***********Login Successful**********
09/10/2026 09:33:55 PM: INFO: **********Starting SearchVendorByName_013**********
09/10/2026 09:33:58 PM: INFO: ******** searching vendor by Name***********
09/10/2026 09:33:59 PM: INFO: Selected Vendor Name: Vendor1
09/10/2026 09:33:59 PM: INFO: *******Searching Vendor by Name: {vendor_name}********
09/10/2026 09:34:02 PM: INFO: ********TC_SearchvendorrByName_013 Finished**********
09/10/2026 09:34:18 PM: INFO: ***** SearchActivityDate_016 *****
09/10/2026 09:34:21 PM: INFO: *********** Login Successful **********
09/10/2026 09:34:21 PM: INFO: ********** Starting SearchActivityDate_016 **********
09/10/2026 09:34:25 PM: INFO: Activity log rows found: 6
09/10/2026 09:34:42 PM: INFO: *****SearchActivityIP_017*****
09/10/2026 09:34:45 PM: INFO: ***********Login Successful**********
09/10/2026 09:34:45 PM: INFO: **********Starting SearchActivityIP_017**********
09/10/2026 09:35:12 PM: INFO: *****SearchActivity_LogType_018*****
09/10/2026 09:35:15 PM: INFO: ***********Login Successful**********
09/10/2026 09:35:15 PM: INFO: **********Starting SearchActivity_LogType_018**********
09/10/2026 09:35:33 PM: INFO: *****SearchCustomer_RoleAdministrator_021*****
09/10/2026 09:35:36 PM: INFO: ***********Login Successful**********
09/10/2026 09:35:40 PM: INFO: Administrator search result count: 1
09/10/2026 09:35:55 PM: INFO: *****SearchCustomer_RoleForumModerator_023*****
09/10/2026 09:35:59 PM: INFO: ***********Login Successful**********
09/10/2026 09:36:02 PM: INFO: Forum Moderator search result count: 1
09/10/2026 09:36:19 PM: INFO: *****SearchCustomer_Role_Guests_024*****
09/10/2026 09:36:23 PM: INFO: ***********Login Successful**********
09/10/2026 09:36:23 PM: INFO: ********Starting_SearchGuest_Role_024******
09/10/2026 09:36:26 PM: INFO: Normal table customer count: 15
09/10/2026 09:36:28 PM: INFO: Guests search result count: 15
09/10/2026 09:36:43 PM: INFO: *****Test_SearchProductByName_029*****
09/10/2026 09:36:47 PM: INFO: *****Login Successful******
09/10/2026 09:36:47 PM: INFO: *****Staring Search Product By Name test*****
09/10/2026 09:37:04 PM: INFO: *****Test_SearchProductBySKU_030*****
09/10/2026 09:37:08 PM: INFO: *****Login Successful******
09/10/2026 09:37:08 PM: INFO: *****Staring Search Product By SKU test*****
09/10/2026 09:37:48 PM: INFO: ********** Test_SearchProductByVendor_031 Started **********
09/10/2026 09:37:49 PM: INFO: Application URL opened: https://localhost:59579/admin
09/10/2026 09:37:51 PM: INFO: ********** Login Successful **********
09/10/2026 09:37:53 PM: INFO: ********** Products page opened successfully **********
09/10/2026 09:37:56 PM: INFO: ********** Product search performed for Vendor1 **********
09/10/2026 09:37:56 PM: INFO: ********** 'No data available in table' validated **********
09/10/2026 09:37:56 PM: INFO: ********** 'No records' validated **********
09/10/2026 09:37:56 PM: INFO: ********** Test_SearchProductByVendor_031 Passed **********
09/10/2026 09:38:12 PM: INFO: *****SearchCustomer_RoleRegistered_022*****
09/10/2026 09:38:17 PM: INFO: ***********Login Successful**********
09/10/2026 09:38:20 PM: INFO: Normal table customer count: 15
09/10/2026 09:38:21 PM: INFO: Registered search result count: 2
09/10/2026 09:38:36 PM: INFO: *****SearchCustomer_Role_Vendors_025*****
09/10/2026 09:38:39 PM: INFO: ***********Login Successful**********
09/10/2026 09:38:39 PM: INFO: ********Starting_SearchVendor_Role_025******
09/10/2026 09:38:43 PM: INFO: Normal table customer count: 15
09/10/2026 09:38:44 PM: INFO: Vendor search result count: 0
09/10/2026 09:42:21 PM: INFO: ***** Test_BulkEditProductSearchProductType_038*****
09/10/2026 09:42:27 PM: INFO: ***** Login Successful *****
09/10/2026 09:42:27 PM: INFO: ***** Starting Bulk Edit Product Search Product Type Test *****
09/11/2026 09:19:20 AM: INFO: ***** Test_BulkEditProductSearchPublishType_039*****
09/11/2026 09:19:27 AM: INFO: ***** Login Successful *****
09/11/2026 09:19:27 AM: INFO: ***** Starting Bulk Edit Product Search Publish Type Test *****
09/11/2026 09:52:03 AM: INFO: ******* Deleting Customer *******
09/11/2026 09:52:08 AM: INFO: ******* Login Successful *****
09/11/2026 09:52:13 AM: INFO: ******* Customers page opened *******
09/11/2026 09:52:16 AM: INFO: ******* Edit Customer button clicked *******
09/11/2026 09:52:18 AM: INFO: ******* Edit Customer page opened successfully *******
09/11/2026 09:52:18 AM: INFO: ******* Delete Customer button clicked *******
09/11/2026 09:52:29 AM: INFO: ******* Delete confirmation accepted *******
09/11/2026 09:52:31 AM: INFO: ********* Delete Customer test passed **********
09/11/2026 09:52:32 AM: INFO: ****** Ending Delete Customer Test *******
09/11/2026 09:52:52 AM: INFO: *****Test_DeleteProduct_Select_033*****
09/11/2026 09:52:57 AM: INFO: *****Login Successful******
09/11/2026 09:52:57 AM: INFO: *****Starting Delete Selected Product test*****
09/11/2026 09:53:01 AM: INFO: ***** Product 'Test Product 3189' was deleted successfully *****
09/11/2026 09:53:16 AM: INFO: *****Test_DeleteProduct_032*****
09/11/2026 09:53:21 AM: INFO: *****Login Successful******
09/11/2026 09:53:21 AM: INFO: *****Staring Delete Product test*****
09/11/2026 09:54:29 AM: INFO: ******* Editing Customer *******
09/11/2026 09:54:33 AM: INFO: ******* Login Successful *****
09/11/2026 09:54:36 AM: INFO: ******* Customers page opened *******
09/11/2026 09:54:37 AM: INFO: ******* Edit Customer button clicked *******
09/11/2026 09:54:37 AM: INFO: ******* Edit Customer page opened successfully *******
09/11/2026 09:54:39 AM: INFO: ********* Edit Customer test passed **********
09/11/2026 09:54:42 AM: INFO: ****** Ending Edit Customer Test *******
09/11/2026 09:55:00 AM: INFO: *****Test_EditProduct_031*****
09/11/2026 09:55:04 AM: INFO: *****Login Successful******
09/11/2026 09:55:04 AM: INFO: *****Staring Edit Product test*****
09/11/2026 09:55:08 AM: INFO: *****Edit page opened successfully****
09/11/2026 09:55:10 AM: INFO: *****Product details updated*****
09/11/2026 09:55:10 AM: INFO: *****Save button clicked*****
09/11/2026 09:55:30 AM: INFO: ******* Test_EditVendor_015 *******
09/11/2026 09:55:36 AM: INFO: *********** Login Successful **********
09/11/2026 09:55:37 AM: INFO: ******** Starting Edit Vendor Test ********
09/11/2026 09:55:40 AM: INFO: Vendor selected for editing: Vendor1
09/11/2026 09:55:40 AM: INFO: Vendor 'Vendor1' found successfully
09/11/2026 09:55:56 AM: INFO: ******VerifyActivityTypeDisplayed******
09/11/2026 09:56:01 AM: INFO: ***********Login Successful**********
09/11/2026 09:56:01 AM: INFO: ********Starting Verify Activity Type**********
09/11/2026 09:56:02 AM: INFO: fActivity Type '{activity_name}' Status: {result}
09/11/2026 09:56:02 AM: INFO: fActivity Type '{activity_name}' Status: {result}
09/11/2026 09:56:18 AM: INFO: ********** Test_003_AddCustomer **********
09/11/2026 09:56:23 AM: INFO: ********* Login Successful **********
09/11/2026 09:56:23 AM: INFO: ********* Starting Add Customer Test *********
09/11/2026 09:56:25 AM: INFO: ******** Providing customer information ********
09/11/2026 09:56:27 AM: INFO: ******** Customer information provided ********
09/11/2026 09:56:27 AM: INFO: ******** Saving customer information ********
09/11/2026 09:56:28 AM: INFO: Success message: ×
The new customer has been added successfully.
09/11/2026 09:56:28 AM: INFO: ******** Customer added successfully ********
09/11/2026 09:56:28 AM: INFO: ******** Verifying customer in Customers grid ********
09/11/2026 09:56:43 AM: INFO: ******** Customers page opened ********
09/11/2026 09:56:46 AM: INFO: ******** Searching for fzge3vf7@gmail.com ********
09/11/2026 09:56:46 AM: INFO: ******** Customer found in Customers grid ********
09/11/2026 09:56:46 AM: INFO: ******** Add customer test passed ********
09/11/2026 09:57:01 AM: INFO: *****Test_AddProduct_028*****
09/11/2026 09:57:07 AM: INFO: *****Login Successful******
09/11/2026 09:57:07 AM: INFO: *****Staring Add Product test*****
09/11/2026 09:57:09 AM: INFO: *****Providing product details*******
09/11/2026 09:57:28 AM: INFO: ******* Test_012_AddVendor *******
09/11/2026 09:57:32 AM: INFO: ***** Login Successfully *****
09/11/2026 09:57:32 AM: INFO: ****** Starting Add Vendor Test ******
09/11/2026 09:57:35 AM: INFO: ****** Providing Vendor Info ******
09/11/2026 09:57:37 AM: INFO: After Save URL: https://localhost:59579/Admin/Vendor/List
09/11/2026 09:57:37 AM: INFO: ******Vendor added successfully******
09/11/2026 09:57:52 AM: INFO: *** Test_BulkEditProductSaveAll_035 ***
09/11/2026 09:57:57 AM: INFO: ***** Login Successful *****
09/11/2026 09:57:57 AM: INFO: ***** Starting Bulk Edit Product Save All Test *****
09/11/2026 09:58:00 AM: INFO: Product Name: Test Product 4385
09/11/2026 09:58:00 AM: INFO: SKU: SKU 18312
09/11/2026 09:58:00 AM: INFO: New Price: 2000
09/11/2026 09:58:00 AM: INFO: Old Price: 1000
09/11/2026 09:58:00 AM: INFO: Stock Quantity: 1000
09/11/2026 09:58:01 AM: INFO: Bulk Edit Save All completed
09/11/2026 09:58:03 AM: INFO: Product 'Test Product 4385' successfully found in Products table
09/11/2026 09:58:24 AM: INFO: *** Test_BulkEditProductSaveSelected_035 ***
09/11/2026 09:58:30 AM: INFO: ***** Login Successful *****
09/11/2026 09:58:30 AM: INFO: ***** Starting Bulk Edit Product Save Selected Test *****
09/11/2026 09:58:34 AM: INFO: Product Name: Test Product 9832
09/11/2026 09:58:34 AM: INFO: SKU: SKU 74964
09/11/2026 09:58:34 AM: INFO: New Price: 2000
09/11/2026 09:58:34 AM: INFO: Old Price: 1000
09/11/2026 09:58:34 AM: INFO: Stock Quantity: 1000
09/11/2026 09:58:34 AM: INFO: Product 'Test Product 9832' selected for Save Selected
09/11/2026 09:58:36 AM: INFO: Bulk Edit Save Selected completed
09/11/2026 09:59:07 AM: INFO: ***** Test_BulkEditProductSearchProductName_036*****
09/11/2026 09:59:12 AM: INFO: ***** Login Successful *****
09/11/2026 09:59:12 AM: INFO: ***** Starting Bulk Edit Product Search Product Name Test *****
09/11/2026 09:59:30 AM: INFO: ***** Test_BulkEditProductSearchProductType_038*****
09/11/2026 09:59:38 AM: INFO: ***** Login Successful *****
09/11/2026 09:59:38 AM: INFO: ***** Starting Bulk Edit Product Search Product Type Test *****
09/11/2026 10:00:02 AM: INFO: ***** Test_BulkEditProductSearchPublishType_039*****
09/11/2026 10:00:09 AM: INFO: ***** Login Successful *****
09/11/2026 10:00:10 AM: INFO: ***** Starting Bulk Edit Product Search Publish Type Test *****
09/11/2026 10:00:31 AM: INFO: ***** Test_BulkEditProductSearchVendor_037*****
09/11/2026 10:00:36 AM: INFO: ***** Login Successful *****
09/11/2026 10:00:36 AM: INFO: ***** Starting Bulk Edit Product Search Vendor Test *****
09/11/2026 10:01:00 AM: INFO: *****Clear_ActivityLogs_020*****
09/11/2026 10:01:07 AM: INFO: ***********Login Successful**********
09/11/2026 10:01:07 AM: INFO: **********Starting Clear_ActivityLogs_020**********
09/11/2026 10:01:10 AM: INFO: **********Clear_ActivityLogs_020 completed**********
09/11/2026 10:01:27 AM: INFO: *****Delete_SingleActivity_019*****
09/11/2026 10:01:31 AM: INFO: ***********Login Successful**********
09/11/2026 10:01:31 AM: INFO: **********Starting Delete_SingleActivity_019**********
09/11/2026 10:01:34 AM: INFO: Customers available for export: 15
09/11/2026 10:01:40 AM: INFO: ******Customers exported successfully*******
09/11/2026 10:01:41 AM: INFO: Activity Log records found: 1
09/11/2026 10:01:41 AM: INFO: ******Activity Log delete clicked*******
09/11/2026 10:02:05 AM: INFO: ******* Exporting All Customers to Excel *******
09/11/2026 10:02:08 AM: INFO: ******* Download directory: C:\Users\hp\PycharmProjects\Python_Selenium_Hybrid\downloads *******
09/11/2026 10:02:11 AM: INFO: ******* Login Successful *****
09/11/2026 10:02:11 AM: INFO: ****** Starting Export All Customers *******
09/11/2026 10:02:13 AM: INFO: ****** Customers page opened ******
09/11/2026 10:02:22 AM: INFO: ******* Export All Customers Excel button clicked *******
09/11/2026 10:02:22 AM: INFO: ******* Excel Downloaded Successfully: customers.xlsx *******
09/11/2026 10:02:22 AM: INFO: ******* Excel File Verification Successful *******
09/11/2026 10:02:49 AM: INFO: ******* Exporting All Customers to XML *******
09/11/2026 10:02:52 AM: INFO: ******* Download directory: C:\Users\hp\PycharmProjects\Python_Selenium_Hybrid\downloads *******
09/11/2026 10:02:56 AM: INFO: ******* Login Successful *****
09/11/2026 10:02:56 AM: INFO: ****** Starting Export All Customers *******
09/11/2026 10:03:00 AM: INFO: ****** Customers page opened ******
09/11/2026 10:03:10 AM: INFO: ******* Export All Customers XML button clicked *******
09/11/2026 10:03:10 AM: INFO: ******* XML Downloaded Successfully: customers.xml *******
09/11/2026 10:03:10 AM: INFO: ******* XML File Verification Successful *******
09/11/2026 10:03:34 AM: INFO: ******* Exporting Selected Customers to Excel *******
09/11/2026 10:03:37 AM: INFO: ******* Download directory: C:\Users\hp\PycharmProjects\Python_Selenium_Hybrid\downloads *******
09/11/2026 10:03:40 AM: INFO: ******* Login Successful *****
09/11/2026 10:03:40 AM: INFO: ****** Navigating to Customers ******
09/11/2026 10:03:41 AM: INFO: ****** Customers page opened ******
09/11/2026 10:03:43 AM: INFO: ******* Customers Selected Successfully *******
09/11/2026 10:03:50 AM: INFO: ******* Export Selected Excel button clicked *******
09/11/2026 10:03:50 AM: INFO: ******* Excel Downloaded Successfully: customers.xlsx *******
09/11/2026 10:03:50 AM: INFO: ******* Excel File Verification Successful *******
09/11/2026 10:04:11 AM: INFO: ******* Exporting Selected Customers to XML *******
09/11/2026 10:04:13 AM: INFO: ******* Download directory: C:\Users\hp\PycharmProjects\Python_Selenium_Hybrid\downloads *******
09/11/2026 10:04:15 AM: INFO: ******* Login Successful *****
09/11/2026 10:04:15 AM: INFO: ****** Navigating to Customers ******
09/11/2026 10:04:17 AM: INFO: ****** Customers page opened ******
09/11/2026 10:04:19 AM: INFO: ******* Customers Selected Successfully *******
09/11/2026 10:04:26 AM: INFO: ******* Export Selected XML button clicked *******
09/11/2026 10:04:26 AM: INFO: ******* XML Downloaded Successfully: customers.xml *******
09/11/2026 10:04:26 AM: INFO: ******* XML File Verification Successful *******
09/11/2026 10:04:44 AM: INFO: ********Verify Login Test********
09/11/2026 10:04:49 AM: INFO: ********Login test Passed********
09/11/2026 10:05:06 AM: INFO: **********Test_002_DDT_Login********
09/11/2026 10:05:06 AM: INFO: ********Verify Login DDT Test********
09/11/2026 10:05:16 AM: INFO: Row 2: *****Test Passed*****
09/11/2026 10:05:19 AM: INFO: Row 3: *****Test Passed*****
09/11/2026 10:05:23 AM: INFO: Row 4: *****Test Passed*****
09/11/2026 10:05:26 AM: INFO: Row 5: *****Test Passed*****
09/11/2026 10:05:28 AM: INFO: Row 6: *****Test Passed*****
09/11/2026 10:05:28 AM: INFO: ****Login DDT Test Passed****
09/11/2026 10:05:30 AM: INFO: ****End of Login DDT Test****
09/11/2026 10:05:30 AM: INFO: *****Completed TC_LoginDDT_002******
09/11/2026 10:05:47 AM: INFO: ******* SearchCustomerByEmail_004 *********
09/11/2026 10:05:53 AM: INFO: *********** Login Successful **********
09/11/2026 10:05:53 AM: INFO: ********** Starting SearchCustomerByEmail_004 **********
09/11/2026 10:05:54 AM: INFO: ******** Searching customer by email ID ***********
09/11/2026 10:05:55 AM: INFO: ******** Customer found successfully ********
09/11/2026 10:05:55 AM: INFO: ******** TC_SearchCustomerByEmail_004 Finished **********
09/11/2026 10:06:03 AM: WARNING: Retrying (Retry(total=2, connect=None, read=None, redirect=None, status=None)) after connection broken by 'NewConnectionError("HTTPConnection(host='localhost', port=60846): Failed to establish a new connection: [WinError 10061] No connection could be made because the target machine actively refused it")': /session/6e233622-dcff-41c7-ab28-ecfd9f2ad840
09/11/2026 10:06:07 AM: WARNING: Retrying (Retry(total=1, connect=None, read=None, redirect=None, status=None)) after connection broken by 'NewConnectionError("HTTPConnection(host='localhost', port=60846): Failed to establish a new connection: [WinError 10061] No connection could be made because the target machine actively refused it")': /session/6e233622-dcff-41c7-ab28-ecfd9f2ad840
09/11/2026 10:06:11 AM: WARNING: Retrying (Retry(total=0, connect=None, read=None, redirect=None, status=None)) after connection broken by 'NewConnectionError("HTTPConnection(host='localhost', port=60846): Failed to establish a new connection: [WinError 10061] No connection could be made because the target machine actively refused it")': /session/6e233622-dcff-41c7-ab28-ecfd9f2ad840
09/11/2026 10:06:34 AM: INFO: ******* SearchCustomerByName_005 *********
09/11/2026 10:06:45 AM: INFO: *********** Login Successful **********
09/11/2026 10:06:45 AM: INFO: ********** Starting SearchCustomerByName_005 **********
09/11/2026 10:06:47 AM: INFO: ******** Customers page opened ********
09/11/2026 10:06:47 AM: INFO: ******** Searching customer by Name ***********
09/11/2026 10:06:48 AM: INFO: ******** TC_SearchCustomerByName_005 Finished **********
09/11/2026 10:07:06 AM: INFO: *****SearchVendorByName_013*****
09/11/2026 10:07:14 AM: INFO: ***********Login Successful**********
09/11/2026 10:07:14 AM: INFO: **********Starting SearchVendorByName_013**********
09/11/2026 10:07:19 AM: INFO: ******** searching vendor by Email***********
09/11/2026 10:07:22 AM: INFO: ********TC_SearchvendorrByEmail_014 Finished**********
09/11/2026 10:07:42 AM: INFO: *****SearchVendorByName_013*****
09/11/2026 10:07:49 AM: INFO: ***********Login Successful**********
09/11/2026 10:07:49 AM: INFO: **********Starting SearchVendorByName_013**********
09/11/2026 10:07:52 AM: INFO: ******** searching vendor by Name***********
09/11/2026 10:07:53 AM: INFO: Selected Vendor Name: Vendor1
09/11/2026 10:07:53 AM: INFO: *******Searching Vendor by Name: {vendor_name}********
09/11/2026 10:07:56 AM: INFO: ********TC_SearchvendorrByName_013 Finished**********
09/11/2026 10:08:19 AM: INFO: ***** SearchActivityDate_016 *****
09/11/2026 10:08:29 AM: INFO: *********** Login Successful **********
09/11/2026 10:08:29 AM: INFO: ********** Starting SearchActivityDate_016 **********
09/11/2026 10:08:38 AM: INFO: Activity log rows found: 6
09/11/2026 10:09:06 AM: INFO: *****SearchActivityIP_017*****
09/11/2026 10:09:19 AM: INFO: ***********Login Successful**********
09/11/2026 10:09:19 AM: INFO: **********Starting SearchActivityIP_017**********
09/11/2026 10:09:43 AM: INFO: *****SearchActivity_LogType_018*****
09/11/2026 10:09:48 AM: INFO: ***********Login Successful**********
09/11/2026 10:09:48 AM: INFO: **********Starting SearchActivity_LogType_018**********
09/11/2026 10:10:25 AM: INFO: *****SearchCustomer_RoleAdministrator_021*****
09/11/2026 10:10:35 AM: INFO: ***********Login Successful**********
09/11/2026 10:11:24 AM: INFO: *****SearchCustomer_RoleForumModerator_023*****
09/11/2026 10:11:36 AM: INFO: ***********Login Successful**********
09/11/2026 10:11:41 AM: INFO: Forum Moderator search result count: 1
09/11/2026 10:12:11 AM: INFO: *****SearchCustomer_Role_Guests_024*****
09/11/2026 10:12:26 AM: INFO: ***********Login Successful**********
09/11/2026 10:12:26 AM: INFO: ********Starting_SearchGuest_Role_024******
09/11/2026 10:12:33 AM: INFO: Normal table customer count: 15
09/11/2026 10:12:39 AM: INFO: Guests search result count: 15
09/11/2026 10:13:06 AM: INFO: *****Test_SearchProductByName_029*****
09/11/2026 10:13:23 AM: INFO: *****Login Successful******
09/11/2026 10:13:23 AM: INFO: *****Staring Search Product By Name test*****
09/11/2026 10:13:51 AM: INFO: *****Test_SearchProductBySKU_030*****
09/11/2026 10:13:57 AM: INFO: *****Login Successful******
09/11/2026 10:13:57 AM: INFO: *****Staring Search Product By SKU test*****
09/11/2026 10:14:21 AM: INFO: ********** Test_SearchProductByVendor_031 Started **********
09/11/2026 10:14:23 AM: INFO: Application URL opened: https://localhost:59579/admin
09/11/2026 10:14:26 AM: INFO: ********** Login Successful **********
09/11/2026 10:14:28 AM: INFO: ********** Products page opened successfully **********
09/11/2026 10:15:35 AM: INFO: *****SearchCustomer_RoleRegistered_022*****
09/11/2026 10:15:49 AM: INFO: ***********Login Successful**********
09/11/2026 10:15:54 AM: INFO: Normal table customer count: 15
09/11/2026 10:15:57 AM: INFO: Registered search result count: 2
09/11/2026 10:16:26 AM: INFO: *****SearchCustomer_Role_Vendors_025*****
09/11/2026 10:16:39 AM: INFO: ***********Login Successful**********
09/11/2026 10:16:39 AM: INFO: ********Starting_SearchVendor_Role_025******
09/11/2026 10:16:45 AM: INFO: Normal table customer count: 15
09/11/2026 10:16:46 AM: INFO: Vendor search result count: 0
09/11/2026 11:24:04 AM: INFO: *** Test_BulkEditProductSaveSelected_036 ***
09/11/2026 11:24:12 AM: INFO: ***** Login Successful *****
09/11/2026 11:24:17 AM: INFO: Product Name: Test Product 8889
09/11/2026 11:24:17 AM: INFO: SKU: SKU 59845
09/11/2026 11:24:17 AM: INFO: New Price: 2000
09/11/2026 11:24:17 AM: INFO: Old Price: 1000
09/11/2026 11:24:17 AM: INFO: Stock Quantity: 1000
09/11/2026 11:24:20 AM: INFO: Product 'Test Product 8889' selected
09/11/2026 11:24:21 AM: INFO: Save Selected completed
09/11/2026 11:24:22 AM: INFO: Returned to Products List
09/11/2026 11:24:23 AM: INFO: Searching for product 'Test Product 8889'
09/11/2026 11:24:23 AM: INFO: Product 'Test Product 8889' successfully found in Products table
09/11/2026 11:25:04 AM: INFO: *** Test_BulkEditProductSaveSelected_036 ***
09/11/2026 11:25:10 AM: INFO: ***** Login Successful *****
09/11/2026 11:29:04 AM: INFO: *** Test_BulkEditProductSaveSelected_036 ***
09/11/2026 11:29:13 AM: INFO: ***** Login Successful *****
09/11/2026 11:31:52 AM: INFO: *** Test_BulkEditProductSaveSelected_036 ***
09/11/2026 11:31:58 AM: INFO: ***** Login Successful *****
09/11/2026 11:32:01 AM: INFO: Product Name: Test Product 5977
09/11/2026 11:32:01 AM: INFO: SKU: SKU 94343
09/11/2026 11:32:01 AM: INFO: New Price: 2000
09/11/2026 11:32:01 AM: INFO: Old Price: 1000
09/11/2026 11:32:01 AM: INFO: Stock Quantity: 1000
09/11/2026 11:32:03 AM: INFO: Product 'Test Product 5977' selected
09/11/2026 11:32:04 AM: INFO: Save Selected completed
09/11/2026 11:32:05 AM: INFO: Returned to Products List
09/11/2026 11:32:05 AM: INFO: Searching for product 'Test Product 5977'
09/11/2026 11:52:00 AM: INFO: *** Test_BulkEditProductSaveSelected_036 ***
09/11/2026 11:52:07 AM: INFO: ***** Login Successful *****
09/11/2026 11:59:38 AM: INFO: *** Test_BulkEditProductSaveSelected_036 ***
09/11/2026 11:59:44 AM: INFO: ***** Login Successful *****
09/11/2026 12:04:12 PM: INFO: *** Test_BulkEditProductSaveSelected_036 ***
09/11/2026 12:04:18 PM: INFO: ***** Login Successful *****
09/11/2026 12:11:09 PM: INFO: *** Test_BulkEditProductSaveSelected_036 ***
09/11/2026 12:11:15 PM: INFO: ***** Login Successful *****
09/11/2026 12:13:51 PM: INFO: *** Test_BulkEditProductSaveSelected_036 ***
09/11/2026 12:14:04 PM: INFO: ***** Login Successful *****
09/11/2026 12:44:48 PM: INFO: *** Test_BulkEditProductSaveSelected_036 ***
09/11/2026 12:44:54 PM: INFO: ***** Login Successful *****
09/11/2026 12:44:58 PM: INFO: Product Name: Test Product 4268
09/11/2026 12:44:58 PM: INFO: SKU: SKU 99840
09/11/2026 12:44:58 PM: INFO: New Price: 2000
09/11/2026 12:44:58 PM: INFO: Old Price: 1000
09/11/2026 12:44:58 PM: INFO: Stock Quantity: 1000
09/11/2026 12:44:59 PM: INFO: Product 'Test Product 4268' selected
09/11/2026 12:45:00 PM: INFO: Save Selected completed
09/11/2026 12:56:21 PM: INFO: *** Test_BulkEditProductSaveSelected_036 ***
09/11/2026 12:56:28 PM: INFO: ***** Login Successful *****
09/11/2026 12:56:34 PM: INFO: Product Name: Test Product 1781
09/11/2026 12:56:34 PM: INFO: SKU: SKU 23990
09/11/2026 12:56:34 PM: INFO: New Price: 2000
09/11/2026 12:56:34 PM: INFO: Old Price: 1000
09/11/2026 12:56:34 PM: INFO: Stock Quantity: 1000
09/11/2026 12:56:35 PM: INFO: Product 'Test Product 1781' selected
09/11/2026 01:00:36 PM: INFO: *** Test_BulkEditProductSaveSelected_036 ***
09/11/2026 01:00:42 PM: INFO: ***** Login Successful *****
09/11/2026 01:00:46 PM: INFO: Product Name: Test Product 6894
09/11/2026 01:00:46 PM: INFO: SKU: SKU 31023
09/11/2026 01:00:46 PM: INFO: New Price: 2000
09/11/2026 01:00:46 PM: INFO: Old Price: 1000
09/11/2026 01:00:46 PM: INFO: Stock Quantity: 1000
09/11/2026 01:00:47 PM: INFO: Product 'Test Product 6894' selected
09/11/2026 01:00:49 PM: INFO: Save Selected completed
09/11/2026 01:04:18 PM: INFO: *** Test_BulkEditProductSaveSelected_036 ***
09/11/2026 01:04:26 PM: INFO: ***** Login Successful *****
09/11/2026 01:04:30 PM: INFO: Product Name: Test Product 5860
09/11/2026 01:04:30 PM: INFO: SKU: SKU 94163
09/11/2026 01:04:30 PM: INFO: New Price: 2000
09/11/2026 01:04:30 PM: INFO: Old Price: 1000
09/11/2026 01:04:30 PM: INFO: Stock Quantity: 1000
09/11/2026 01:04:31 PM: INFO: Product 'Test Product 5860' selected
09/11/2026 01:04:32 PM: INFO: Save Selected completed
09/11/2026 01:05:51 PM: INFO: *** Test_BulkEditProductSaveSelected_036 ***
09/11/2026 01:05:57 PM: INFO: ***** Login Successful *****
09/11/2026 01:06:00 PM: INFO: Product Name: Test Product 5606
09/11/2026 01:06:00 PM: INFO: SKU: SKU 13074
09/11/2026 01:06:00 PM: INFO: New Price: 2000
09/11/2026 01:06:00 PM: INFO: Old Price: 1000
09/11/2026 01:06:00 PM: INFO: Stock Quantity: 1000
09/11/2026 01:06:01 PM: INFO: Product 'Test Product 5606' selected
09/11/2026 01:06:03 PM: INFO: Save Selected completed
09/11/2026 01:06:04 PM: INFO: Returned to Products List
09/11/2026 01:06:05 PM: INFO: Searching for product 'Test Product 5606'
09/11/2026 01:07:13 PM: INFO: *** Test_BulkEditProductSaveSelected_036 ***
09/11/2026 01:07:21 PM: INFO: ***** Login Successful *****
09/11/2026 01:07:26 PM: INFO: Product Name: Test Product 8353
09/11/2026 01:07:26 PM: INFO: SKU: SKU 59937
09/11/2026 01:07:26 PM: INFO: New Price: 2000
09/11/2026 01:07:26 PM: INFO: Old Price: 1000
09/11/2026 01:07:26 PM: INFO: Stock Quantity: 1000
09/11/2026 01:07:28 PM: INFO: Product 'Test Product 8353' selected
09/11/2026 01:07:29 PM: INFO: Save Selected completed
09/11/2026 01:07:31 PM: INFO: Returned to Products List
09/11/2026 01:07:31 PM: INFO: Searching for product 'Test Product 8353'
09/11/2026 01:07:31 PM: INFO: Product 'Test Product 8353' successfully found in Products table
09/11/2026 01:18:02 PM: INFO: ******* Deleting Customer *******
09/11/2026 01:18:15 PM: INFO: ******* Login Successful *****
09/11/2026 01:18:20 PM: INFO: ******* Customers page opened *******
09/11/2026 01:18:25 PM: INFO: ******* Edit Customer button clicked *******
09/11/2026 01:18:27 PM: INFO: ******* Edit Customer page opened successfully *******
09/11/2026 01:18:27 PM: INFO: ******* Delete Customer button clicked *******
09/11/2026 01:18:39 PM: INFO: ******* Delete confirmation accepted *******
09/11/2026 01:18:40 PM: INFO: ********* Delete Customer test passed **********
09/11/2026 01:18:42 PM: INFO: ****** Ending Delete Customer Test *******
09/11/2026 01:18:57 PM: INFO: *****Test_DeleteProduct_Select_033*****
09/11/2026 01:19:02 PM: INFO: *****Login Successful******
09/11/2026 01:19:02 PM: INFO: *****Starting Delete Selected Product test*****
09/11/2026 01:19:05 PM: INFO: ***** Product 'Test Product 6406' was deleted successfully *****
09/11/2026 01:19:23 PM: INFO: *****Test_DeleteProduct_032*****
09/11/2026 01:19:27 PM: INFO: *****Login Successful******
09/11/2026 01:19:27 PM: INFO: *****Staring Delete Product test*****
09/11/2026 01:19:33 PM: INFO: ***** Product deleted successfully *****
09/11/2026 01:20:15 PM: INFO: ******* Editing Customer *******
09/11/2026 01:20:21 PM: INFO: ******* Login Successful *****
09/11/2026 01:20:22 PM: INFO: ******* Customers page opened *******
09/11/2026 01:20:24 PM: INFO: ******* Edit Customer button clicked *******
09/11/2026 01:20:24 PM: INFO: ******* Edit Customer page opened successfully *******
09/11/2026 01:20:27 PM: INFO: ********* Edit Customer test passed **********
09/11/2026 01:20:29 PM: INFO: ****** Ending Edit Customer Test *******
09/11/2026 01:20:43 PM: INFO: *****Test_EditProduct_031*****
09/11/2026 01:20:47 PM: INFO: *****Login Successful******
09/11/2026 01:20:47 PM: INFO: *****Staring Edit Product test*****
09/11/2026 01:20:49 PM: INFO: *****Edit page opened successfully****
09/11/2026 01:20:51 PM: INFO: *****Product details updated*****
09/11/2026 01:20:51 PM: INFO: *****Save button clicked*****
09/11/2026 01:21:07 PM: INFO: ******* Test_EditVendor_015 *******
09/11/2026 01:21:11 PM: INFO: *********** Login Successful **********
09/11/2026 01:21:13 PM: INFO: ******** Starting Edit Vendor Test ********
09/11/2026 01:21:16 PM: INFO: Vendor selected for editing: Vendor1
09/11/2026 01:21:16 PM: INFO: Vendor 'Vendor1' found successfully
09/11/2026 01:21:32 PM: INFO: ******VerifyActivityTypeDisplayed******
09/11/2026 01:21:36 PM: INFO: ***********Login Successful**********
09/11/2026 01:21:36 PM: INFO: ********Starting Verify Activity Type**********
09/11/2026 01:21:39 PM: INFO: fActivity Type '{activity_name}' Status: {result}
09/11/2026 01:21:39 PM: INFO: fActivity Type '{activity_name}' Status: {result}
09/11/2026 01:21:54 PM: INFO: ********** Test_003_AddCustomer **********
09/11/2026 01:21:58 PM: INFO: ********* Login Successful **********
09/11/2026 01:21:58 PM: INFO: ********* Starting Add Customer Test *********
09/11/2026 01:22:01 PM: INFO: ******** Providing customer information ********
09/11/2026 01:22:03 PM: INFO: ******** Customer information provided ********
09/11/2026 01:22:04 PM: INFO: ******** Saving customer information ********
09/11/2026 01:22:04 PM: INFO: Success message: ×
The new customer has been added successfully.
09/11/2026 01:22:04 PM: INFO: ******** Customer added successfully ********
09/11/2026 01:22:04 PM: INFO: ******** Verifying customer in Customers grid ********
09/11/2026 01:22:21 PM: INFO: ******** Customers page opened ********
09/11/2026 01:22:23 PM: INFO: ******** Searching for nqvc43x0@gmail.com ********
09/11/2026 01:22:23 PM: INFO: ******** Customer found in Customers grid ********
09/11/2026 01:22:23 PM: INFO: ******** Add customer test passed ********
09/11/2026 01:22:39 PM: INFO: *****Test_AddProduct_028*****
09/11/2026 01:22:44 PM: INFO: *****Login Successful******
09/11/2026 01:22:44 PM: INFO: *****Staring Add Product test*****
09/11/2026 01:22:47 PM: INFO: *****Providing product details*******
09/11/2026 01:23:07 PM: INFO: ******* Test_012_AddVendor *******
09/11/2026 01:23:11 PM: INFO: ***** Login Successfully *****
09/11/2026 01:23:11 PM: INFO: ****** Starting Add Vendor Test ******
09/11/2026 01:23:14 PM: INFO: ****** Providing Vendor Info ******
09/11/2026 01:23:16 PM: INFO: After Save URL: https://localhost:59579/Admin/Vendor/List
09/11/2026 01:23:16 PM: INFO: ******Vendor added successfully******
09/11/2026 01:23:32 PM: INFO: *** Test_BulkEditProductSaveAll_035 ***
09/11/2026 01:23:36 PM: INFO: ***** Login Successful *****
09/11/2026 01:23:36 PM: INFO: ***** Starting Bulk Edit Product Save All Test *****
09/11/2026 01:24:16 PM: INFO: *** Test_BulkEditProductSaveSelected_036 ***
09/11/2026 01:24:21 PM: INFO: ***** Login Successful *****
09/11/2026 01:24:59 PM: INFO: ***** Test_BulkEditProductSearchProductName_036*****
09/11/2026 01:25:05 PM: INFO: ***** Login Successful *****
09/11/2026 01:25:05 PM: INFO: ***** Starting Bulk Edit Product Search Product Name Test *****
09/11/2026 01:25:24 PM: INFO: ***** Test_BulkEditProductSearchProductType_038*****
09/11/2026 01:25:28 PM: INFO: ***** Login Successful *****
09/11/2026 01:25:28 PM: INFO: ***** Starting Bulk Edit Product Search Product Type Test *****
09/11/2026 01:26:03 PM: INFO: ***** Test_BulkEditProductSearchPublishType_039*****
09/11/2026 01:26:07 PM: INFO: ***** Login Successful *****
09/11/2026 01:26:07 PM: INFO: ***** Starting Bulk Edit Product Search Publish Type Test *****
09/11/2026 01:26:28 PM: INFO: ***** Test_BulkEditProductSearchVendor_037*****
09/11/2026 01:26:34 PM: INFO: ***** Login Successful *****
09/11/2026 01:26:34 PM: INFO: ***** Starting Bulk Edit Product Search Vendor Test *****
09/11/2026 01:26:54 PM: INFO: *****Clear_ActivityLogs_020*****
09/11/2026 01:26:58 PM: INFO: ***********Login Successful**********
09/11/2026 01:26:58 PM: INFO: **********Starting Clear_ActivityLogs_020**********
09/11/2026 01:27:00 PM: INFO: **********Clear_ActivityLogs_020 completed**********
09/11/2026 01:27:16 PM: INFO: *****Delete_SingleActivity_019*****
09/11/2026 01:27:21 PM: INFO: ***********Login Successful**********
09/11/2026 01:27:21 PM: INFO: **********Starting Delete_SingleActivity_019**********
09/11/2026 01:27:23 PM: INFO: Customers available for export: 1
09/11/2026 01:27:29 PM: INFO: ******Customers exported successfully*******
09/11/2026 01:27:30 PM: INFO: Activity Log records found: 6
09/11/2026 01:27:30 PM: INFO: ******Activity Log delete clicked*******
09/11/2026 01:27:47 PM: INFO: ******* Exporting All Customers to Excel *******
09/11/2026 01:27:53 PM: INFO: ******* Download directory: C:\Users\hp\PycharmProjects\Python_Selenium_Hybrid\downloads *******
09/11/2026 01:27:56 PM: INFO: ******* Login Successful *****
09/11/2026 01:27:56 PM: INFO: ****** Starting Export All Customers *******
09/11/2026 01:27:57 PM: INFO: ****** Customers page opened ******
09/11/2026 01:28:06 PM: INFO: ******* Export All Customers Excel button clicked *******
09/11/2026 01:28:06 PM: INFO: ******* Excel Downloaded Successfully: customers.xlsx *******
09/11/2026 01:28:06 PM: INFO: ******* Excel File Verification Successful *******
09/11/2026 01:28:23 PM: INFO: ******* Exporting All Customers to XML *******
09/11/2026 01:28:25 PM: INFO: ******* Download directory: C:\Users\hp\PycharmProjects\Python_Selenium_Hybrid\downloads *******
09/11/2026 01:28:28 PM: INFO: ******* Login Successful *****
09/11/2026 01:28:28 PM: INFO: ****** Starting Export All Customers *******
09/11/2026 01:28:30 PM: INFO: ****** Customers page opened ******
09/11/2026 01:28:39 PM: INFO: ******* Export All Customers XML button clicked *******
09/11/2026 01:28:39 PM: INFO: ******* XML Downloaded Successfully: customers.xml *******
09/11/2026 01:28:39 PM: INFO: ******* XML File Verification Successful *******
09/11/2026 01:28:55 PM: INFO: ******* Exporting Selected Customers to Excel *******
09/11/2026 01:28:57 PM: INFO: ******* Download directory: C:\Users\hp\PycharmProjects\Python_Selenium_Hybrid\downloads *******
09/11/2026 01:29:00 PM: INFO: ******* Login Successful *****
09/11/2026 01:29:00 PM: INFO: ****** Navigating to Customers ******
09/11/2026 01:29:02 PM: INFO: ****** Customers page opened ******
09/11/2026 01:29:05 PM: INFO: ******* Customers Selected Successfully *******
09/11/2026 01:29:12 PM: INFO: ******* Export Selected Excel button clicked *******
09/11/2026 01:29:12 PM: INFO: ******* Excel Downloaded Successfully: customers.xlsx *******
09/11/2026 01:29:12 PM: INFO: ******* Excel File Verification Successful *******
09/11/2026 01:29:31 PM: INFO: ******* Exporting Selected Customers to XML *******
09/11/2026 01:29:34 PM: INFO: ******* Download directory: C:\Users\hp\PycharmProjects\Python_Selenium_Hybrid\downloads *******
09/11/2026 01:29:37 PM: INFO: ******* Login Successful *****
09/11/2026 01:29:37 PM: INFO: ****** Navigating to Customers ******
09/11/2026 01:29:38 PM: INFO: ****** Customers page opened ******
09/11/2026 01:29:40 PM: INFO: ******* Customers Selected Successfully *******
09/11/2026 01:29:47 PM: INFO: ******* Export Selected XML button clicked *******
09/11/2026 01:29:47 PM: INFO: ******* XML Downloaded Successfully: customers.xml *******
09/11/2026 01:29:47 PM: INFO: ******* XML File Verification Successful *******
09/11/2026 01:30:07 PM: INFO: ********Verify Login Test********
09/11/2026 01:30:11 PM: INFO: ********Login test Passed********
09/11/2026 01:30:28 PM: INFO: **********Test_002_DDT_Login********
09/11/2026 01:30:28 PM: INFO: ********Verify Login DDT Test********
09/11/2026 01:30:35 PM: INFO: Row 2: *****Test Passed*****
09/11/2026 01:30:39 PM: INFO: Row 3: *****Test Passed*****
09/11/2026 01:30:41 PM: INFO: Row 4: *****Test Passed*****
09/11/2026 01:30:44 PM: INFO: Row 5: *****Test Passed*****
09/11/2026 01:30:47 PM: INFO: Row 6: *****Test Passed*****
09/11/2026 01:30:47 PM: INFO: ****Login DDT Test Passed****
09/11/2026 01:30:49 PM: INFO: ****End of Login DDT Test****
09/11/2026 01:30:49 PM: INFO: *****Completed TC_LoginDDT_002******
09/11/2026 01:31:03 PM: INFO: ******* SearchCustomerByEmail_004 *********
09/11/2026 01:31:07 PM: INFO: *********** Login Successful **********
09/11/2026 01:31:07 PM: INFO: ********** Starting SearchCustomerByEmail_004 **********
09/11/2026 01:31:09 PM: INFO: ******** Searching customer by email ID ***********
09/11/2026 01:31:09 PM: INFO: ******** Customer found successfully ********
09/11/2026 01:31:09 PM: INFO: ******** TC_SearchCustomerByEmail_004 Finished **********
09/11/2026 01:31:17 PM: WARNING: Retrying (Retry(total=2, connect=None, read=None, redirect=None, status=None)) after connection broken by 'NewConnectionError("HTTPConnection(host='localhost', port=56813): Failed to establish a new connection: [WinError 10061] No connection could be made because the target machine actively refused it")': /session/7191052c-aa31-427a-a9cf-85e978bb864c
09/11/2026 01:31:21 PM: WARNING: Retrying (Retry(total=1, connect=None, read=None, redirect=None, status=None)) after connection broken by 'NewConnectionError("HTTPConnection(host='localhost', port=56813): Failed to establish a new connection: [WinError 10061] No connection could be made because the target machine actively refused it")': /session/7191052c-aa31-427a-a9cf-85e978bb864c
09/11/2026 01:31:25 PM: WARNING: Retrying (Retry(total=0, connect=None, read=None, redirect=None, status=None)) after connection broken by 'NewConnectionError("HTTPConnection(host='localhost', port=56813): Failed to establish a new connection: [WinError 10061] No connection could be made because the target machine actively refused it")': /session/7191052c-aa31-427a-a9cf-85e978bb864c
09/11/2026 01:31:41 PM: INFO: ******* SearchCustomerByName_005 *********
09/11/2026 01:31:46 PM: INFO: *********** Login Successful **********
09/11/2026 01:31:46 PM: INFO: ********** Starting SearchCustomerByName_005 **********
09/11/2026 01:31:48 PM: INFO: ******** Customers page opened ********
09/11/2026 01:31:48 PM: INFO: ******** Searching customer by Name ***********
09/11/2026 01:31:49 PM: INFO: ******** TC_SearchCustomerByName_005 Finished **********
09/11/2026 01:32:04 PM: INFO: *****SearchVendorByName_013*****
09/11/2026 01:32:08 PM: INFO: ***********Login Successful**********
09/11/2026 01:32:08 PM: INFO: **********Starting SearchVendorByName_013**********
09/11/2026 01:32:10 PM: INFO: ******** searching vendor by Email***********
09/11/2026 01:32:14 PM: INFO: ********TC_SearchvendorrByEmail_014 Finished**********
09/11/2026 01:32:30 PM: INFO: *****SearchVendorByName_013*****
09/11/2026 01:32:35 PM: INFO: ***********Login Successful**********
09/11/2026 01:32:35 PM: INFO: **********Starting SearchVendorByName_013**********
09/11/2026 01:32:37 PM: INFO: ******** searching vendor by Name***********
09/11/2026 01:32:37 PM: INFO: Selected Vendor Name: Vendor1
09/11/2026 01:32:37 PM: INFO: *******Searching Vendor by Name: {vendor_name}********
09/11/2026 01:32:41 PM: INFO: ********TC_SearchvendorrByName_013 Finished**********
09/11/2026 01:32:56 PM: INFO: ***** SearchActivityDate_016 *****
09/11/2026 01:33:01 PM: INFO: *********** Login Successful **********
09/11/2026 01:33:01 PM: INFO: ********** Starting SearchActivityDate_016 **********
09/11/2026 01:33:03 PM: INFO: Activity log rows found: 15
09/11/2026 01:33:19 PM: INFO: *****SearchActivityIP_017*****
09/11/2026 01:33:26 PM: INFO: ***********Login Successful**********
09/11/2026 01:33:26 PM: INFO: **********Starting SearchActivityIP_017**********
09/11/2026 01:33:44 PM: INFO: *****SearchActivity_LogType_018*****
09/11/2026 01:33:49 PM: INFO: ***********Login Successful**********
09/11/2026 01:33:49 PM: INFO: **********Starting SearchActivity_LogType_018**********
09/11/2026 01:34:08 PM: INFO: *****SearchCustomer_RoleAdministrator_021*****
09/11/2026 01:34:12 PM: INFO: ***********Login Successful**********
09/11/2026 01:34:15 PM: INFO: Administrator search result count: 1
09/11/2026 01:34:32 PM: INFO: *****SearchCustomer_RoleForumModerator_023*****
09/11/2026 01:34:37 PM: INFO: ***********Login Successful**********
09/11/2026 01:34:40 PM: INFO: Forum Moderator search result count: 1
09/11/2026 01:34:55 PM: INFO: *****SearchCustomer_Role_Guests_024*****
09/11/2026 01:35:00 PM: INFO: ***********Login Successful**********
09/11/2026 01:35:00 PM: INFO: ********Starting_SearchGuest_Role_024******
09/11/2026 01:35:03 PM: INFO: Normal table customer count: 15
09/11/2026 01:35:05 PM: INFO: Guests search result count: 15
09/11/2026 01:35:24 PM: INFO: *****Test_SearchProductByName_029*****
09/11/2026 01:35:30 PM: INFO: *****Login Successful******
09/11/2026 01:35:30 PM: INFO: *****Staring Search Product By Name test*****
09/11/2026 01:36:01 PM: INFO: *****Test_SearchProductBySKU_030*****
09/11/2026 01:36:06 PM: INFO: *****Login Successful******
09/11/2026 01:36:06 PM: INFO: *****Staring Search Product By SKU test*****
09/11/2026 01:36:27 PM: INFO: ********** Test_SearchProductByVendor_031 Started **********
09/11/2026 01:36:29 PM: INFO: Application URL opened: https://localhost:59579/admin
09/11/2026 01:36:32 PM: INFO: ********** Login Successful **********
09/11/2026 01:36:34 PM: INFO: ********** Products page opened successfully **********
09/11/2026 01:36:37 PM: INFO: ********** Product search performed for Vendor1 **********
09/11/2026 01:36:37 PM: INFO: ********** 'No data available in table' validated **********
09/11/2026 01:36:37 PM: INFO: ********** 'No records' validated **********
09/11/2026 01:36:37 PM: INFO: ********** Test_SearchProductByVendor_031 Passed **********
09/11/2026 01:36:53 PM: INFO: *****SearchCustomer_RoleRegistered_022*****
09/11/2026 01:36:57 PM: INFO: ***********Login Successful**********
09/11/2026 01:37:00 PM: INFO: Normal table customer count: 15
09/11/2026 01:37:01 PM: INFO: Registered search result count: 2
09/11/2026 01:37:16 PM: INFO: *****SearchCustomer_Role_Vendors_025*****
09/11/2026 01:37:22 PM: INFO: ***********Login Successful**********
09/11/2026 01:37:22 PM: INFO: ********Starting_SearchVendor_Role_025******
09/11/2026 01:37:24 PM: INFO: Normal table customer count: 15
09/11/2026 01:37:25 PM: INFO: Vendor search result count: 0
09/11/2026 01:38:39 PM: INFO: *** Test_BulkEditProductSaveAll_035 ***
09/11/2026 01:38:44 PM: INFO: ***** Login Successful *****
09/11/2026 01:38:44 PM: INFO: ***** Starting Bulk Edit Product Save All Test *****
09/11/2026 01:38:51 PM: INFO: Product Name: Test Product 2219
09/11/2026 01:38:51 PM: INFO: SKU: SKU 56670
09/11/2026 01:38:51 PM: INFO: New Price: 2000
09/11/2026 01:38:51 PM: INFO: Old Price: 1000
09/11/2026 01:38:51 PM: INFO: Stock Quantity: 1000
09/11/2026 01:38:53 PM: INFO: Bulk Edit Save All completed
09/11/2026 01:38:56 PM: INFO: Product 'Test Product 2219' successfully found in Products table
09/11/2026 01:39:49 PM: INFO: *** Test_BulkEditProductSaveSelected_036 ***
09/11/2026 01:39:53 PM: INFO: ***** Login Successful *****
09/11/2026 01:39:59 PM: INFO: Product Name: Test Product 9867
09/11/2026 01:39:59 PM: INFO: SKU: SKU 21426
09/11/2026 01:39:59 PM: INFO: New Price: 2000
09/11/2026 01:39:59 PM: INFO: Old Price: 1000
09/11/2026 01:39:59 PM: INFO: Stock Quantity: 1000
09/11/2026 01:40:01 PM: INFO: Product 'Test Product 9867' selected
09/11/2026 01:40:02 PM: INFO: Save Selected completed
09/11/2026 01:40:04 PM: INFO: Returned to Products List
09/11/2026 01:40:05 PM: INFO: Searching for product 'Test Product 9867'
09/11/2026 01:40:05 PM: INFO: Product 'Test Product 9867' successfully found in Products table
09/11/2026 01:40:47 PM: INFO: ***** Test_BulkEditProductSearchProductType_038*****
09/11/2026 01:40:50 PM: INFO: ***** Login Successful *****
09/11/2026 01:40:50 PM: INFO: ***** Starting Bulk Edit Product Search Product Type Test *****
09/11/2026 01:42:34 PM: INFO: *** Test_BulkEditProductSaveSelected_036 ***
09/11/2026 01:42:37 PM: INFO: ***** Login Successful *****
09/11/2026 01:42:44 PM: INFO: Product Name: Test Product 9302
09/11/2026 01:42:44 PM: INFO: SKU: SKU 23934
09/11/2026 01:42:44 PM: INFO: New Price: 2000
09/11/2026 01:42:44 PM: INFO: Old Price: 1000
09/11/2026 01:42:44 PM: INFO: Stock Quantity: 1000
09/11/2026 01:42:46 PM: INFO: Product 'Test Product 9302' selected
09/11/2026 01:42:47 PM: INFO: Save Selected completed
09/11/2026 01:42:49 PM: INFO: Returned to Products List
09/11/2026 01:42:49 PM: INFO: Searching for product 'Test Product 9302'
09/11/2026 01:42:50 PM: INFO: Product 'Test Product 9302' successfully found in Products table
09/11/2026 01:43:32 PM: INFO: ***** Test_BulkEditProductSearchProductType_038*****
09/11/2026 01:43:36 PM: INFO: ***** Login Successful *****
09/11/2026 01:43:36 PM: INFO: ***** Starting Bulk Edit Product Search Product Type Test *****
09/11/2026 01:44:55 PM: INFO: ******* Deleting Customer *******
09/11/2026 01:45:04 PM: INFO: ******* Login Successful *****
09/11/2026 01:45:05 PM: INFO: ******* Customers page opened *******
09/11/2026 01:45:09 PM: INFO: ******* Edit Customer button clicked *******
09/11/2026 01:45:11 PM: INFO: ******* Edit Customer page opened successfully *******
09/11/2026 01:45:11 PM: INFO: ******* Delete Customer button clicked *******
09/11/2026 01:45:22 PM: INFO: ******* Delete confirmation accepted *******
09/11/2026 01:45:22 PM: INFO: ********* Delete Customer test passed **********
09/11/2026 01:45:22 PM: INFO: ****** Ending Delete Customer Test *******
09/11/2026 01:45:26 PM: INFO: *****Test_DeleteProduct_Select_033*****
09/11/2026 01:45:30 PM: INFO: *****Login Successful******
09/11/2026 01:45:30 PM: INFO: *****Starting Delete Selected Product test*****
09/11/2026 01:45:35 PM: INFO: ***** Product 'Test Product 9916' was deleted successfully *****
09/11/2026 01:45:39 PM: INFO: *****Test_DeleteProduct_032*****
09/11/2026 01:45:44 PM: INFO: *****Login Successful******
09/11/2026 01:45:44 PM: INFO: *****Staring Delete Product test*****
09/11/2026 01:45:49 PM: INFO: ***** Product deleted successfully *****
09/11/2026 01:46:07 PM: INFO: ******* Editing Customer *******
09/11/2026 01:46:11 PM: INFO: ******* Login Successful *****
09/11/2026 01:46:14 PM: INFO: ******* Customers page opened *******
09/11/2026 01:46:15 PM: INFO: ******* Edit Customer button clicked *******
09/11/2026 01:46:15 PM: INFO: ******* Edit Customer page opened successfully *******
09/11/2026 01:46:17 PM: INFO: ********* Edit Customer test passed **********
09/11/2026 01:46:17 PM: INFO: ****** Ending Edit Customer Test *******
09/11/2026 01:46:21 PM: INFO: *****Test_EditProduct_031*****
09/11/2026 01:46:27 PM: INFO: *****Login Successful******
09/11/2026 01:46:27 PM: INFO: *****Staring Edit Product test*****
09/11/2026 01:46:48 PM: INFO: ******* Test_EditVendor_015 *******
09/11/2026 01:46:52 PM: INFO: *********** Login Successful **********
09/11/2026 01:46:56 PM: INFO: ******** Starting Edit Vendor Test ********
09/11/2026 01:46:58 PM: INFO: Vendor selected for editing: Vendor1
09/11/2026 01:46:59 PM: INFO: Vendor 'Vendor1' found successfully
09/11/2026 01:47:03 PM: INFO: ******VerifyActivityTypeDisplayed******
09/11/2026 01:47:07 PM: INFO: ***********Login Successful**********
09/11/2026 01:47:07 PM: INFO: ********Starting Verify Activity Type**********
09/11/2026 01:47:10 PM: INFO: fActivity Type '{activity_name}' Status: {result}
09/11/2026 01:47:10 PM: INFO: fActivity Type '{activity_name}' Status: {result}
09/11/2026 01:47:14 PM: INFO: ********** Test_003_AddCustomer **********
09/11/2026 01:47:19 PM: INFO: ********* Login Successful **********
09/11/2026 01:47:19 PM: INFO: ********* Starting Add Customer Test *********
09/11/2026 01:47:22 PM: INFO: ******** Providing customer information ********
09/11/2026 01:47:24 PM: INFO: ******** Customer information provided ********
09/11/2026 01:47:25 PM: INFO: ******** Saving customer information ********
09/11/2026 01:47:25 PM: INFO: Success message: ×
The new customer has been added successfully.
09/11/2026 01:47:25 PM: INFO: ******** Customer added successfully ********
09/11/2026 01:47:25 PM: INFO: ******** Verifying customer in Customers grid ********
09/11/2026 01:47:40 PM: INFO: ******** Customers page opened ********
09/11/2026 01:47:41 PM: INFO: ******** Searching for h7mn6gqk@gmail.com ********
09/11/2026 01:47:42 PM: INFO: ******** Customer found in Customers grid ********
09/11/2026 01:47:42 PM: INFO: ******** Add customer test passed ********
09/11/2026 01:47:46 PM: INFO: *****Test_AddProduct_028*****
09/11/2026 01:47:50 PM: INFO: *****Login Successful******
09/11/2026 01:47:50 PM: INFO: *****Staring Add Product test*****
09/11/2026 01:47:54 PM: INFO: *****Providing product details*******
09/11/2026 01:48:01 PM: INFO: ******* Test_012_AddVendor *******
09/11/2026 01:48:05 PM: INFO: ***** Login Successfully *****
09/11/2026 01:48:05 PM: INFO: ****** Starting Add Vendor Test ******
09/11/2026 01:48:10 PM: INFO: ****** Providing Vendor Info ******
09/11/2026 01:48:12 PM: INFO: After Save URL: https://localhost:59579/Admin/Vendor/List
09/11/2026 01:48:12 PM: INFO: ******Vendor added successfully******
09/11/2026 01:48:16 PM: INFO: *** Test_BulkEditProductSaveAll_035 ***
09/11/2026 01:48:20 PM: INFO: ***** Login Successful *****
09/11/2026 01:48:20 PM: INFO: ***** Starting Bulk Edit Product Save All Test *****
09/11/2026 01:48:25 PM: INFO: Product Name: Test Product 8918
09/11/2026 01:48:25 PM: INFO: SKU: SKU 44802
09/11/2026 01:48:25 PM: INFO: New Price: 2000
09/11/2026 01:48:25 PM: INFO: Old Price: 1000
09/11/2026 01:48:25 PM: INFO: Stock Quantity: 1000
09/11/2026 01:48:27 PM: INFO: Bulk Edit Save All completed
09/11/2026 01:48:29 PM: INFO: Product 'Test Product 8918' successfully found in Products table
09/11/2026 01:48:34 PM: INFO: *** Test_BulkEditProductSaveSelected_036 ***
09/11/2026 01:48:37 PM: INFO: ***** Login Successful *****
09/11/2026 01:48:43 PM: INFO: Product Name: Test Product 8808
09/11/2026 01:48:43 PM: INFO: SKU: SKU 14417
09/11/2026 01:48:43 PM: INFO: New Price: 2000
09/11/2026 01:48:43 PM: INFO: Old Price: 1000
09/11/2026 01:48:43 PM: INFO: Stock Quantity: 1000
09/11/2026 01:48:44 PM: INFO: Product 'Test Product 8808' selected
09/11/2026 01:48:46 PM: INFO: Save Selected completed
09/11/2026 01:48:48 PM: INFO: Returned to Products List
09/11/2026 01:48:48 PM: INFO: Searching for product 'Test Product 8808'
09/11/2026 01:48:48 PM: INFO: Product 'Test Product 8808' successfully found in Products table
09/11/2026 01:48:53 PM: INFO: ***** Test_BulkEditProductSearchProductName_036*****
09/11/2026 01:48:56 PM: INFO: ***** Login Successful *****
09/11/2026 01:48:56 PM: INFO: ***** Starting Bulk Edit Product Search Product Name Test *****
09/11/2026 01:49:22 PM: INFO: ***** Test_BulkEditProductSearchProductType_038*****
09/11/2026 01:49:28 PM: INFO: ***** Login Successful *****
09/11/2026 01:49:28 PM: INFO: ***** Starting Bulk Edit Product Search Product Type Test *****
09/11/2026 01:49:37 PM: INFO: ***** Test_BulkEditProductSearchPublishType_039*****
09/11/2026 01:49:42 PM: INFO: ***** Login Successful *****
09/11/2026 01:49:42 PM: INFO: ***** Starting Bulk Edit Product Search Publish Type Test *****
09/11/2026 01:49:52 PM: INFO: ***** Test_BulkEditProductSearchVendor_037*****
09/11/2026 01:49:56 PM: INFO: ***** Login Successful *****
09/11/2026 01:49:56 PM: INFO: ***** Starting Bulk Edit Product Search Vendor Test *****
09/11/2026 01:50:05 PM: INFO: *****Clear_ActivityLogs_020*****
09/11/2026 01:50:09 PM: INFO: ***********Login Successful**********
09/11/2026 01:50:09 PM: INFO: **********Starting Clear_ActivityLogs_020**********
09/11/2026 01:50:12 PM: INFO: **********Clear_ActivityLogs_020 completed**********
09/11/2026 01:50:17 PM: INFO: *****Delete_SingleActivity_019*****
09/11/2026 01:50:21 PM: INFO: ***********Login Successful**********
09/11/2026 01:50:21 PM: INFO: **********Starting Delete_SingleActivity_019**********
09/11/2026 01:50:25 PM: INFO: Customers available for export: 15
09/11/2026 01:50:26 PM: INFO: ******Customers exported successfully*******
09/11/2026 01:50:30 PM: INFO: Activity Log records found: 11
09/11/2026 01:50:30 PM: INFO: ******Activity Log delete clicked*******
09/11/2026 01:50:36 PM: INFO: ******* Exporting All Customers to Excel *******
09/11/2026 01:50:39 PM: INFO: ******* Download directory: C:\Users\hp\PycharmProjects\Python_Selenium_Hybrid\downloads *******
09/11/2026 01:50:40 PM: INFO: ******* Login Successful *****
09/11/2026 01:50:40 PM: INFO: ****** Starting Export All Customers *******
09/11/2026 01:50:43 PM: INFO: ****** Customers page opened ******
09/11/2026 01:50:47 PM: INFO: ******* Export All Customers Excel button clicked *******
09/11/2026 01:50:49 PM: INFO: ******* Excel Downloaded Successfully: customers.xlsx *******
09/11/2026 01:50:49 PM: INFO: ******* Excel File Verification Successful *******
09/11/2026 01:50:56 PM: INFO: ******* Exporting All Customers to XML *******
09/11/2026 01:51:00 PM: INFO: ******* Download directory: C:\Users\hp\PycharmProjects\Python_Selenium_Hybrid\downloads *******
09/11/2026 01:51:00 PM: INFO: ******* Login Successful *****
09/11/2026 01:51:00 PM: INFO: ****** Starting Export All Customers *******
09/11/2026 01:51:03 PM: INFO: ****** Customers page opened ******
09/11/2026 01:51:07 PM: INFO: ******* Export All Customers XML button clicked *******
09/11/2026 01:51:11 PM: INFO: ******* XML Downloaded Successfully: customers.xml *******
09/11/2026 01:51:11 PM: INFO: ******* XML File Verification Successful *******
09/11/2026 01:51:15 PM: INFO: ******* Exporting Selected Customers to Excel *******
09/11/2026 01:51:19 PM: INFO: ******* Download directory: C:\Users\hp\PycharmProjects\Python_Selenium_Hybrid\downloads *******
09/11/2026 01:51:23 PM: INFO: ******* Login Successful *****
09/11/2026 01:51:23 PM: INFO: ****** Navigating to Customers ******
09/11/2026 01:51:24 PM: INFO: ****** Customers page opened ******
09/11/2026 01:51:27 PM: INFO: ******* Customers Selected Successfully *******
09/11/2026 01:51:28 PM: INFO: ******* Export Selected Excel button clicked *******
09/11/2026 01:51:30 PM: INFO: ******* Excel Downloaded Successfully: customers.xlsx *******
09/11/2026 01:51:30 PM: INFO: ******* Excel File Verification Successful *******
09/11/2026 01:51:39 PM: INFO: ******* Exporting Selected Customers to XML *******
09/11/2026 01:51:43 PM: INFO: ******* Download directory: C:\Users\hp\PycharmProjects\Python_Selenium_Hybrid\downloads *******
09/11/2026 01:51:43 PM: INFO: ******* Login Successful *****
09/11/2026 01:51:43 PM: INFO: ****** Navigating to Customers ******
09/11/2026 01:51:46 PM: INFO: ****** Customers page opened ******
09/11/2026 01:51:48 PM: INFO: ******* Customers Selected Successfully *******
09/11/2026 01:51:50 PM: INFO: ******* Export Selected XML button clicked *******
09/11/2026 01:51:53 PM: INFO: ******* XML Downloaded Successfully: customers.xml *******
09/11/2026 01:51:53 PM: INFO: ******* XML File Verification Successful *******
09/11/2026 01:51:58 PM: INFO: ********Verify Login Test********
09/11/2026 01:52:03 PM: INFO: ********Login test Passed********
09/11/2026 01:52:08 PM: INFO: **********Test_002_DDT_Login********
09/11/2026 01:52:08 PM: INFO: ********Verify Login DDT Test********
09/11/2026 01:52:14 PM: INFO: Row 2: *****Test Passed*****
09/11/2026 01:52:18 PM: INFO: Row 3: *****Test Passed*****
09/11/2026 01:52:22 PM: INFO: Row 4: *****Test Passed*****
09/11/2026 01:52:26 PM: INFO: Row 5: *****Test Passed*****
09/11/2026 01:52:29 PM: INFO: Row 6: *****Test Passed*****
09/11/2026 01:52:29 PM: INFO: ****Login DDT Test Passed****
09/11/2026 01:52:30 PM: INFO: ****End of Login DDT Test****
09/11/2026 01:52:30 PM: INFO: *****Completed TC_LoginDDT_002******
09/11/2026 01:52:33 PM: INFO: ******* SearchCustomerByEmail_004 *********
09/11/2026 01:52:39 PM: INFO: *********** Login Successful **********
09/11/2026 01:52:39 PM: INFO: ********** Starting SearchCustomerByEmail_004 **********
09/11/2026 01:52:42 PM: INFO: ******** Searching customer by email ID ***********
09/11/2026 01:52:42 PM: INFO: ******** Customer found successfully ********
09/11/2026 01:52:42 PM: INFO: ******** TC_SearchCustomerByEmail_004 Finished **********
09/11/2026 01:52:49 PM: WARNING: Retrying (Retry(total=2, connect=None, read=None, redirect=None, status=None)) after connection broken by 'NewConnectionError("HTTPConnection(host='localhost', port=60760): Failed to establish a new connection: [WinError 10061] No connection could be made because the target machine actively refused it")': /session/f2223f0955355579fee30d67eb2ea273
09/11/2026 01:52:53 PM: WARNING: Retrying (Retry(total=1, connect=None, read=None, redirect=None, status=None)) after connection broken by 'NewConnectionError("HTTPConnection(host='localhost', port=60760): Failed to establish a new connection: [WinError 10061] No connection could be made because the target machine actively refused it")': /session/f2223f0955355579fee30d67eb2ea273
09/11/2026 01:52:57 PM: WARNING: Retrying (Retry(total=0, connect=None, read=None, redirect=None, status=None)) after connection broken by 'NewConnectionError("HTTPConnection(host='localhost', port=60760): Failed to establish a new connection: [WinError 10061] No connection could be made because the target machine actively refused it")': /session/f2223f0955355579fee30d67eb2ea273
09/11/2026 01:53:04 PM: INFO: ******* SearchCustomerByName_005 *********
09/11/2026 01:53:09 PM: INFO: *********** Login Successful **********
09/11/2026 01:53:09 PM: INFO: ********** Starting SearchCustomerByName_005 **********
09/11/2026 01:53:12 PM: INFO: ******** Customers page opened ********
09/11/2026 01:53:12 PM: INFO: ******** Searching customer by Name ***********
09/11/2026 01:53:12 PM: INFO: ******** TC_SearchCustomerByName_005 Finished **********
09/11/2026 01:53:17 PM: INFO: *****SearchVendorByName_013*****
09/11/2026 01:53:21 PM: INFO: ***********Login Successful**********
09/11/2026 01:53:21 PM: INFO: **********Starting SearchVendorByName_013**********
09/11/2026 01:53:24 PM: INFO: ******** searching vendor by Email***********
09/11/2026 01:53:27 PM: INFO: ********TC_SearchvendorrByEmail_014 Finished**********
09/11/2026 01:53:32 PM: INFO: *****SearchVendorByName_013*****
09/11/2026 01:53:38 PM: INFO: ***********Login Successful**********
09/11/2026 01:53:38 PM: INFO: **********Starting SearchVendorByName_013**********
09/11/2026 01:53:39 PM: INFO: ******** searching vendor by Name***********
09/11/2026 01:53:39 PM: INFO: Selected Vendor Name: Vendor1
09/11/2026 01:53:39 PM: INFO: *******Searching Vendor by Name: {vendor_name}********
09/11/2026 01:53:43 PM: INFO: ********TC_SearchvendorrByName_013 Finished**********
09/11/2026 01:53:48 PM: INFO: ***** SearchActivityDate_016 *****
09/11/2026 01:53:52 PM: INFO: *********** Login Successful **********
09/11/2026 01:53:52 PM: INFO: ********** Starting SearchActivityDate_016 **********
09/11/2026 01:53:56 PM: INFO: Activity log rows found: 15
09/11/2026 01:54:00 PM: INFO: *****SearchActivityIP_017*****
09/11/2026 01:54:04 PM: INFO: ***********Login Successful**********
09/11/2026 01:54:04 PM: INFO: **********Starting SearchActivityIP_017**********
09/11/2026 01:54:12 PM: INFO: *****SearchActivity_LogType_018*****
09/11/2026 01:54:16 PM: INFO: ***********Login Successful**********
09/11/2026 01:54:16 PM: INFO: **********Starting SearchActivity_LogType_018**********
09/11/2026 01:54:25 PM: INFO: *****SearchCustomer_RoleAdministrator_021*****
09/11/2026 01:54:29 PM: INFO: ***********Login Successful**********
09/11/2026 01:54:33 PM: INFO: Administrator search result count: 1
09/11/2026 01:54:37 PM: INFO: *****SearchCustomer_RoleForumModerator_023*****
09/11/2026 01:54:42 PM: INFO: ***********Login Successful**********
09/11/2026 01:54:47 PM: INFO: Forum Moderator search result count: 1
09/11/2026 01:54:51 PM: INFO: *****SearchCustomer_Role_Guests_024*****
09/11/2026 01:54:57 PM: INFO: ***********Login Successful**********
09/11/2026 01:54:57 PM: INFO: ********Starting_SearchGuest_Role_024******
09/11/2026 01:54:59 PM: INFO: Normal table customer count: 15
09/11/2026 01:55:01 PM: INFO: Guests search result count: 15
09/11/2026 01:55:06 PM: INFO: *****Test_SearchProductByName_029*****
09/11/2026 01:55:09 PM: INFO: *****Login Successful******
09/11/2026 01:55:09 PM: INFO: *****Staring Search Product By Name test*****
09/11/2026 01:55:37 PM: INFO: *****Test_SearchProductBySKU_030*****
09/11/2026 01:55:42 PM: INFO: *****Login Successful******
09/11/2026 01:55:42 PM: INFO: *****Staring Search Product By SKU test*****
09/11/2026 01:56:11 PM: INFO: ********** Test_SearchProductByVendor_031 Started **********
09/11/2026 01:56:15 PM: INFO: Application URL opened: https://localhost:59579/admin
09/11/2026 01:56:15 PM: INFO: ********** Login Successful **********
09/11/2026 01:56:18 PM: INFO: ********** Products page opened successfully **********
09/11/2026 01:56:19 PM: INFO: ********** Product search performed for Vendor1 **********
09/11/2026 01:56:19 PM: INFO: ********** 'No data available in table' validated **********
09/11/2026 01:56:19 PM: INFO: ********** 'No records' validated **********
09/11/2026 01:56:19 PM: INFO: ********** Test_SearchProductByVendor_031 Passed **********
09/11/2026 01:56:23 PM: INFO: *****SearchCustomer_RoleRegistered_022*****
09/11/2026 01:56:27 PM: INFO: ***********Login Successful**********
09/11/2026 01:56:31 PM: INFO: Normal table customer count: 15
09/11/2026 01:56:32 PM: INFO: Registered search result count: 2
09/11/2026 01:56:37 PM: INFO: *****SearchCustomer_Role_Vendors_025*****
09/11/2026 01:56:41 PM: INFO: ***********Login Successful**********
09/11/2026 01:56:41 PM: INFO: ********Starting_SearchVendor_Role_025******
09/11/2026 01:56:44 PM: INFO: Normal table customer count: 15
09/11/2026 01:56:46 PM: INFO: Vendor search result count: 0
09/11/2026 01:57:55 PM: INFO: *****Test_EditProduct_031*****
09/11/2026 01:57:59 PM: INFO: *****Login Successful******
09/11/2026 01:57:59 PM: INFO: *****Staring Edit Product test*****
09/11/2026 02:01:19 PM: INFO: ***** Test_EditProduct_032 *****
09/11/2026 02:01:24 PM: INFO: ***** Login Successful *****
09/11/2026 02:01:24 PM: INFO: ***** Starting Edit Product test *****
09/11/2026 02:01:29 PM: INFO: ***** Edit page opened for: Test Product 2219 *****
09/11/2026 02:01:30 PM: INFO: ***** Product details updated: SKU=SKU64529, Price=999 *****
09/11/2026 02:01:30 PM: INFO: ***** Save button clicked *****
09/11/2026 02:01:31 PM: INFO: ***** Product updated successfully *****
09/11/2026 02:02:39 PM: INFO: ******* Deleting Customer *******
09/11/2026 02:02:43 PM: INFO: ******* Login Successful *****
09/11/2026 02:02:47 PM: INFO: ******* Customers page opened *******
09/11/2026 02:02:50 PM: INFO: ******* Edit Customer button clicked *******
09/11/2026 02:02:52 PM: INFO: ******* Edit Customer page opened successfully *******
09/11/2026 02:02:52 PM: INFO: ******* Delete Customer button clicked *******
09/11/2026 02:03:04 PM: INFO: ******* Delete confirmation accepted *******
09/11/2026 02:03:04 PM: INFO: ********* Delete Customer test passed **********
09/11/2026 02:03:05 PM: INFO: ****** Ending Delete Customer Test *******
09/11/2026 02:03:09 PM: INFO: *****Test_DeleteProduct_Select_033*****
09/11/2026 02:03:14 PM: INFO: *****Login Successful******
09/11/2026 02:03:14 PM: INFO: *****Starting Delete Selected Product test*****
09/11/2026 02:03:17 PM: INFO: ***** Product 'Test Product 7385' was deleted successfully *****
09/11/2026 02:03:21 PM: INFO: *****Test_DeleteProduct_032*****
09/11/2026 02:03:25 PM: INFO: *****Login Successful******
09/11/2026 02:03:25 PM: INFO: *****Staring Delete Product test*****
09/11/2026 02:03:31 PM: INFO: ***** Product deleted successfully *****
09/11/2026 02:03:50 PM: INFO: ******* Editing Customer *******
09/11/2026 02:03:57 PM: INFO: ******* Login Successful *****
09/11/2026 02:03:58 PM: INFO: ******* Customers page opened *******
09/11/2026 02:03:59 PM: INFO: ******* Edit Customer button clicked *******
09/11/2026 02:03:59 PM: INFO: ******* Edit Customer page opened successfully *******
09/11/2026 02:04:00 PM: INFO: ********* Edit Customer test passed **********
09/11/2026 02:04:01 PM: INFO: ****** Ending Edit Customer Test *******
09/11/2026 02:04:04 PM: INFO: ***** Test_EditProduct_032 *****
09/11/2026 02:04:08 PM: INFO: ***** Login Successful *****
09/11/2026 02:04:08 PM: INFO: ***** Starting Edit Product test *****
09/11/2026 02:04:13 PM: INFO: ***** Edit page opened for: Test Product 2219 *****
09/11/2026 02:04:13 PM: INFO: ***** Product details updated: SKU=SKU64529, Price=999 *****
09/11/2026 02:04:14 PM: INFO: ***** Save button clicked *****
09/11/2026 02:04:14 PM: INFO: ***** Product updated successfully *****
09/11/2026 02:04:19 PM: INFO: ******* Test_EditVendor_015 *******
09/11/2026 02:04:22 PM: INFO: *********** Login Successful **********
09/11/2026 02:04:26 PM: INFO: ******** Starting Edit Vendor Test ********
09/11/2026 02:04:28 PM: INFO: Vendor selected for editing: Vendor1
09/11/2026 02:04:28 PM: INFO: Vendor 'Vendor1' found successfully
09/11/2026 02:04:33 PM: INFO: ******VerifyActivityTypeDisplayed******
09/11/2026 02:04:37 PM: INFO: ***********Login Successful**********
09/11/2026 02:04:37 PM: INFO: ********Starting Verify Activity Type**********
09/11/2026 02:04:40 PM: INFO: fActivity Type '{activity_name}' Status: {result}
09/11/2026 02:04:40 PM: INFO: fActivity Type '{activity_name}' Status: {result}
09/11/2026 02:04:44 PM: INFO: ********** Test_003_AddCustomer **********
09/11/2026 02:04:48 PM: INFO: ********* Login Successful **********
09/11/2026 02:04:48 PM: INFO: ********* Starting Add Customer Test *********
09/11/2026 02:04:51 PM: INFO: ******** Providing customer information ********
09/11/2026 02:04:53 PM: INFO: ******** Customer information provided ********
09/11/2026 02:04:54 PM: INFO: ******** Saving customer information ********
09/11/2026 02:04:54 PM: INFO: Success message: ×
The new customer has been added successfully.
09/11/2026 02:04:54 PM: INFO: ******** Customer added successfully ********
09/11/2026 02:04:54 PM: INFO: ******** Verifying customer in Customers grid ********
09/11/2026 02:05:09 PM: INFO: ******** Customers page opened ********
09/11/2026 02:05:10 PM: INFO: ******** Searching for zvr9k522@gmail.com ********
09/11/2026 02:05:10 PM: INFO: ******** Customer found in Customers grid ********
09/11/2026 02:05:10 PM: INFO: ******** Add customer test passed ********
09/11/2026 02:05:15 PM: INFO: *****Test_AddProduct_028*****
09/11/2026 02:05:19 PM: INFO: *****Login Successful******
09/11/2026 02:05:19 PM: INFO: *****Staring Add Product test*****
09/11/2026 02:05:24 PM: INFO: *****Providing product details*******
09/11/2026 02:05:32 PM: INFO: ******* Test_012_AddVendor *******
09/11/2026 02:05:36 PM: INFO: ***** Login Successfully *****
09/11/2026 02:05:36 PM: INFO: ****** Starting Add Vendor Test ******
09/11/2026 02:05:40 PM: INFO: ****** Providing Vendor Info ******
09/11/2026 02:05:42 PM: INFO: After Save URL: https://localhost:59579/Admin/Vendor/List
09/11/2026 02:05:42 PM: INFO: ******Vendor added successfully******
09/11/2026 02:05:46 PM: INFO: *** Test_BulkEditProductSaveAll_035 ***
09/11/2026 02:05:50 PM: INFO: ***** Login Successful *****
09/11/2026 02:05:50 PM: INFO: ***** Starting Bulk Edit Product Save All Test *****
09/11/2026 02:05:55 PM: INFO: Product Name: Test Product 6576
09/11/2026 02:05:55 PM: INFO: SKU: SKU 20461
09/11/2026 02:05:55 PM: INFO: New Price: 2000
09/11/2026 02:05:55 PM: INFO: Old Price: 1000
09/11/2026 02:05:55 PM: INFO: Stock Quantity: 1000
09/11/2026 02:05:56 PM: INFO: Bulk Edit Save All completed
09/11/2026 02:05:59 PM: INFO: Product 'Test Product 6576' successfully found in Products table
09/11/2026 02:06:04 PM: INFO: *** Test_BulkEditProductSaveSelected_036 ***
09/11/2026 02:06:08 PM: INFO: ***** Login Successful *****
09/11/2026 02:06:13 PM: INFO: Product Name: Test Product 3079
09/11/2026 02:06:13 PM: INFO: SKU: SKU 55475
09/11/2026 02:06:13 PM: INFO: New Price: 2000
09/11/2026 02:06:13 PM: INFO: Old Price: 1000
09/11/2026 02:06:13 PM: INFO: Stock Quantity: 1000
09/11/2026 02:06:15 PM: INFO: Product 'Test Product 3079' selected
09/11/2026 02:06:17 PM: INFO: Save Selected completed
09/11/2026 02:06:19 PM: INFO: Returned to Products List
09/11/2026 02:06:19 PM: INFO: Searching for product 'Test Product 3079'
09/11/2026 02:06:19 PM: INFO: Product 'Test Product 3079' successfully found in Products table
09/11/2026 02:06:24 PM: INFO: ***** Test_BulkEditProductSearchProductName_036*****
09/11/2026 02:06:28 PM: INFO: ***** Login Successful *****
09/11/2026 02:06:28 PM: INFO: ***** Starting Bulk Edit Product Search Product Name Test *****
09/11/2026 02:06:52 PM: INFO: ***** Test_BulkEditProductSearchProductType_038*****
09/11/2026 02:06:56 PM: INFO: ***** Login Successful *****
09/11/2026 02:06:56 PM: INFO: ***** Starting Bulk Edit Product Search Product Type Test *****
09/11/2026 02:07:06 PM: INFO: ***** Test_BulkEditProductSearchPublishType_039*****
09/11/2026 02:07:10 PM: INFO: ***** Login Successful *****
09/11/2026 02:07:10 PM: INFO: ***** Starting Bulk Edit Product Search Publish Type Test *****
09/11/2026 02:07:20 PM: INFO: ***** Test_BulkEditProductSearchVendor_037*****
09/11/2026 02:07:26 PM: INFO: ***** Login Successful *****
09/11/2026 02:07:26 PM: INFO: ***** Starting Bulk Edit Product Search Vendor Test *****
09/11/2026 02:07:34 PM: INFO: *****Clear_ActivityLogs_020*****
09/11/2026 02:07:40 PM: INFO: ***********Login Successful**********
09/11/2026 02:07:40 PM: INFO: **********Starting Clear_ActivityLogs_020**********
09/11/2026 02:07:42 PM: INFO: **********Clear_ActivityLogs_020 completed**********
09/11/2026 02:07:46 PM: INFO: *****Delete_SingleActivity_019*****
09/11/2026 02:07:50 PM: INFO: ***********Login Successful**********
09/11/2026 02:07:50 PM: INFO: **********Starting Delete_SingleActivity_019**********
09/11/2026 02:07:53 PM: INFO: Customers available for export: 15
09/11/2026 02:07:53 PM: INFO: ******Customers exported successfully*******
09/11/2026 02:07:56 PM: INFO: Activity Log records found: 15
09/11/2026 02:07:56 PM: INFO: ******Activity Log delete clicked*******
09/11/2026 02:08:01 PM: INFO: ******* Exporting All Customers to Excel *******
09/11/2026 02:08:04 PM: INFO: ******* Download directory: C:\Users\hp\PycharmProjects\Python_Selenium_Hybrid\downloads *******
09/11/2026 02:08:05 PM: INFO: ******* Login Successful *****
09/11/2026 02:08:05 PM: INFO: ****** Starting Export All Customers *******
09/11/2026 02:08:08 PM: INFO: ****** Customers page opened ******
09/11/2026 02:08:11 PM: INFO: ******* Export All Customers Excel button clicked *******
09/11/2026 02:08:13 PM: INFO: ******* Excel Downloaded Successfully: customers.xlsx *******
09/11/2026 02:08:13 PM: INFO: ******* Excel File Verification Successful *******
09/11/2026 02:08:18 PM: INFO: ******* Exporting All Customers to XML *******
09/11/2026 02:08:22 PM: INFO: ******* Download directory: C:\Users\hp\PycharmProjects\Python_Selenium_Hybrid\downloads *******
09/11/2026 02:08:22 PM: INFO: ******* Login Successful *****
09/11/2026 02:08:22 PM: INFO: ****** Starting Export All Customers *******
09/11/2026 02:08:25 PM: INFO: ****** Customers page opened ******
09/11/2026 02:08:28 PM: INFO: ******* Export All Customers XML button clicked *******
09/11/2026 02:08:29 PM: INFO: ******* XML Downloaded Successfully: customers.xml *******
09/11/2026 02:08:29 PM: INFO: ******* XML File Verification Successful *******
09/11/2026 02:08:34 PM: INFO: ******* Exporting Selected Customers to Excel *******
09/11/2026 02:08:37 PM: INFO: ******* Download directory: C:\Users\hp\PycharmProjects\Python_Selenium_Hybrid\downloads *******
09/11/2026 02:08:38 PM: INFO: ******* Login Successful *****
09/11/2026 02:08:38 PM: INFO: ****** Navigating to Customers ******
09/11/2026 02:08:42 PM: INFO: ****** Customers page opened ******
09/11/2026 02:08:45 PM: INFO: ******* Customers Selected Successfully *******
09/11/2026 02:08:47 PM: INFO: ******* Export Selected Excel button clicked *******
09/11/2026 02:08:51 PM: INFO: ******* Excel Downloaded Successfully: customers.xlsx *******
09/11/2026 02:08:51 PM: INFO: ******* Excel File Verification Successful *******
09/11/2026 02:09:00 PM: INFO: ******* Exporting Selected Customers to XML *******
09/11/2026 02:09:03 PM: INFO: ******* Download directory: C:\Users\hp\PycharmProjects\Python_Selenium_Hybrid\downloads *******
09/11/2026 02:09:08 PM: INFO: ******* Login Successful *****
09/11/2026 02:09:08 PM: INFO: ****** Navigating to Customers ******
09/11/2026 02:09:10 PM: INFO: ****** Customers page opened ******
09/11/2026 02:09:16 PM: INFO: ******* Customers Selected Successfully *******
09/11/2026 02:09:19 PM: INFO: ******* Export Selected XML button clicked *******
09/11/2026 02:09:23 PM: INFO: ******* XML Downloaded Successfully: customers.xml *******
09/11/2026 02:09:23 PM: INFO: ******* XML File Verification Successful *******
09/11/2026 02:09:32 PM: INFO: ********Verify Login Test********
09/11/2026 02:09:40 PM: INFO: ********Login test Passed********
09/11/2026 02:09:45 PM: INFO: **********Test_002_DDT_Login********
09/11/2026 02:09:45 PM: INFO: ********Verify Login DDT Test********
09/11/2026 02:09:51 PM: INFO: Row 2: *****Test Passed*****
09/11/2026 02:09:55 PM: INFO: Row 3: *****Test Passed*****
09/11/2026 02:09:58 PM: INFO: Row 4: *****Test Passed*****
09/11/2026 02:10:01 PM: INFO: Row 5: *****Test Passed*****
09/11/2026 02:10:04 PM: INFO: Row 6: *****Test Passed*****
09/11/2026 02:10:04 PM: INFO: ****Login DDT Test Passed****
09/11/2026 02:10:04 PM: INFO: ****End of Login DDT Test****
09/11/2026 02:10:04 PM: INFO: *****Completed TC_LoginDDT_002******
09/11/2026 02:10:10 PM: INFO: ******* SearchCustomerByEmail_004 *********
09/11/2026 02:10:17 PM: INFO: *********** Login Successful **********
09/11/2026 02:10:17 PM: INFO: ********** Starting SearchCustomerByEmail_004 **********
09/11/2026 02:10:23 PM: INFO: ******** Searching customer by email ID ***********
09/11/2026 02:10:29 PM: INFO: ******** Customer found successfully ********
09/11/2026 02:10:29 PM: INFO: ******** TC_SearchCustomerByEmail_004 Finished **********
09/11/2026 02:10:36 PM: WARNING: Retrying (Retry(total=2, connect=None, read=None, redirect=None, status=None)) after connection broken by 'NewConnectionError("HTTPConnection(host='localhost', port=65123): Failed to establish a new connection: [WinError 10061] No connection could be made because the target machine actively refused it")': /session/2d111c24a8b1bbdc33788c0ccdc0323b
09/11/2026 02:10:40 PM: WARNING: Retrying (Retry(total=1, connect=None, read=None, redirect=None, status=None)) after connection broken by 'NewConnectionError("HTTPConnection(host='localhost', port=65123): Failed to establish a new connection: [WinError 10061] No connection could be made because the target machine actively refused it")': /session/2d111c24a8b1bbdc33788c0ccdc0323b
09/11/2026 02:10:44 PM: WARNING: Retrying (Retry(total=0, connect=None, read=None, redirect=None, status=None)) after connection broken by 'NewConnectionError("HTTPConnection(host='localhost', port=65123): Failed to establish a new connection: [WinError 10061] No connection could be made because the target machine actively refused it")': /session/2d111c24a8b1bbdc33788c0ccdc0323b
09/11/2026 02:10:54 PM: INFO: ******* SearchCustomerByName_005 *********
09/11/2026 02:11:03 PM: INFO: *********** Login Successful **********
09/11/2026 02:11:03 PM: INFO: ********** Starting SearchCustomerByName_005 **********
09/11/2026 02:11:06 PM: INFO: ******** Customers page opened ********
09/11/2026 02:11:06 PM: INFO: ******** Searching customer by Name ***********
09/11/2026 02:11:12 PM: INFO: ******** TC_SearchCustomerByName_005 Finished **********
09/11/2026 02:11:19 PM: INFO: *****SearchVendorByName_013*****
09/11/2026 02:11:30 PM: INFO: ***********Login Successful**********
09/11/2026 02:11:30 PM: INFO: **********Starting SearchVendorByName_013**********
09/11/2026 02:11:32 PM: INFO: ******** searching vendor by Email***********
09/11/2026 02:11:36 PM: INFO: ********TC_SearchvendorrByEmail_014 Finished**********
09/11/2026 02:11:43 PM: INFO: *****SearchVendorByName_013*****
09/11/2026 02:11:47 PM: INFO: ***********Login Successful**********
09/11/2026 02:11:47 PM: INFO: **********Starting SearchVendorByName_013**********
09/11/2026 02:11:51 PM: INFO: ******** searching vendor by Name***********
09/11/2026 02:11:52 PM: INFO: Selected Vendor Name: Vendor1
09/11/2026 02:11:52 PM: INFO: *******Searching Vendor by Name: {vendor_name}********
09/11/2026 02:11:55 PM: INFO: ********TC_SearchvendorrByName_013 Finished**********
09/11/2026 02:12:02 PM: INFO: ***** SearchActivityDate_016 *****
09/11/2026 02:12:10 PM: INFO: *********** Login Successful **********
09/11/2026 02:12:10 PM: INFO: ********** Starting SearchActivityDate_016 **********
09/11/2026 02:12:14 PM: INFO: Activity log rows found: 15
09/11/2026 02:12:21 PM: INFO: *****SearchActivityIP_017*****
09/11/2026 02:12:27 PM: INFO: ***********Login Successful**********
09/11/2026 02:12:27 PM: INFO: **********Starting SearchActivityIP_017**********
09/11/2026 02:12:40 PM: INFO: *****SearchActivity_LogType_018*****
09/11/2026 02:12:53 PM: INFO: ***********Login Successful**********
09/11/2026 02:12:53 PM: INFO: **********Starting SearchActivity_LogType_018**********
09/11/2026 02:13:08 PM: INFO: *****SearchCustomer_RoleAdministrator_021*****
09/11/2026 02:13:13 PM: INFO: ***********Login Successful**********
09/11/2026 02:13:24 PM: INFO: Administrator search result count: 1
09/11/2026 02:13:33 PM: INFO: *****SearchCustomer_RoleForumModerator_023*****
09/11/2026 02:13:42 PM: INFO: ***********Login Successful**********
09/11/2026 02:13:49 PM: INFO: Forum Moderator search result count: 1
09/11/2026 02:13:55 PM: INFO: *****SearchCustomer_Role_Guests_024*****
09/11/2026 02:14:07 PM: INFO: ***********Login Successful**********
09/11/2026 02:14:07 PM: INFO: ********Starting_SearchGuest_Role_024******
09/11/2026 02:14:13 PM: INFO: Normal table customer count: 15
09/11/2026 02:14:17 PM: INFO: Guests search result count: 15
09/11/2026 02:14:24 PM: INFO: *****Test_SearchProductByName_029*****
09/11/2026 02:14:33 PM: INFO: *****Login Successful******
09/11/2026 02:14:33 PM: INFO: *****Staring Search Product By Name test*****
09/11/2026 02:15:06 PM: INFO: *****Test_SearchProductBySKU_030*****
09/11/2026 02:15:16 PM: INFO: *****Login Successful******
09/11/2026 02:15:16 PM: INFO: *****Staring Search Product By SKU test*****
09/11/2026 02:15:39 PM: INFO: ********** Test_SearchProductByVendor_031 Started **********
09/11/2026 02:15:42 PM: INFO: Application URL opened: https://localhost:59579/admin
09/11/2026 02:15:50 PM: INFO: ********** Login Successful **********
09/11/2026 02:15:52 PM: INFO: ********** Products page opened successfully **********
09/11/2026 02:15:55 PM: INFO: ********** Product search performed for Vendor1 **********
09/11/2026 02:15:55 PM: INFO: ********** 'No data available in table' validated **********
09/11/2026 02:15:55 PM: INFO: ********** 'No records' validated **********
09/11/2026 02:15:55 PM: INFO: ********** Test_SearchProductByVendor_031 Passed **********
09/11/2026 02:16:02 PM: INFO: *****SearchCustomer_RoleRegistered_022*****
09/11/2026 02:16:07 PM: INFO: ***********Login Successful**********
09/11/2026 02:16:14 PM: INFO: Normal table customer count: 15
09/11/2026 02:16:16 PM: INFO: Registered search result count: 2
09/11/2026 02:16:23 PM: INFO: *****SearchCustomer_Role_Vendors_025*****
09/11/2026 02:16:26 PM: INFO: ***********Login Successful**********
09/11/2026 02:16:26 PM: INFO: ********Starting_SearchVendor_Role_025******
09/11/2026 02:16:31 PM: INFO: Normal table customer count: 15
09/11/2026 02:16:32 PM: INFO: Vendor search result count: 0
09/11/2026 02:38:26 PM: INFO: ***** Test_SearchProductByName_029 *****
09/11/2026 02:38:30 PM: INFO: ***** Login Successful *****
09/11/2026 02:38:30 PM: INFO: ***** Starting Search Product By Name Test *****
09/11/2026 02:38:34 PM: INFO: Product 'Test Product 2219' found successfully
09/11/2026 02:39:02 PM: INFO: ***** Test_BulkEditSearchProductName_037 *****
09/11/2026 02:39:08 PM: INFO: ***** Login Successful *****
09/11/2026 02:39:08 PM: INFO: ***** Starting Bulk Edit Product Search By Name Test *****
09/11/2026 02:39:13 PM: INFO: Product 'Test Product 2219' displayed successfully
09/11/2026 02:39:39 PM: INFO: ******* Deleting Customer *******
09/11/2026 02:39:52 PM: INFO: ******* Login Successful *****
09/11/2026 02:39:54 PM: INFO: ******* Customers page opened *******
09/11/2026 02:39:59 PM: INFO: ******* Edit Customer button clicked *******
09/11/2026 02:40:01 PM: INFO: ******* Edit Customer page opened successfully *******
09/11/2026 02:40:02 PM: INFO: ******* Delete Customer button clicked *******
09/11/2026 02:40:13 PM: INFO: ******* Delete confirmation accepted *******
09/11/2026 02:40:13 PM: INFO: ********* Delete Customer test passed **********
09/11/2026 02:40:14 PM: INFO: ****** Ending Delete Customer Test *******
09/11/2026 02:40:20 PM: INFO: *****Test_DeleteProduct_Select_033*****
09/11/2026 02:40:26 PM: INFO: *****Login Successful******
09/11/2026 02:40:26 PM: INFO: *****Starting Delete Selected Product test*****
09/11/2026 02:40:58 PM: INFO: *****Test_DeleteProduct_032*****
09/11/2026 02:41:09 PM: INFO: *****Login Successful******
09/11/2026 02:41:09 PM: INFO: *****Staring Delete Product test*****
09/11/2026 02:41:27 PM: INFO: ***** Product deleted successfully *****
09/11/2026 02:42:14 PM: INFO: ******* Editing Customer *******
09/11/2026 02:42:24 PM: INFO: ******* Login Successful *****
09/11/2026 02:42:28 PM: INFO: ******* Customers page opened *******
09/11/2026 02:42:33 PM: INFO: ******* Edit Customer button clicked *******
09/11/2026 02:42:33 PM: INFO: ******* Edit Customer page opened successfully *******
09/11/2026 02:42:38 PM: INFO: ********* Edit Customer test passed **********
09/11/2026 02:42:41 PM: INFO: ****** Ending Edit Customer Test *******
09/11/2026 02:42:48 PM: INFO: ***** Test_EditProduct_032 *****
09/11/2026 02:42:56 PM: INFO: ***** Login Successful *****
09/11/2026 02:42:56 PM: INFO: ***** Starting Edit Product test *****
09/11/2026 02:43:04 PM: INFO: ***** Edit page opened for: Test Product 2219 *****
09/11/2026 02:43:13 PM: INFO: ***** Product details updated: SKU=SKU64529, Price=999 *****
09/11/2026 02:43:18 PM: INFO: ***** Save button clicked *****
09/11/2026 02:43:18 PM: INFO: ***** Product updated successfully *****
09/11/2026 02:43:29 PM: INFO: ******* Test_EditVendor_015 *******
09/11/2026 02:43:34 PM: INFO: *********** Login Successful **********
09/11/2026 02:43:41 PM: INFO: ******** Starting Edit Vendor Test ********
09/11/2026 02:43:47 PM: INFO: Vendor selected for editing: Vendor1
09/11/2026 02:43:48 PM: INFO: Vendor 'Vendor1' found successfully
09/11/2026 02:43:56 PM: INFO: ******VerifyActivityTypeDisplayed******
09/11/2026 02:44:05 PM: INFO: ***********Login Successful**********
09/11/2026 02:44:05 PM: INFO: ********Starting Verify Activity Type**********
09/11/2026 02:44:08 PM: INFO: fActivity Type '{activity_name}' Status: {result}
09/11/2026 02:44:08 PM: INFO: fActivity Type '{activity_name}' Status: {result}
09/11/2026 02:44:14 PM: INFO: ********** Test_003_AddCustomer **********
09/11/2026 02:44:23 PM: INFO: ********* Login Successful **********
09/11/2026 02:44:23 PM: INFO: ********* Starting Add Customer Test *********
09/11/2026 02:44:29 PM: INFO: ******** Providing customer information ********
09/11/2026 02:44:34 PM: INFO: ******** Customer information provided ********
09/11/2026 02:44:36 PM: INFO: ******** Saving customer information ********
09/11/2026 02:44:36 PM: INFO: Success message: ×
The new customer has been added successfully.
09/11/2026 02:44:36 PM: INFO: ******** Customer added successfully ********
09/11/2026 02:44:36 PM: INFO: ******** Verifying customer in Customers grid ********
09/11/2026 02:44:53 PM: INFO: ******** Customers page opened ********
09/11/2026 02:44:54 PM: INFO: ******** Searching for l44ql5l9@gmail.com ********
09/11/2026 02:44:54 PM: INFO: ******** Customer found in Customers grid ********
09/11/2026 02:44:54 PM: INFO: ******** Add customer test passed ********
09/11/2026 02:45:00 PM: INFO: *****Test_AddProduct_028*****
09/11/2026 02:45:13 PM: INFO: *****Login Successful******
09/11/2026 02:45:13 PM: INFO: *****Staring Add Product test*****
09/11/2026 02:45:18 PM: INFO: *****Providing product details*******
09/11/2026 02:45:38 PM: INFO: ******* Test_012_AddVendor *******
09/11/2026 02:45:48 PM: INFO: ***** Login Successfully *****
09/11/2026 02:45:48 PM: INFO: ****** Starting Add Vendor Test ******
09/11/2026 02:45:54 PM: INFO: ****** Providing Vendor Info ******
09/11/2026 02:46:05 PM: INFO: After Save URL: https://localhost:59579/Admin/Vendor/List
09/11/2026 02:46:05 PM: INFO: ******Vendor added successfully******
09/11/2026 02:46:13 PM: INFO: *** Test_BulkEditProductSaveAll_035 ***
09/11/2026 02:46:18 PM: INFO: ***** Login Successful *****
09/11/2026 02:46:18 PM: INFO: ***** Starting Bulk Edit Product Save All Test *****
09/11/2026 02:46:32 PM: INFO: Product Name: Test Product 5941
09/11/2026 02:46:32 PM: INFO: SKU: SKU 20954
09/11/2026 02:46:32 PM: INFO: New Price: 2000
09/11/2026 02:46:32 PM: INFO: Old Price: 1000
09/11/2026 02:46:32 PM: INFO: Stock Quantity: 1000
09/11/2026 02:46:34 PM: INFO: Bulk Edit Save All completed
09/11/2026 02:46:37 PM: INFO: Product 'Test Product 5941' successfully found in Products table
09/11/2026 02:46:43 PM: INFO: *** Test_BulkEditProductSaveSelected_036 ***
09/11/2026 02:46:48 PM: INFO: ***** Login Successful *****
09/11/2026 02:47:05 PM: INFO: Product Name: Test Product 2802
09/11/2026 02:47:05 PM: INFO: SKU: SKU 28050
09/11/2026 02:47:05 PM: INFO: New Price: 2000
09/11/2026 02:47:05 PM: INFO: Old Price: 1000
09/11/2026 02:47:05 PM: INFO: Stock Quantity: 1000
09/11/2026 02:47:08 PM: INFO: Product 'Test Product 2802' selected
09/11/2026 02:47:10 PM: INFO: Save Selected completed
09/11/2026 02:47:12 PM: INFO: Returned to Products List
09/11/2026 02:47:12 PM: INFO: Searching for product 'Test Product 2802'
09/11/2026 02:47:13 PM: INFO: Product 'Test Product 2802' successfully found in Products table
09/11/2026 02:47:19 PM: INFO: ***** Test_BulkEditSearchProductName_037 *****
09/11/2026 02:47:24 PM: INFO: ***** Login Successful *****
09/11/2026 02:47:24 PM: INFO: ***** Starting Bulk Edit Product Search By Name Test *****
09/11/2026 02:47:52 PM: INFO: ***** Test_BulkEditProductSearchProductType_038*****
09/11/2026 02:48:02 PM: INFO: ***** Login Successful *****
09/11/2026 02:48:02 PM: INFO: ***** Starting Bulk Edit Product Search Product Type Test *****
09/11/2026 02:48:24 PM: INFO: ***** Test_BulkEditProductSearchPublishType_039*****
09/11/2026 02:48:32 PM: INFO: ***** Login Successful *****
09/11/2026 02:48:32 PM: INFO: ***** Starting Bulk Edit Product Search Publish Type Test *****
09/11/2026 02:48:42 PM: INFO: ***** Test_BulkEditProductSearchVendor_037*****
09/11/2026 02:48:46 PM: INFO: ***** Login Successful *****
09/11/2026 02:48:46 PM: INFO: ***** Starting Bulk Edit Product Search Vendor Test *****
09/11/2026 02:48:57 PM: INFO: *****Clear_ActivityLogs_020*****
09/11/2026 02:49:02 PM: INFO: ***********Login Successful**********
09/11/2026 02:49:02 PM: INFO: **********Starting Clear_ActivityLogs_020**********
09/11/2026 02:49:05 PM: INFO: **********Clear_ActivityLogs_020 completed**********
09/11/2026 02:49:09 PM: INFO: *****Delete_SingleActivity_019*****
09/11/2026 02:49:16 PM: INFO: ***********Login Successful**********
09/11/2026 02:49:16 PM: INFO: **********Starting Delete_SingleActivity_019**********
09/11/2026 02:49:18 PM: INFO: Customers available for export: 15
09/11/2026 02:49:19 PM: INFO: ******Customers exported successfully*******
09/11/2026 02:49:22 PM: INFO: Activity Log records found: 15
09/11/2026 02:49:23 PM: INFO: ******Activity Log delete clicked*******
09/11/2026 02:49:33 PM: INFO: ******* Exporting All Customers to Excel *******
09/11/2026 02:49:38 PM: INFO: ******* Download directory: C:\Users\hp\PycharmProjects\Python_Selenium_Hybrid\downloads *******
09/11/2026 02:49:39 PM: INFO: ******* Login Successful *****
09/11/2026 02:49:39 PM: INFO: ****** Starting Export All Customers *******
09/11/2026 02:49:44 PM: INFO: ****** Customers page opened ******
09/11/2026 02:49:51 PM: INFO: ******* Export All Customers Excel button clicked *******
09/11/2026 02:49:53 PM: INFO: ******* Excel Downloaded Successfully: customers.xlsx *******
09/11/2026 02:49:53 PM: INFO: ******* Excel File Verification Successful *******
09/11/2026 02:49:58 PM: INFO: ******* Exporting All Customers to XML *******
09/11/2026 02:50:03 PM: INFO: ******* Download directory: C:\Users\hp\PycharmProjects\Python_Selenium_Hybrid\downloads *******
09/11/2026 02:50:04 PM: INFO: ******* Login Successful *****
09/11/2026 02:50:04 PM: INFO: ****** Starting Export All Customers *******
09/11/2026 02:50:08 PM: INFO: ****** Customers page opened ******
09/11/2026 02:50:12 PM: INFO: ******* Export All Customers XML button clicked *******
09/11/2026 02:50:14 PM: INFO: ******* XML Downloaded Successfully: customers.xml *******
09/11/2026 02:50:14 PM: INFO: ******* XML File Verification Successful *******
09/11/2026 02:50:19 PM: INFO: ******* Exporting Selected Customers to Excel *******
09/11/2026 02:50:23 PM: INFO: ******* Download directory: C:\Users\hp\PycharmProjects\Python_Selenium_Hybrid\downloads *******
09/11/2026 02:50:24 PM: INFO: ******* Login Successful *****
09/11/2026 02:50:24 PM: INFO: ****** Navigating to Customers ******
09/11/2026 02:50:27 PM: INFO: ****** Customers page opened ******
09/11/2026 02:50:31 PM: INFO: ******* Customers Selected Successfully *******
09/11/2026 02:50:33 PM: INFO: ******* Export Selected Excel button clicked *******
09/11/2026 02:50:35 PM: INFO: ******* Excel Downloaded Successfully: customers.xlsx *******
09/11/2026 02:50:35 PM: INFO: ******* Excel File Verification Successful *******
09/11/2026 02:50:42 PM: INFO: ******* Exporting Selected Customers to XML *******
09/11/2026 02:50:47 PM: INFO: ******* Download directory: C:\Users\hp\PycharmProjects\Python_Selenium_Hybrid\downloads *******
09/11/2026 02:50:48 PM: INFO: ******* Login Successful *****
09/11/2026 02:50:48 PM: INFO: ****** Navigating to Customers ******
09/11/2026 02:50:53 PM: INFO: ****** Customers page opened ******
09/11/2026 02:50:56 PM: INFO: ******* Customers Selected Successfully *******
09/11/2026 02:50:59 PM: INFO: ******* Export Selected XML button clicked *******
09/11/2026 02:51:04 PM: INFO: ******* XML Downloaded Successfully: customers.xml *******
09/11/2026 02:51:04 PM: INFO: ******* XML File Verification Successful *******
09/11/2026 02:51:11 PM: INFO: ********Verify Login Test********
09/11/2026 02:51:19 PM: INFO: ********Login test Passed********
09/11/2026 02:51:25 PM: INFO: **********Test_002_DDT_Login********
09/11/2026 02:51:25 PM: INFO: ********Verify Login DDT Test********
09/11/2026 02:51:34 PM: INFO: Row 2: *****Test Passed*****
09/11/2026 02:51:39 PM: INFO: Row 3: *****Test Passed*****
09/11/2026 02:51:43 PM: INFO: Row 4: *****Test Passed*****
09/11/2026 02:51:47 PM: INFO: Row 5: *****Test Passed*****
09/11/2026 02:51:50 PM: INFO: Row 6: *****Test Passed*****
09/11/2026 02:51:50 PM: INFO: ****Login DDT Test Passed****
09/11/2026 02:51:55 PM: INFO: ****End of Login DDT Test****
09/11/2026 02:51:55 PM: INFO: *****Completed TC_LoginDDT_002******
09/11/2026 02:52:04 PM: INFO: ******* SearchCustomerByEmail_004 *********
09/11/2026 02:52:09 PM: INFO: *********** Login Successful **********
09/11/2026 02:52:09 PM: INFO: ********** Starting SearchCustomerByEmail_004 **********
09/11/2026 02:52:13 PM: INFO: ******** Searching customer by email ID ***********
09/11/2026 02:52:14 PM: INFO: ******** Customer found successfully ********
09/11/2026 02:52:14 PM: INFO: ******** TC_SearchCustomerByEmail_004 Finished **********
09/11/2026 02:52:20 PM: WARNING: Retrying (Retry(total=2, connect=None, read=None, redirect=None, status=None)) after connection broken by 'NewConnectionError("HTTPConnection(host='localhost', port=52861): Failed to establish a new connection: [WinError 10061] No connection could be made because the target machine actively refused it")': /session/7e35a859ed2c8751c41752fbb91d36eb
09/11/2026 02:52:24 PM: WARNING: Retrying (Retry(total=1, connect=None, read=None, redirect=None, status=None)) after connection broken by 'NewConnectionError("HTTPConnection(host='localhost', port=52861): Failed to establish a new connection: [WinError 10061] No connection could be made because the target machine actively refused it")': /session/7e35a859ed2c8751c41752fbb91d36eb
09/11/2026 02:52:28 PM: WARNING: Retrying (Retry(total=0, connect=None, read=None, redirect=None, status=None)) after connection broken by 'NewConnectionError("HTTPConnection(host='localhost', port=52861): Failed to establish a new connection: [WinError 10061] No connection could be made because the target machine actively refused it")': /session/7e35a859ed2c8751c41752fbb91d36eb
09/11/2026 02:52:34 PM: INFO: ******* SearchCustomerByName_005 *********
09/11/2026 02:52:39 PM: INFO: *********** Login Successful **********
09/11/2026 02:52:39 PM: INFO: ********** Starting SearchCustomerByName_005 **********
09/11/2026 02:52:42 PM: INFO: ******** Customers page opened ********
09/11/2026 02:52:42 PM: INFO: ******** Searching customer by Name ***********
09/11/2026 02:52:43 PM: INFO: ******** TC_SearchCustomerByName_005 Finished **********
09/11/2026 02:52:48 PM: INFO: *****SearchVendorByName_013*****
09/11/2026 02:52:51 PM: INFO: ***********Login Successful**********
09/11/2026 02:52:51 PM: INFO: **********Starting SearchVendorByName_013**********
09/11/2026 02:52:54 PM: INFO: ******** searching vendor by Email***********
09/11/2026 02:52:58 PM: INFO: ********TC_SearchvendorrByEmail_014 Finished**********
09/11/2026 02:53:02 PM: INFO: *****SearchVendorByName_013*****
09/11/2026 02:53:06 PM: INFO: ***********Login Successful**********
09/11/2026 02:53:06 PM: INFO: **********Starting SearchVendorByName_013**********
09/11/2026 02:53:09 PM: INFO: ******** searching vendor by Name***********
09/11/2026 02:53:10 PM: INFO: Selected Vendor Name: Vendor1
09/11/2026 02:53:10 PM: INFO: *******Searching Vendor by Name: {vendor_name}********
09/11/2026 02:53:13 PM: INFO: ********TC_SearchvendorrByName_013 Finished**********
09/11/2026 02:53:17 PM: INFO: ***** SearchActivityDate_016 *****
09/11/2026 02:53:21 PM: INFO: *********** Login Successful **********
09/11/2026 02:53:21 PM: INFO: ********** Starting SearchActivityDate_016 **********
09/11/2026 02:53:25 PM: INFO: Activity log rows found: 15
09/11/2026 02:53:30 PM: INFO: *****SearchActivityIP_017*****
09/11/2026 02:53:34 PM: INFO: ***********Login Successful**********
09/11/2026 02:53:34 PM: INFO: **********Starting SearchActivityIP_017**********
09/11/2026 02:53:42 PM: INFO: *****SearchActivity_LogType_018*****
09/11/2026 02:53:46 PM: INFO: ***********Login Successful**********
09/11/2026 02:53:46 PM: INFO: **********Starting SearchActivity_LogType_018**********
09/11/2026 02:53:55 PM: INFO: *****SearchCustomer_RoleAdministrator_021*****
09/11/2026 02:53:59 PM: INFO: ***********Login Successful**********
09/11/2026 02:54:04 PM: INFO: Administrator search result count: 1
09/11/2026 02:54:08 PM: INFO: *****SearchCustomer_RoleForumModerator_023*****
09/11/2026 02:54:12 PM: INFO: ***********Login Successful**********
09/11/2026 02:54:17 PM: INFO: Forum Moderator search result count: 1
09/11/2026 02:54:21 PM: INFO: *****SearchCustomer_Role_Guests_024*****
09/11/2026 02:54:25 PM: INFO: ***********Login Successful**********
09/11/2026 02:54:25 PM: INFO: ********Starting_SearchGuest_Role_024******
09/11/2026 02:54:29 PM: INFO: Normal table customer count: 15
09/11/2026 02:54:30 PM: INFO: Guests search result count: 15
09/11/2026 02:54:35 PM: INFO: ***** Test_SearchProductByName_029 *****
09/11/2026 02:54:39 PM: INFO: ***** Login Successful *****
09/11/2026 02:54:39 PM: INFO: ***** Starting Search Product By Name Test *****
09/11/2026 02:55:08 PM: INFO: *****Test_SearchProductBySKU_030*****
09/11/2026 02:55:12 PM: INFO: *****Login Successful******
09/11/2026 02:55:12 PM: INFO: *****Staring Search Product By SKU test*****
09/11/2026 02:55:42 PM: INFO: ********** Test_SearchProductByVendor_031 Started **********
09/11/2026 02:55:45 PM: INFO: Application URL opened: https://localhost:59579/admin
09/11/2026 02:55:46 PM: INFO: ********** Login Successful **********
09/11/2026 02:55:49 PM: INFO: ********** Products page opened successfully **********
09/11/2026 02:55:50 PM: INFO: ********** Product search performed for Vendor1 **********
09/11/2026 02:55:50 PM: INFO: ********** 'No data available in table' validated **********
09/11/2026 02:55:50 PM: INFO: ********** 'No records' validated **********
09/11/2026 02:55:50 PM: INFO: ********** Test_SearchProductByVendor_031 Passed **********
09/11/2026 02:55:54 PM: INFO: *****SearchCustomer_RoleRegistered_022*****
09/11/2026 02:55:58 PM: INFO: ***********Login Successful**********
09/11/2026 02:56:02 PM: INFO: Normal table customer count: 15
09/11/2026 02:56:03 PM: INFO: Registered search result count: 2
09/11/2026 02:56:07 PM: INFO: *****SearchCustomer_Role_Vendors_025*****
09/11/2026 02:56:11 PM: INFO: ***********Login Successful**********
09/11/2026 02:56:11 PM: INFO: ********Starting_SearchVendor_Role_025******
09/11/2026 02:56:15 PM: INFO: Normal table customer count: 15
09/11/2026 02:56:16 PM: INFO: Vendor search result count: 0
09/11/2026 03:02:24 PM: INFO: *****Test_SearchProductBySKU_030*****
09/11/2026 03:02:28 PM: INFO: *****Login Successful******
09/11/2026 03:02:28 PM: INFO: *****Staring Search Product By SKU test*****
09/11/2026 03:11:48 PM: INFO: *****Test_SearchProductBySKU_030*****
09/11/2026 03:11:51 PM: INFO: *****Login Successful******
09/11/2026 03:16:13 PM: INFO: *****Test_SearchProductBySKU_030*****
09/11/2026 03:16:16 PM: INFO: *****Login Successful******
09/11/2026 03:19:48 PM: INFO: ******* Deleting Customer *******
09/11/2026 03:19:56 PM: INFO: ******* Login Successful *****
09/11/2026 03:19:58 PM: INFO: ******* Customers page opened *******
09/11/2026 03:20:01 PM: INFO: ******* Edit Customer button clicked *******
09/11/2026 03:20:03 PM: INFO: ******* Edit Customer page opened successfully *******
09/11/2026 03:20:04 PM: INFO: ******* Delete Customer button clicked *******
09/11/2026 03:20:14 PM: INFO: ******* Delete confirmation accepted *******
09/11/2026 03:20:15 PM: INFO: ********* Delete Customer test passed **********
09/11/2026 03:20:15 PM: INFO: ****** Ending Delete Customer Test *******
09/11/2026 03:20:20 PM: INFO: *****Test_DeleteProduct_Select_033*****
09/11/2026 03:20:24 PM: INFO: *****Login Successful******
09/11/2026 03:20:24 PM: INFO: *****Starting Delete Selected Product test*****
09/11/2026 03:20:30 PM: INFO: ***** Product 'Test Product 7656' was deleted successfully *****
09/11/2026 03:20:36 PM: INFO: *****Test_DeleteProduct_032*****
09/11/2026 03:20:41 PM: INFO: *****Login Successful******
09/11/2026 03:20:41 PM: INFO: *****Staring Delete Product test*****
09/11/2026 03:20:50 PM: INFO: ***** Product deleted successfully *****
09/11/2026 03:21:10 PM: INFO: ******* Editing Customer *******
09/11/2026 03:21:14 PM: INFO: ******* Login Successful *****
09/11/2026 03:21:16 PM: INFO: ******* Customers page opened *******
09/11/2026 03:21:18 PM: INFO: ******* Edit Customer button clicked *******
09/11/2026 03:21:18 PM: INFO: ******* Edit Customer page opened successfully *******
09/11/2026 03:21:19 PM: INFO: ********* Edit Customer test passed **********
09/11/2026 03:21:19 PM: INFO: ****** Ending Edit Customer Test *******
09/11/2026 03:21:23 PM: INFO: ***** Test_EditProduct_032 *****
09/11/2026 03:21:27 PM: INFO: ***** Login Successful *****
09/11/2026 03:21:27 PM: INFO: ***** Starting Edit Product test *****
09/11/2026 03:21:49 PM: INFO: ******* Test_EditVendor_015 *******
09/11/2026 03:21:55 PM: INFO: *********** Login Successful **********
09/11/2026 03:21:56 PM: INFO: ******** Starting Edit Vendor Test ********
09/11/2026 03:21:59 PM: INFO: Vendor selected for editing: Vendor1
09/11/2026 03:21:59 PM: INFO: Vendor 'Vendor1' found successfully
09/11/2026 03:22:03 PM: INFO: ******VerifyActivityTypeDisplayed******
09/11/2026 03:22:07 PM: INFO: ***********Login Successful**********
09/11/2026 03:22:07 PM: INFO: ********Starting Verify Activity Type**********
09/11/2026 03:22:11 PM: INFO: fActivity Type '{activity_name}' Status: {result}
09/11/2026 03:22:11 PM: INFO: fActivity Type '{activity_name}' Status: {result}
09/11/2026 03:22:15 PM: INFO: ********** Test_003_AddCustomer **********
09/11/2026 03:22:19 PM: INFO: ********* Login Successful **********
09/11/2026 03:22:19 PM: INFO: ********* Starting Add Customer Test *********
09/11/2026 03:22:22 PM: INFO: ******** Providing customer information ********
09/11/2026 03:22:24 PM: INFO: ******** Customer information provided ********
09/11/2026 03:22:25 PM: INFO: ******** Saving customer information ********
09/11/2026 03:22:25 PM: INFO: Success message: ×
The new customer has been added successfully.
09/11/2026 03:22:25 PM: INFO: ******** Customer added successfully ********
09/11/2026 03:22:25 PM: INFO: ******** Verifying customer in Customers grid ********
09/11/2026 03:22:41 PM: INFO: ******** Customers page opened ********
09/11/2026 03:22:42 PM: INFO: ******** Searching for 5r8jwhf7@gmail.com ********
09/11/2026 03:22:43 PM: INFO: ******** Customer found in Customers grid ********
09/11/2026 03:22:43 PM: INFO: ******** Add customer test passed ********
09/11/2026 03:22:49 PM: INFO: *****Test_AddProduct_028*****
09/11/2026 03:22:54 PM: INFO: *****Login Successful******
09/11/2026 03:22:54 PM: INFO: *****Staring Add Product test*****
09/11/2026 03:23:00 PM: INFO: *****Providing product details*******
09/11/2026 03:23:22 PM: INFO: ******* Test_012_AddVendor *******
09/11/2026 03:23:28 PM: INFO: ***** Login Successfully *****
09/11/2026 03:23:28 PM: INFO: ****** Starting Add Vendor Test ******
09/11/2026 03:23:34 PM: INFO: ****** Providing Vendor Info ******
09/11/2026 03:23:44 PM: INFO: After Save URL: https://localhost:59579/Admin/Vendor/List
09/11/2026 03:23:44 PM: INFO: ******Vendor added successfully******
09/11/2026 03:23:53 PM: INFO: *** Test_BulkEditProductSaveAll_035 ***
09/11/2026 03:24:01 PM: INFO: ***** Login Successful *****
09/11/2026 03:24:01 PM: INFO: ***** Starting Bulk Edit Product Save All Test *****
09/11/2026 03:24:17 PM: INFO: Product Name: Test Product 6658
09/11/2026 03:24:17 PM: INFO: SKU: SKU 16969
09/11/2026 03:24:17 PM: INFO: New Price: 2000
09/11/2026 03:24:17 PM: INFO: Old Price: 1000
09/11/2026 03:24:17 PM: INFO: Stock Quantity: 1000
09/11/2026 03:24:22 PM: INFO: Bulk Edit Save All completed
09/11/2026 03:24:29 PM: INFO: Product 'Test Product 6658' successfully found in Products table
09/11/2026 03:24:35 PM: INFO: *** Test_BulkEditProductSaveSelected_036 ***
09/11/2026 03:24:39 PM: INFO: ***** Login Successful *****
09/11/2026 03:24:46 PM: INFO: Product Name: Test Product 1699
09/11/2026 03:24:46 PM: INFO: SKU: SKU 71971
09/11/2026 03:24:46 PM: INFO: New Price: 2000
09/11/2026 03:24:46 PM: INFO: Old Price: 1000
09/11/2026 03:24:46 PM: INFO: Stock Quantity: 1000
09/11/2026 03:24:48 PM: INFO: Product 'Test Product 1699' selected
09/11/2026 03:24:50 PM: INFO: Save Selected completed
09/11/2026 03:24:51 PM: INFO: Returned to Products List
09/11/2026 03:24:52 PM: INFO: Searching for product 'Test Product 1699'
09/11/2026 03:24:52 PM: INFO: Product 'Test Product 1699' successfully found in Products table
09/11/2026 03:24:56 PM: INFO: ***** Test_BulkEditSearchProductName_037 *****
09/11/2026 03:25:00 PM: INFO: ***** Login Successful *****
09/11/2026 03:25:00 PM: INFO: ***** Starting Bulk Edit Product Search By Name Test *****
09/11/2026 03:25:23 PM: INFO: ***** Test_BulkEditProductSearchProductType_038*****
09/11/2026 03:25:27 PM: INFO: ***** Login Successful *****
09/11/2026 03:25:27 PM: INFO: ***** Starting Bulk Edit Product Search Product Type Test *****
09/11/2026 03:25:37 PM: INFO: ***** Test_BulkEditProductSearchPublishType_039*****
09/11/2026 03:25:41 PM: INFO: ***** Login Successful *****
09/11/2026 03:25:41 PM: INFO: ***** Starting Bulk Edit Product Search Publish Type Test *****
09/11/2026 03:25:52 PM: INFO: ***** Test_BulkEditProductSearchVendor_037*****
09/11/2026 03:25:56 PM: INFO: ***** Login Successful *****
09/11/2026 03:25:56 PM: INFO: ***** Starting Bulk Edit Product Search Vendor Test *****
09/11/2026 03:26:05 PM: INFO: *****Clear_ActivityLogs_020*****
09/11/2026 03:26:09 PM: INFO: ***********Login Successful**********
09/11/2026 03:26:09 PM: INFO: **********Starting Clear_ActivityLogs_020**********
09/11/2026 03:26:12 PM: INFO: **********Clear_ActivityLogs_020 completed**********
09/11/2026 03:26:16 PM: INFO: *****Delete_SingleActivity_019*****
09/11/2026 03:26:20 PM: INFO: ***********Login Successful**********
09/11/2026 03:26:20 PM: INFO: **********Starting Delete_SingleActivity_019**********
09/11/2026 03:26:22 PM: INFO: Customers available for export: 15
09/11/2026 03:26:23 PM: INFO: ******Customers exported successfully*******
09/11/2026 03:26:25 PM: INFO: Activity Log records found: 15
09/11/2026 03:26:25 PM: INFO: ******Activity Log delete clicked*******
09/11/2026 03:26:30 PM: INFO: ******* Exporting All Customers to Excel *******
09/11/2026 03:26:33 PM: INFO: ******* Download directory: C:\Users\hp\PycharmProjects\Python_Selenium_Hybrid\downloads *******
09/11/2026 03:26:34 PM: INFO: ******* Login Successful *****
09/11/2026 03:26:34 PM: INFO: ****** Starting Export All Customers *******
09/11/2026 03:26:37 PM: INFO: ****** Customers page opened ******
09/11/2026 03:26:41 PM: INFO: ******* Export All Customers Excel button clicked *******
09/11/2026 03:26:42 PM: INFO: ******* Excel Downloaded Successfully: customers.xlsx *******
09/11/2026 03:26:42 PM: INFO: ******* Excel File Verification Successful *******
09/11/2026 03:26:47 PM: INFO: ******* Exporting All Customers to XML *******
09/11/2026 03:26:51 PM: INFO: ******* Download directory: C:\Users\hp\PycharmProjects\Python_Selenium_Hybrid\downloads *******
09/11/2026 03:26:51 PM: INFO: ******* Login Successful *****
09/11/2026 03:26:51 PM: INFO: ****** Starting Export All Customers *******
09/11/2026 03:26:55 PM: INFO: ****** Customers page opened ******
09/11/2026 03:26:58 PM: INFO: ******* Export All Customers XML button clicked *******
09/11/2026 03:26:59 PM: INFO: ******* XML Downloaded Successfully: customers.xml *******
09/11/2026 03:26:59 PM: INFO: ******* XML File Verification Successful *******
09/11/2026 03:27:06 PM: INFO: ******* Exporting Selected Customers to Excel *******
09/11/2026 03:27:09 PM: INFO: ******* Download directory: C:\Users\hp\PycharmProjects\Python_Selenium_Hybrid\downloads *******
09/11/2026 03:27:10 PM: INFO: ******* Login Successful *****
09/11/2026 03:27:10 PM: INFO: ****** Navigating to Customers ******
09/11/2026 03:27:12 PM: INFO: ****** Customers page opened ******
09/11/2026 03:27:15 PM: INFO: ******* Customers Selected Successfully *******
09/11/2026 03:27:16 PM: INFO: ******* Export Selected Excel button clicked *******
09/11/2026 03:27:18 PM: INFO: ******* Excel Downloaded Successfully: customers.xlsx *******
09/11/2026 03:27:18 PM: INFO: ******* Excel File Verification Successful *******
09/11/2026 03:27:23 PM: INFO: ******* Exporting Selected Customers to XML *******
09/11/2026 03:27:26 PM: INFO: ******* Download directory: C:\Users\hp\PycharmProjects\Python_Selenium_Hybrid\downloads *******
09/11/2026 03:27:27 PM: INFO: ******* Login Successful *****
09/11/2026 03:27:27 PM: INFO: ****** Navigating to Customers ******
09/11/2026 03:27:29 PM: INFO: ****** Customers page opened ******
09/11/2026 03:27:32 PM: INFO: ******* Customers Selected Successfully *******
09/11/2026 03:27:33 PM: INFO: ******* Export Selected XML button clicked *******
09/11/2026 03:27:34 PM: INFO: ******* XML Downloaded Successfully: customers.xml *******
09/11/2026 03:27:34 PM: INFO: ******* XML File Verification Successful *******
09/11/2026 03:27:38 PM: INFO: ********Verify Login Test********
09/11/2026 03:27:45 PM: INFO: ********Login test Passed********
09/11/2026 03:27:49 PM: INFO: **********Test_002_DDT_Login********
09/11/2026 03:27:49 PM: INFO: ********Verify Login DDT Test********
09/11/2026 03:27:55 PM: INFO: Row 2: *****Test Passed*****
09/11/2026 03:27:59 PM: INFO: Row 3: *****Test Passed*****
09/11/2026 03:28:02 PM: INFO: Row 4: *****Test Passed*****
09/11/2026 03:28:05 PM: INFO: Row 5: *****Test Passed*****
09/11/2026 03:28:08 PM: INFO: Row 6: *****Test Passed*****
09/11/2026 03:28:08 PM: INFO: ****Login DDT Test Passed****
09/11/2026 03:28:08 PM: INFO: ****End of Login DDT Test****
09/11/2026 03:28:08 PM: INFO: *****Completed TC_LoginDDT_002******
09/11/2026 03:28:12 PM: INFO: ******* SearchCustomerByEmail_004 *********
09/11/2026 03:28:16 PM: INFO: *********** Login Successful **********
09/11/2026 03:28:16 PM: INFO: ********** Starting SearchCustomerByEmail_004 **********
09/11/2026 03:28:19 PM: INFO: ******** Searching customer by email ID ***********
09/11/2026 03:28:19 PM: INFO: ******** Customer found successfully ********
09/11/2026 03:28:19 PM: INFO: ******** TC_SearchCustomerByEmail_004 Finished **********
09/11/2026 03:28:26 PM: WARNING: Retrying (Retry(total=2, connect=None, read=None, redirect=None, status=None)) after connection broken by 'NewConnectionError("HTTPConnection(host='localhost', port=58522): Failed to establish a new connection: [WinError 10061] No connection could be made because the target machine actively refused it")': /session/cbb1e25720b143e9eb6e55e1d82ded4c
09/11/2026 03:28:30 PM: WARNING: Retrying (Retry(total=1, connect=None, read=None, redirect=None, status=None)) after connection broken by 'NewConnectionError("HTTPConnection(host='localhost', port=58522): Failed to establish a new connection: [WinError 10061] No connection could be made because the target machine actively refused it")': /session/cbb1e25720b143e9eb6e55e1d82ded4c
09/11/2026 03:28:34 PM: WARNING: Retrying (Retry(total=0, connect=None, read=None, redirect=None, status=None)) after connection broken by 'NewConnectionError("HTTPConnection(host='localhost', port=58522): Failed to establish a new connection: [WinError 10061] No connection could be made because the target machine actively refused it")': /session/cbb1e25720b143e9eb6e55e1d82ded4c
09/11/2026 03:28:40 PM: INFO: ******* SearchCustomerByName_005 *********
09/11/2026 03:28:44 PM: INFO: *********** Login Successful **********
09/11/2026 03:28:44 PM: INFO: ********** Starting SearchCustomerByName_005 **********
09/11/2026 03:28:47 PM: INFO: ******** Customers page opened ********
09/11/2026 03:28:47 PM: INFO: ******** Searching customer by Name ***********
09/11/2026 03:28:48 PM: INFO: ******** TC_SearchCustomerByName_005 Finished **********
09/11/2026 03:28:52 PM: INFO: *****SearchVendorByName_013*****
09/11/2026 03:28:56 PM: INFO: ***********Login Successful**********
09/11/2026 03:28:56 PM: INFO: **********Starting SearchVendorByName_013**********
09/11/2026 03:29:00 PM: INFO: ******** searching vendor by Email***********
09/11/2026 03:29:04 PM: INFO: ********TC_SearchvendorrByEmail_014 Finished**********
09/11/2026 03:29:08 PM: INFO: *****SearchVendorByName_013*****
09/11/2026 03:29:12 PM: INFO: ***********Login Successful**********
09/11/2026 03:29:12 PM: INFO: **********Starting SearchVendorByName_013**********
09/11/2026 03:29:15 PM: INFO: ******** searching vendor by Name***********
09/11/2026 03:29:15 PM: INFO: Selected Vendor Name: Vendor1
09/11/2026 03:29:15 PM: INFO: *******Searching Vendor by Name: {vendor_name}********
09/11/2026 03:29:18 PM: INFO: ********TC_SearchvendorrByName_013 Finished**********
09/11/2026 03:29:22 PM: INFO: ***** SearchActivityDate_016 *****
09/11/2026 03:29:26 PM: INFO: *********** Login Successful **********
09/11/2026 03:29:26 PM: INFO: ********** Starting SearchActivityDate_016 **********
09/11/2026 03:29:30 PM: INFO: Activity log rows found: 15
09/11/2026 03:29:35 PM: INFO: *****SearchActivityIP_017*****
09/11/2026 03:29:39 PM: INFO: ***********Login Successful**********
09/11/2026 03:29:39 PM: INFO: **********Starting SearchActivityIP_017**********
09/11/2026 03:29:47 PM: INFO: *****SearchActivity_LogType_018*****
09/11/2026 03:29:52 PM: INFO: ***********Login Successful**********
09/11/2026 03:29:52 PM: INFO: **********Starting SearchActivity_LogType_018**********
09/11/2026 03:30:00 PM: INFO: *****SearchCustomer_RoleAdministrator_021*****
09/11/2026 03:30:07 PM: INFO: ***********Login Successful**********
09/11/2026 03:30:09 PM: INFO: Administrator search result count: 1
09/11/2026 03:30:14 PM: INFO: *****SearchCustomer_RoleForumModerator_023*****
09/11/2026 03:30:17 PM: INFO: ***********Login Successful**********
09/11/2026 03:30:21 PM: INFO: Forum Moderator search result count: 1
09/11/2026 03:30:26 PM: INFO: *****SearchCustomer_Role_Guests_024*****
09/11/2026 03:30:30 PM: INFO: ***********Login Successful**********
09/11/2026 03:30:30 PM: INFO: ********Starting_SearchGuest_Role_024******
09/11/2026 03:30:33 PM: INFO: Normal table customer count: 15
09/11/2026 03:30:35 PM: INFO: Guests search result count: 15
09/11/2026 03:30:39 PM: INFO: ***** Test_SearchProductByName_029 *****
09/11/2026 03:30:43 PM: INFO: ***** Login Successful *****
09/11/2026 03:30:43 PM: INFO: ***** Starting Search Product By Name Test *****
09/11/2026 03:31:10 PM: INFO: *****Test_SearchProductBySKU_030*****
09/11/2026 03:31:14 PM: INFO: *****Login Successful******
09/11/2026 03:31:25 PM: INFO: ********** Test_SearchProductByVendor_031 Started **********
09/11/2026 03:31:28 PM: INFO: Application URL opened: https://localhost:59579/admin
09/11/2026 03:31:29 PM: INFO: ********** Login Successful **********
09/11/2026 03:31:31 PM: INFO: ********** Products page opened successfully **********
09/11/2026 03:31:32 PM: INFO: ********** Product search performed for Vendor1 **********
09/11/2026 03:31:32 PM: INFO: ********** 'No data available in table' validated **********
09/11/2026 03:31:32 PM: INFO: ********** 'No records' validated **********
09/11/2026 03:31:32 PM: INFO: ********** Test_SearchProductByVendor_031 Passed **********
09/11/2026 03:31:36 PM: INFO: *****SearchCustomer_RoleRegistered_022*****
09/11/2026 03:31:41 PM: INFO: ***********Login Successful**********
09/11/2026 03:31:44 PM: INFO: Normal table customer count: 15
09/11/2026 03:31:45 PM: INFO: Registered search result count: 2
09/11/2026 03:31:49 PM: INFO: *****SearchCustomer_Role_Vendors_025*****
09/11/2026 03:31:53 PM: INFO: ***********Login Successful**********
09/11/2026 03:31:53 PM: INFO: ********Starting_SearchVendor_Role_025******
09/11/2026 03:31:57 PM: INFO: Normal table customer count: 15
09/11/2026 03:31:58 PM: INFO: Vendor search result count: 0
09/11/2026 03:36:26 PM: INFO: ***** Test_SearchProductByName_029 *****
09/11/2026 03:36:32 PM: INFO: ***** Login Successful *****
09/11/2026 03:36:32 PM: INFO: ***** Starting Search Product By Name Test *****
09/11/2026 03:36:34 PM: INFO: Dynamic product selected: Test Product 6658
09/11/2026 03:36:35 PM: INFO: Product 'Test Product 6658' found successfully
09/11/2026 03:40:00 PM: INFO: ***** Test_BulkEditSearchProductName_037 *****
09/11/2026 03:40:07 PM: INFO: ***** Login Successful *****
09/11/2026 03:40:07 PM: INFO: ***** Starting Bulk Edit Product Search By Name Test *****
09/11/2026 03:41:53 PM: INFO: ***** Test_BulkEditSearchProductName_037 *****
09/11/2026 03:41:59 PM: INFO: ***** Login Successful *****
09/11/2026 03:41:59 PM: INFO: ***** Starting Bulk Edit Product Search By Name Test *****
09/11/2026 03:44:38 PM: INFO: ***** Test_BulkEditSearchProductName_037 *****
09/11/2026 03:44:47 PM: INFO: ***** Login Successful *****
09/11/2026 03:44:47 PM: INFO: ***** Starting Bulk Edit Product Search By Name Test *****
09/11/2026 03:44:51 PM: INFO: Dynamic product selected: Test Product 6658
09/11/2026 03:44:52 PM: INFO: Product 'Test Product 6658' displayed successfully
09/11/2026 05:21:37 PM: INFO: ***** Test_EditProduct_032 *****
09/11/2026 05:21:45 PM: INFO: ***** Login Successful *****
09/11/2026 05:21:45 PM: INFO: ***** Opening Catalog -> Products *****
09/11/2026 05:21:47 PM: INFO: ***** Dynamic Product Selected: Test Product 6658 *****
09/11/2026 05:21:50 PM: INFO: ***** Edit page opened for: Test Product 6658 *****
09/11/2026 05:21:50 PM: INFO: ***** Product details updated: SKU=SKU12678, Price=999 *****
09/11/2026 05:21:51 PM: INFO: ***** Save button clicked *****
09/11/2026 05:21:52 PM: INFO: ***** Product updated successfully *****
09/11/2026 05:23:33 PM: INFO: ******* Deleting Customer *******
09/11/2026 05:23:42 PM: INFO: ******* Login Successful *****
09/11/2026 05:23:45 PM: INFO: ******* Customers page opened *******
09/11/2026 05:23:50 PM: INFO: ******* Edit Customer button clicked *******
09/11/2026 05:23:54 PM: INFO: ******* Edit Customer page opened successfully *******
09/11/2026 05:23:54 PM: INFO: ******* Delete Customer button clicked *******
09/11/2026 05:24:07 PM: INFO: ******* Delete confirmation accepted *******
09/11/2026 05:24:09 PM: INFO: ********* Delete Customer test passed **********
09/11/2026 05:24:12 PM: INFO: ****** Ending Delete Customer Test *******
09/11/2026 05:24:36 PM: INFO: *****Test_DeleteProduct_Select_033*****
09/11/2026 05:24:49 PM: INFO: *****Login Successful******
09/11/2026 05:24:49 PM: INFO: *****Starting Delete Selected Product test*****
09/11/2026 05:24:55 PM: INFO: ***** Product 'Test Product 8476' was deleted successfully *****
09/11/2026 05:25:19 PM: INFO: *****Test_DeleteProduct_032*****
09/11/2026 05:25:36 PM: INFO: *****Login Successful******
09/11/2026 05:25:36 PM: INFO: *****Staring Delete Product test*****
09/11/2026 05:25:52 PM: INFO: ***** Product deleted successfully *****
09/11/2026 05:27:24 PM: INFO: ******* Editing Customer *******
09/11/2026 05:27:57 PM: INFO: ******* Login Successful *****
09/11/2026 05:28:01 PM: INFO: ******* Customers page opened *******
09/11/2026 05:28:07 PM: INFO: ******* Edit Customer button clicked *******
09/11/2026 05:28:07 PM: INFO: ******* Edit Customer page opened successfully *******
09/11/2026 05:28:16 PM: INFO: ********* Edit Customer test passed **********
09/11/2026 05:28:21 PM: INFO: ****** Ending Edit Customer Test *******
09/11/2026 05:28:43 PM: INFO: ***** Test_EditProduct_032 *****
09/11/2026 05:28:52 PM: INFO: ***** Login Successful *****
09/11/2026 05:28:52 PM: INFO: ***** Opening Catalog -> Products *****
09/11/2026 05:28:56 PM: INFO: ***** Dynamic Product Selected: Test Product 6658 *****
09/11/2026 05:29:07 PM: INFO: ***** Edit page opened for: Test Product 6658 *****
09/11/2026 05:29:10 PM: INFO: ***** Product details updated: SKU=SKU61355, Price=999 *****
09/11/2026 05:29:10 PM: INFO: ***** Save button clicked *****
09/11/2026 05:29:13 PM: INFO: ***** Product updated successfully *****
09/11/2026 05:29:39 PM: INFO: ******* Test_EditVendor_015 *******
09/11/2026 05:29:51 PM: INFO: *********** Login Successful **********
09/11/2026 05:29:57 PM: INFO: ******** Starting Edit Vendor Test ********
09/11/2026 05:30:01 PM: INFO: Vendor selected for editing: Vendor1
09/11/2026 05:30:02 PM: INFO: Vendor 'Vendor1' found successfully
09/11/2026 05:30:29 PM: INFO: ******VerifyActivityTypeDisplayed******
09/11/2026 05:30:40 PM: INFO: ***********Login Successful**********
09/11/2026 05:30:40 PM: INFO: ********Starting Verify Activity Type**********
09/11/2026 05:30:43 PM: INFO: fActivity Type '{activity_name}' Status: {result}
09/11/2026 05:30:43 PM: INFO: fActivity Type '{activity_name}' Status: {result}
09/11/2026 05:31:01 PM: INFO: ********** Test_003_AddCustomer **********
09/11/2026 05:31:07 PM: INFO: ********* Login Successful **********
09/11/2026 05:31:07 PM: INFO: ********* Starting Add Customer Test *********
09/11/2026 05:31:14 PM: INFO: ******** Providing customer information ********
09/11/2026 05:31:16 PM: INFO: ******** Customer information provided ********
09/11/2026 05:31:17 PM: INFO: ******** Saving customer information ********
09/11/2026 05:31:17 PM: INFO: Success message: ×
The new customer has been added successfully.
09/11/2026 05:31:17 PM: INFO: ******** Customer added successfully ********
09/11/2026 05:31:17 PM: INFO: ******** Verifying customer in Customers grid ********
09/11/2026 05:31:33 PM: INFO: ******** Customers page opened ********
09/11/2026 05:31:35 PM: INFO: ******** Searching for ypofhoid@gmail.com ********
09/11/2026 05:31:35 PM: INFO: ******** Customer found in Customers grid ********
09/11/2026 05:31:35 PM: INFO: ******** Add customer test passed ********
09/11/2026 05:31:49 PM: INFO: *****Test_AddProduct_028*****
09/11/2026 05:31:53 PM: INFO: *****Login Successful******
09/11/2026 05:31:53 PM: INFO: *****Staring Add Product test*****
09/11/2026 05:31:56 PM: INFO: *****Providing product details*******
09/11/2026 05:32:15 PM: INFO: ******* Test_012_AddVendor *******
09/11/2026 05:32:20 PM: INFO: ***** Login Successfully *****
09/11/2026 05:32:20 PM: INFO: ****** Starting Add Vendor Test ******
09/11/2026 05:32:25 PM: INFO: ****** Providing Vendor Info ******
09/11/2026 05:32:27 PM: INFO: After Save URL: https://localhost:59579/Admin/Vendor/List
09/11/2026 05:32:27 PM: INFO: ******Vendor added successfully******
09/11/2026 05:32:44 PM: INFO: *** Test_BulkEditProductSaveAll_035 ***
09/11/2026 05:32:50 PM: INFO: ***** Login Successful *****
09/11/2026 05:32:50 PM: INFO: ***** Starting Bulk Edit Product Save All Test *****
09/11/2026 05:33:29 PM: INFO: *** Test_BulkEditProductSaveSelected_036 ***
09/11/2026 05:33:35 PM: INFO: ***** Login Successful *****
09/11/2026 05:33:39 PM: INFO: Product Name: Test Product 9083
09/11/2026 05:33:39 PM: INFO: SKU: SKU 79377
09/11/2026 05:33:39 PM: INFO: New Price: 2000
09/11/2026 05:33:39 PM: INFO: Old Price: 1000
09/11/2026 05:33:39 PM: INFO: Stock Quantity: 1000
09/11/2026 05:33:40 PM: INFO: Product 'Test Product 9083' selected
09/11/2026 05:33:41 PM: INFO: Save Selected completed
09/11/2026 05:33:42 PM: INFO: Returned to Products List
09/11/2026 05:33:43 PM: INFO: Searching for product 'Test Product 9083'
09/11/2026 05:33:44 PM: INFO: Product 'Test Product 9083' successfully found in Products table
09/11/2026 05:33:59 PM: INFO: ***** Test_BulkEditSearchProductName_037 *****
09/11/2026 05:34:06 PM: INFO: ***** Login Successful *****
09/11/2026 05:34:06 PM: INFO: ***** Starting Bulk Edit Product Search By Name Test *****
09/11/2026 05:34:08 PM: INFO: Dynamic product selected: Test Product 6658
09/11/2026 05:34:10 PM: INFO: Product 'Test Product 6658' displayed successfully
09/11/2026 05:34:29 PM: INFO: ***** Test_BulkEditProductSearchProductType_038*****
09/11/2026 05:34:35 PM: INFO: ***** Login Successful *****
09/11/2026 05:34:35 PM: INFO: ***** Starting Bulk Edit Product Search Product Type Test *****
09/11/2026 05:34:58 PM: INFO: ***** Test_BulkEditProductSearchPublishType_039*****
09/11/2026 05:35:03 PM: INFO: ***** Login Successful *****
09/11/2026 05:35:03 PM: INFO: ***** Starting Bulk Edit Product Search Publish Type Test *****
09/11/2026 05:35:24 PM: INFO: ***** Test_BulkEditProductSearchVendor_037*****
09/11/2026 05:35:30 PM: INFO: ***** Login Successful *****
09/11/2026 05:35:30 PM: INFO: ***** Starting Bulk Edit Product Search Vendor Test *****
09/11/2026 05:36:17 PM: INFO: *****Clear_ActivityLogs_020*****
09/11/2026 05:36:29 PM: INFO: ***********Login Successful**********
09/11/2026 05:36:29 PM: INFO: **********Starting Clear_ActivityLogs_020**********
09/11/2026 05:36:33 PM: INFO: **********Clear_ActivityLogs_020 completed**********
09/11/2026 05:37:04 PM: INFO: *****Delete_SingleActivity_019*****
09/11/2026 05:37:17 PM: INFO: ***********Login Successful**********
09/11/2026 05:37:17 PM: INFO: **********Starting Delete_SingleActivity_019**********
09/11/2026 05:37:37 PM: INFO: Customers available for export: 15
09/11/2026 05:37:42 PM: INFO: ******Customers exported successfully*******
09/11/2026 05:37:48 PM: INFO: Activity Log records found: 1
09/11/2026 05:37:50 PM: INFO: ******Activity Log delete clicked*******
09/11/2026 05:38:25 PM: INFO: ******* Exporting All Customers to Excel *******
09/11/2026 05:38:28 PM: INFO: ******* Download directory: C:\Users\hp\PycharmProjects\Python_Selenium_Hybrid\downloads *******
09/11/2026 05:38:31 PM: INFO: ******* Login Successful *****
09/11/2026 05:38:31 PM: INFO: ****** Starting Export All Customers *******
09/11/2026 05:38:33 PM: INFO: ****** Customers page opened ******
09/11/2026 05:38:41 PM: INFO: ******* Export All Customers Excel button clicked *******
09/11/2026 05:38:42 PM: INFO: ******* Excel Downloaded Successfully: customers.xlsx *******
09/11/2026 05:38:42 PM: INFO: ******* Excel File Verification Successful *******
09/11/2026 05:39:16 PM: INFO: ******* Exporting All Customers to XML *******
09/11/2026 05:39:33 PM: INFO: ******* Download directory: C:\Users\hp\PycharmProjects\Python_Selenium_Hybrid\downloads *******
09/11/2026 05:39:37 PM: INFO: ******* Login Successful *****
09/11/2026 05:39:37 PM: INFO: ****** Starting Export All Customers *******
09/11/2026 05:39:47 PM: INFO: ****** Customers page opened ******
09/11/2026 05:39:56 PM: INFO: ******* Export All Customers XML button clicked *******
09/11/2026 05:39:56 PM: INFO: ******* XML Downloaded Successfully: customers.xml *******
09/11/2026 05:39:56 PM: INFO: ******* XML File Verification Successful *******
09/11/2026 05:40:32 PM: INFO: ******* Exporting Selected Customers to Excel *******
09/11/2026 05:40:34 PM: INFO: ******* Download directory: C:\Users\hp\PycharmProjects\Python_Selenium_Hybrid\downloads *******
09/11/2026 05:40:37 PM: INFO: ******* Login Successful *****
09/11/2026 05:40:37 PM: INFO: ****** Navigating to Customers ******
09/11/2026 05:40:40 PM: INFO: ****** Customers page opened ******
09/11/2026 05:40:43 PM: INFO: ******* Customers Selected Successfully *******
09/11/2026 05:40:50 PM: INFO: ******* Export Selected Excel button clicked *******
09/11/2026 05:40:51 PM: INFO: ******* Excel Downloaded Successfully: customers.xlsx *******
09/11/2026 05:40:51 PM: INFO: ******* Excel File Verification Successful *******
09/11/2026 05:41:23 PM: INFO: ******* Exporting Selected Customers to XML *******
09/11/2026 05:41:34 PM: INFO: ******* Download directory: C:\Users\hp\PycharmProjects\Python_Selenium_Hybrid\downloads *******
09/11/2026 05:41:39 PM: INFO: ******* Login Successful *****
09/11/2026 05:41:39 PM: INFO: ****** Navigating to Customers ******
09/11/2026 05:41:52 PM: INFO: ****** Customers page opened ******
09/11/2026 05:41:56 PM: INFO: ******* Customers Selected Successfully *******
09/11/2026 05:42:03 PM: INFO: ******* Export Selected XML button clicked *******
09/11/2026 05:42:03 PM: INFO: ******* XML Downloaded Successfully: customers.xml *******
09/11/2026 05:42:03 PM: INFO: ******* XML File Verification Successful *******
09/11/2026 05:42:45 PM: INFO: ********Verify Login Test********
09/11/2026 05:43:04 PM: INFO: ********Login test Passed********
09/11/2026 05:43:34 PM: INFO: **********Test_002_DDT_Login********
09/11/2026 05:43:34 PM: INFO: ********Verify Login DDT Test********
09/11/2026 05:43:48 PM: INFO: Row 2: *****Test Passed*****
09/11/2026 05:44:13 PM: INFO: ******* SearchCustomerByEmail_004 *********
09/11/2026 05:44:34 PM: INFO: *********** Login Successful **********
09/11/2026 05:44:34 PM: INFO: ********** Starting SearchCustomerByEmail_004 **********
09/11/2026 05:44:40 PM: INFO: ******** Searching customer by email ID ***********
09/11/2026 05:44:42 PM: INFO: ******** Customer found successfully ********
09/11/2026 05:44:42 PM: INFO: ******** TC_SearchCustomerByEmail_004 Finished **********
09/11/2026 05:44:52 PM: WARNING: Retrying (Retry(total=2, connect=None, read=None, redirect=None, status=None)) after connection broken by 'NewConnectionError("HTTPConnection(host='localhost', port=49608): Failed to establish a new connection: [WinError 10061] No connection could be made because the target machine actively refused it")': /session/d17a4d91-7e69-48df-8311-fb2b7045675c
09/11/2026 05:44:56 PM: WARNING: Retrying (Retry(total=1, connect=None, read=None, redirect=None, status=None)) after connection broken by 'NewConnectionError("HTTPConnection(host='localhost', port=49608): Failed to establish a new connection: [WinError 10061] No connection could be made because the target machine actively refused it")': /session/d17a4d91-7e69-48df-8311-fb2b7045675c
09/11/2026 05:45:00 PM: WARNING: Retrying (Retry(total=0, connect=None, read=None, redirect=None, status=None)) after connection broken by 'NewConnectionError("HTTPConnection(host='localhost', port=49608): Failed to establish a new connection: [WinError 10061] No connection could be made because the target machine actively refused it")': /session/d17a4d91-7e69-48df-8311-fb2b7045675c
09/11/2026 05:45:23 PM: INFO: ******* SearchCustomerByName_005 *********
09/11/2026 05:45:40 PM: INFO: *********** Login Successful **********
09/11/2026 05:45:40 PM: INFO: ********** Starting SearchCustomerByName_005 **********
09/11/2026 05:45:45 PM: INFO: ******** Customers page opened ********
09/11/2026 05:45:45 PM: INFO: ******** Searching customer by Name ***********
09/11/2026 05:45:48 PM: INFO: ******** TC_SearchCustomerByName_005 Finished **********
09/11/2026 05:46:11 PM: INFO: *****SearchVendorByName_013*****
09/11/2026 05:46:22 PM: INFO: ***********Login Successful**********
09/11/2026 05:46:22 PM: INFO: **********Starting SearchVendorByName_013**********
09/11/2026 05:46:25 PM: INFO: ******** searching vendor by Email***********
09/11/2026 05:46:30 PM: INFO: ********TC_SearchvendorrByEmail_014 Finished**********
09/11/2026 05:46:55 PM: INFO: *****SearchVendorByName_013*****
09/11/2026 05:47:05 PM: INFO: ***********Login Successful**********
09/11/2026 05:47:05 PM: INFO: **********Starting SearchVendorByName_013**********
09/11/2026 05:47:09 PM: INFO: ******** searching vendor by Name***********
09/11/2026 05:47:10 PM: INFO: Selected Vendor Name: Vendor1
09/11/2026 05:47:10 PM: INFO: *******Searching Vendor by Name: {vendor_name}********
09/11/2026 05:47:14 PM: INFO: ********TC_SearchvendorrByName_013 Finished**********
09/11/2026 05:47:37 PM: INFO: ***** SearchActivityDate_016 *****
09/11/2026 05:47:43 PM: INFO: *********** Login Successful **********
09/11/2026 05:47:43 PM: INFO: ********** Starting SearchActivityDate_016 **********
09/11/2026 05:47:47 PM: INFO: Activity log rows found: 6
09/11/2026 05:48:10 PM: INFO: *****SearchActivityIP_017*****
09/11/2026 05:48:21 PM: INFO: ***********Login Successful**********
09/11/2026 05:48:21 PM: INFO: **********Starting SearchActivityIP_017**********
09/11/2026 05:48:48 PM: INFO: *****SearchActivity_LogType_018*****
09/11/2026 05:49:00 PM: INFO: ***********Login Successful**********
09/11/2026 05:49:00 PM: INFO: **********Starting SearchActivity_LogType_018**********
09/11/2026 05:49:24 PM: INFO: *****SearchCustomer_RoleAdministrator_021*****
09/11/2026 05:49:35 PM: INFO: ***********Login Successful**********
09/11/2026 05:49:41 PM: INFO: Administrator search result count: 1
09/11/2026 05:50:08 PM: INFO: *****SearchCustomer_RoleForumModerator_023*****
09/11/2026 05:50:24 PM: INFO: ***********Login Successful**********
09/11/2026 05:50:32 PM: INFO: Forum Moderator search result count: 1
09/11/2026 05:50:51 PM: INFO: *****SearchCustomer_Role_Guests_024*****
09/11/2026 05:51:04 PM: INFO: ***********Login Successful**********
09/11/2026 05:51:04 PM: INFO: ********Starting_SearchGuest_Role_024******
09/11/2026 05:51:12 PM: INFO: Normal table customer count: 15
09/11/2026 05:51:18 PM: INFO: Guests search result count: 15
09/11/2026 05:51:43 PM: INFO: ***** Test_SearchProductByName_029 *****
09/11/2026 05:51:57 PM: INFO: ***** Login Successful *****
09/11/2026 05:51:57 PM: INFO: ***** Starting Search Product By Name Test *****
09/11/2026 05:52:03 PM: INFO: Dynamic product selected: Test Product 6658
09/11/2026 05:52:06 PM: INFO: Product 'Test Product 6658' found successfully
09/11/2026 05:52:30 PM: INFO: *****Test_SearchProductBySKU_030*****
09/11/2026 05:52:42 PM: INFO: *****Login Successful******
09/11/2026 05:53:10 PM: INFO: ********** Test_SearchProductByVendor_031 Started **********
09/11/2026 05:53:22 PM: INFO: Application URL opened: https://localhost:59579/admin
09/11/2026 05:53:25 PM: INFO: ********** Login Successful **********
09/11/2026 05:53:26 PM: INFO: ********** Products page opened successfully **********
09/11/2026 05:53:29 PM: INFO: ********** Product search performed for Vendor1 **********
09/11/2026 05:53:29 PM: INFO: ********** 'No data available in table' validated **********
09/11/2026 05:53:29 PM: INFO: ********** 'No records' validated **********
09/11/2026 05:53:29 PM: INFO: ********** Test_SearchProductByVendor_031 Passed **********
09/11/2026 05:53:44 PM: INFO: *****SearchCustomer_RoleRegistered_022*****
09/11/2026 05:53:49 PM: INFO: ***********Login Successful**********
09/11/2026 05:53:52 PM: INFO: Normal table customer count: 15
09/11/2026 05:53:52 PM: INFO: Registered search result count: 1
09/11/2026 05:54:06 PM: INFO: *****SearchCustomer_Role_Vendors_025*****
09/11/2026 05:54:12 PM: INFO: ***********Login Successful**********
09/11/2026 05:54:12 PM: INFO: ********Starting_SearchVendor_Role_025******
09/11/2026 05:54:14 PM: INFO: Normal table customer count: 15
09/11/2026 05:54:15 PM: INFO: Vendor search result count: 0
09/11/2026 05:57:24 PM: INFO: *****Test_SearchProductBySKU_030*****
09/11/2026 05:57:30 PM: INFO: *****Login Successful******
09/11/2026 05:59:24 PM: INFO: *** Test_BulkEditProductSaveAll_035 ***
09/11/2026 05:59:31 PM: INFO: ***** Login Successful *****
09/11/2026 05:59:31 PM: INFO: ***** Starting Bulk Edit Product Save All Test *****
09/11/2026 06:04:32 PM: INFO: *** Test_BulkEditProductSaveAll_035 ***
09/11/2026 06:04:41 PM: INFO: ***** Login Successful *****
09/11/2026 06:04:41 PM: INFO: ***** Starting Bulk Edit Product Save All Test *****
09/11/2026 06:04:46 PM: INFO: Product Name: Test Product 2896
09/11/2026 06:04:46 PM: INFO: SKU: SKU 71737
09/11/2026 06:04:46 PM: INFO: New Price: 2000
09/11/2026 06:04:46 PM: INFO: Old Price: 1000
09/11/2026 06:04:46 PM: INFO: Stock Quantity: 1000
09/11/2026 06:04:47 PM: INFO: Bulk Edit Save All completed
09/11/2026 06:08:10 PM: INFO: *** Test_BulkEditProductSaveAll_035 ***
09/11/2026 06:08:17 PM: INFO: ***** Login Successful *****
09/11/2026 06:08:17 PM: INFO: ***** Starting Bulk Edit Product Save All Test *****
09/11/2026 06:09:02 PM: INFO: *** Test_BulkEditProductSaveAll_035 ***
09/11/2026 06:09:08 PM: INFO: ***** Login Successful *****
09/11/2026 06:09:08 PM: INFO: ***** Starting Bulk Edit Product Save All Test *****
09/11/2026 06:09:11 PM: INFO: Product Name: Test Product 4113
09/11/2026 06:09:11 PM: INFO: SKU: SKU 16162
09/11/2026 06:09:11 PM: INFO: New Price: 2000
09/11/2026 06:09:11 PM: INFO: Old Price: 1000
09/11/2026 06:09:11 PM: INFO: Stock Quantity: 1000
09/11/2026 06:09:12 PM: INFO: Bulk Edit Save All completed
09/11/2026 06:20:46 PM: INFO: *** Test_BulkEditProductSaveAll_035 ***
09/11/2026 06:20:56 PM: INFO: ***** Login Successful *****
09/11/2026 06:20:56 PM: INFO: ***** Starting Bulk Edit Product Save All Test *****
09/11/2026 06:26:19 PM: INFO: *** Test_BulkEditProductSaveAll_035 ***
09/11/2026 06:26:27 PM: INFO: ***** Login Successful *****
09/11/2026 06:26:27 PM: INFO: ***** Starting Bulk Edit Product Save All Test *****
09/11/2026 06:31:49 PM: INFO: *** Test_BulkEditProductSaveAll_035 ***
09/11/2026 06:32:02 PM: INFO: ***** Login Successful *****
09/11/2026 06:32:02 PM: INFO: ***** Starting Bulk Edit Product Save All Test *****
09/11/2026 06:32:08 PM: INFO: Product Name: Test Product 8554
09/11/2026 06:32:08 PM: INFO: SKU: SKU 46855
09/11/2026 06:32:08 PM: INFO: New Price: 2000
09/11/2026 06:32:08 PM: INFO: Old Price: 1000
09/11/2026 06:32:08 PM: INFO: Stock Quantity: 1000
09/11/2026 06:32:11 PM: INFO: Bulk Edit Save All completed
09/11/2026 06:32:16 PM: INFO: Product 'Test Product 8554' successfully found in Products table
09/11/2026 06:39:30 PM: INFO: **********Test_002_DDT_Login********
09/11/2026 06:39:30 PM: INFO: ********Verify Login DDT Test********
09/11/2026 06:39:44 PM: INFO: Row 2: *****Test Passed*****
09/11/2026 06:39:57 PM: ERROR: Row 2: Logout failed: Message: 
Stacktrace:
RemoteError@chrome://remote/content/shared/RemoteError.sys.mjs:8:8
WebDriverError@chrome://remote/content/shared/webdriver/Errors.sys.mjs:169:5
NoSuchElementError@chrome://remote/content/shared/webdriver/Errors.sys.mjs:538:5
dom.find/</<@chrome://remote/content/shared/DOM.sys.mjs:137:16

09/11/2026 06:40:01 PM: INFO: Row 3: *****Test Passed*****
09/11/2026 06:40:04 PM: INFO: Row 4: *****Test Passed*****
09/11/2026 06:40:06 PM: INFO: Row 5: *****Test Passed*****
09/11/2026 06:40:09 PM: INFO: Row 6: *****Test Passed*****
09/11/2026 06:40:09 PM: ERROR: ****Login DDT Test Failed****
09/11/2026 07:39:16 PM: INFO: **********Test_002_DDT_Login********
09/11/2026 07:39:16 PM: INFO: ********Verify Login DDT Test********
09/11/2026 07:39:27 PM: INFO: Row 2: *****Test Passed*****
09/11/2026 07:39:38 PM: ERROR: Row 2: Logout failed: Message: 

09/11/2026 07:39:42 PM: INFO: Row 3: *****Test Passed*****
09/11/2026 07:39:45 PM: INFO: Row 4: *****Test Passed*****
09/11/2026 07:39:48 PM: INFO: Row 5: *****Test Passed*****
09/11/2026 07:39:51 PM: INFO: Row 6: *****Test Passed*****
09/11/2026 07:39:51 PM: ERROR: ****Login DDT Test Failed****
09/11/2026 07:41:24 PM: INFO: **********Test_002_DDT_Login********
09/11/2026 07:41:24 PM: INFO: ********Verify Login DDT Test********
09/11/2026 07:41:32 PM: INFO: Row 2: *****Test Passed*****
09/11/2026 07:41:42 PM: ERROR: Row 2: Logout failed: Message: 

09/11/2026 07:41:45 PM: INFO: Row 3: *****Test Passed*****
09/11/2026 07:41:48 PM: INFO: Row 4: *****Test Passed*****
09/11/2026 07:41:51 PM: INFO: Row 5: *****Test Passed*****
09/11/2026 07:41:54 PM: INFO: Row 6: *****Test Passed*****
09/11/2026 07:41:54 PM: ERROR: ****Login DDT Test Failed****
09/11/2026 07:44:05 PM: INFO: **********Test_002_DDT_Login********
09/11/2026 07:44:05 PM: INFO: ********Verify Login DDT Test********
09/11/2026 07:44:14 PM: INFO: Row 2: *****Test Passed*****
09/11/2026 07:44:24 PM: ERROR: Row 2: Logout failed: Message: 

09/11/2026 07:44:27 PM: INFO: Row 3: *****Test Passed*****
09/11/2026 07:44:30 PM: INFO: Row 4: *****Test Passed*****
09/11/2026 07:44:33 PM: INFO: Row 5: *****Test Passed*****
09/11/2026 07:44:36 PM: INFO: Row 6: *****Test Passed*****
09/11/2026 07:44:36 PM: ERROR: ****Login DDT Test Failed****
09/11/2026 07:59:04 PM: INFO: **********Test_002_DDT_Login********
09/11/2026 07:59:04 PM: INFO: ********Verify Login DDT Test********
09/11/2026 07:59:16 PM: INFO: Row 2: *****Test Passed*****
09/11/2026 07:59:19 PM: INFO: Row 3: *****Test Passed*****
09/11/2026 07:59:22 PM: INFO: Row 4: *****Test Passed*****
09/11/2026 07:59:25 PM: INFO: Row 5: *****Test Passed*****
09/11/2026 07:59:28 PM: INFO: Row 6: *****Test Passed*****
09/11/2026 07:59:28 PM: INFO: ****Login DDT Test Passed****
09/11/2026 07:59:31 PM: INFO: ****End of Login DDT Test****
09/11/2026 07:59:31 PM: INFO: *****Completed TC_LoginDDT_002******
09/11/2026 08:01:51 PM: INFO: ******* Deleting Customer *******
09/11/2026 08:02:00 PM: INFO: ******* Login Successful *****
09/11/2026 08:02:07 PM: INFO: ******* Customers page opened *******
09/11/2026 08:02:42 PM: INFO: ******* Edit Customer button clicked *******
09/11/2026 08:02:44 PM: INFO: ******* Edit Customer page opened successfully *******
09/11/2026 08:02:45 PM: INFO: ******* Delete Customer button clicked *******
09/11/2026 08:02:58 PM: INFO: ******* Delete confirmation accepted *******
09/11/2026 08:03:01 PM: INFO: ********* Delete Customer test passed **********
09/11/2026 08:03:04 PM: INFO: ****** Ending Delete Customer Test *******
09/11/2026 08:03:22 PM: INFO: *****Test_DeleteProduct_Select_033*****
09/11/2026 08:03:28 PM: INFO: *****Login Successful******
09/11/2026 08:03:28 PM: INFO: *****Starting Delete Selected Product test*****
09/11/2026 08:03:38 PM: INFO: ***** Product '' was deleted successfully *****
09/11/2026 08:03:59 PM: INFO: *****Test_DeleteProduct_032*****
09/11/2026 08:04:13 PM: INFO: *****Login Successful******
09/11/2026 08:04:13 PM: INFO: *****Staring Delete Product test*****
09/11/2026 08:04:26 PM: INFO: ***** Product deleted successfully *****
09/11/2026 08:06:04 PM: INFO: ******* Editing Customer *******
09/11/2026 08:06:21 PM: INFO: ******* Login Successful *****
09/11/2026 08:06:25 PM: INFO: ******* Customers page opened *******
09/11/2026 08:06:29 PM: INFO: ******* Edit Customer button clicked *******
09/11/2026 08:06:29 PM: INFO: ******* Edit Customer page opened successfully *******
09/11/2026 08:06:51 PM: INFO: ********* Edit Customer test passed **********
09/11/2026 08:06:56 PM: INFO: ****** Ending Edit Customer Test *******
09/11/2026 08:07:18 PM: INFO: ***** Test_EditProduct_032 *****
09/11/2026 08:07:31 PM: INFO: ***** Login Successful *****
09/11/2026 08:07:31 PM: INFO: ***** Opening Catalog -> Products *****
09/11/2026 08:07:36 PM: INFO: ***** Dynamic Product Selected: Test Product 6658 *****
09/11/2026 08:07:39 PM: INFO: ***** Edit page opened for: Test Product 6658 *****
09/11/2026 08:07:40 PM: INFO: ***** Product details updated: SKU=SKU71549, Price=999 *****
09/11/2026 08:07:42 PM: INFO: ***** Save button clicked *****
09/11/2026 08:07:47 PM: INFO: ***** Product updated successfully *****
09/11/2026 08:08:08 PM: INFO: ******* Test_EditVendor_015 *******
09/11/2026 08:08:12 PM: INFO: *********** Login Successful **********
09/11/2026 08:08:14 PM: INFO: ******** Starting Edit Vendor Test ********
09/11/2026 08:08:16 PM: INFO: Vendor selected for editing: Vendor1
09/11/2026 08:08:17 PM: INFO: Vendor 'Vendor1' found successfully
09/11/2026 08:08:30 PM: INFO: ******VerifyActivityTypeDisplayed******
09/11/2026 08:08:34 PM: INFO: ***********Login Successful**********
09/11/2026 08:08:34 PM: INFO: ********Starting Verify Activity Type**********
09/11/2026 08:08:37 PM: INFO: fActivity Type '{activity_name}' Status: {result}
09/11/2026 08:08:37 PM: INFO: fActivity Type '{activity_name}' Status: {result}
09/11/2026 08:08:50 PM: INFO: ********** Test_003_AddCustomer **********
09/11/2026 08:08:54 PM: INFO: ********* Login Successful **********
09/11/2026 08:08:54 PM: INFO: ********* Starting Add Customer Test *********
09/11/2026 08:08:57 PM: INFO: ******** Providing customer information ********
09/11/2026 08:08:59 PM: INFO: ******** Customer information provided ********
09/11/2026 08:09:00 PM: INFO: ******** Saving customer information ********
09/11/2026 08:09:00 PM: INFO: Success message: ×
The new customer has been added successfully.
09/11/2026 08:09:00 PM: INFO: ******** Customer added successfully ********
09/11/2026 08:09:00 PM: INFO: ******** Verifying customer in Customers grid ********
09/11/2026 08:09:16 PM: INFO: ******** Customers page opened ********
09/11/2026 08:09:17 PM: INFO: ******** Searching for 16zoqydu@gmail.com ********
09/11/2026 08:09:17 PM: INFO: ******** Customer found in Customers grid ********
09/11/2026 08:09:17 PM: INFO: ******** Add customer test passed ********
09/11/2026 08:09:32 PM: INFO: *****Test_AddProduct_028*****
09/11/2026 08:09:37 PM: INFO: *****Login Successful******
09/11/2026 08:09:37 PM: INFO: *****Staring Add Product test*****
09/11/2026 08:09:39 PM: INFO: *****Providing product details*******
09/11/2026 08:10:12 PM: INFO: ******* Test_012_AddVendor *******
09/11/2026 08:10:18 PM: INFO: ***** Login Successfully *****
09/11/2026 08:10:18 PM: INFO: ****** Starting Add Vendor Test ******
09/11/2026 08:10:22 PM: INFO: ****** Providing Vendor Info ******
09/11/2026 08:10:24 PM: INFO: After Save URL: https://localhost:59579/Admin/Vendor/List
09/11/2026 08:10:24 PM: INFO: ******Vendor added successfully******
09/11/2026 08:10:39 PM: INFO: *** Test_BulkEditProductSaveAll_035 ***
09/11/2026 08:10:44 PM: INFO: ***** Login Successful *****
09/11/2026 08:10:44 PM: INFO: ***** Starting Bulk Edit Product Save All Test *****
09/11/2026 08:10:50 PM: INFO: Product Name: Test Product 5778
09/11/2026 08:10:50 PM: INFO: SKU: SKU 68477
09/11/2026 08:10:50 PM: INFO: New Price: 2000
09/11/2026 08:10:50 PM: INFO: Old Price: 1000
09/11/2026 08:10:50 PM: INFO: Stock Quantity: 1000
09/11/2026 08:10:51 PM: INFO: Bulk Edit Save All completed
09/11/2026 08:10:54 PM: INFO: Product 'Test Product 5778' successfully found in Products table
09/11/2026 08:11:12 PM: INFO: *** Test_BulkEditProductSaveSelected_036 ***
09/11/2026 08:11:17 PM: INFO: ***** Login Successful *****
09/11/2026 08:11:54 PM: INFO: ***** Test_BulkEditSearchProductName_037 *****
09/11/2026 08:11:59 PM: INFO: ***** Login Successful *****
09/11/2026 08:11:59 PM: INFO: ***** Starting Bulk Edit Product Search By Name Test *****
09/11/2026 08:12:02 PM: INFO: Dynamic product selected: Test Product 6658
09/11/2026 08:12:03 PM: INFO: Product 'Test Product 6658' displayed successfully
09/11/2026 08:12:17 PM: INFO: ***** Test_BulkEditProductSearchProductType_038*****
09/11/2026 08:12:22 PM: INFO: ***** Login Successful *****
09/11/2026 08:12:22 PM: INFO: ***** Starting Bulk Edit Product Search Product Type Test *****
09/11/2026 08:12:41 PM: INFO: ***** Test_BulkEditProductSearchPublishType_039*****
09/11/2026 08:12:45 PM: INFO: ***** Login Successful *****
09/11/2026 08:12:45 PM: INFO: ***** Starting Bulk Edit Product Search Publish Type Test *****
09/11/2026 08:13:20 PM: INFO: ***** Test_BulkEditProductSearchVendor_037*****
09/11/2026 08:13:23 PM: INFO: ***** Login Successful *****
09/11/2026 08:13:23 PM: INFO: ***** Starting Bulk Edit Product Search Vendor Test *****
09/11/2026 08:13:41 PM: INFO: *****Clear_ActivityLogs_020*****
09/11/2026 08:13:45 PM: INFO: ***********Login Successful**********
09/11/2026 08:13:45 PM: INFO: **********Starting Clear_ActivityLogs_020**********
09/11/2026 08:13:47 PM: INFO: **********Clear_ActivityLogs_020 completed**********
09/11/2026 08:14:01 PM: INFO: *****Delete_SingleActivity_019*****
09/11/2026 08:14:05 PM: INFO: ***********Login Successful**********
09/11/2026 08:14:05 PM: INFO: **********Starting Delete_SingleActivity_019**********
09/11/2026 08:14:08 PM: INFO: Customers available for export: 15
09/11/2026 08:14:13 PM: INFO: ******Customers exported successfully*******
09/11/2026 08:14:17 PM: INFO: Activity Log records found: 1
09/11/2026 08:14:17 PM: INFO: ******Activity Log delete clicked*******
09/11/2026 08:14:33 PM: INFO: ******* Exporting All Customers to Excel *******
09/11/2026 08:14:35 PM: INFO: ******* Download directory: C:\Users\hp\PycharmProjects\Python_Selenium_Hybrid\downloads *******
09/11/2026 08:14:39 PM: INFO: ******* Login Successful *****
09/11/2026 08:14:39 PM: INFO: ****** Starting Export All Customers *******
09/11/2026 08:14:40 PM: INFO: ****** Customers page opened ******
09/11/2026 08:14:48 PM: INFO: ******* Export All Customers Excel button clicked *******
09/11/2026 08:14:48 PM: INFO: ******* Excel Downloaded Successfully: customers.xlsx *******
09/11/2026 08:14:48 PM: INFO: ******* Excel File Verification Successful *******
09/11/2026 08:15:05 PM: INFO: ******* Exporting All Customers to XML *******
09/11/2026 08:15:06 PM: INFO: ******* Download directory: C:\Users\hp\PycharmProjects\Python_Selenium_Hybrid\downloads *******
09/11/2026 08:15:09 PM: INFO: ******* Login Successful *****
09/11/2026 08:15:09 PM: INFO: ****** Starting Export All Customers *******
09/11/2026 08:15:11 PM: INFO: ****** Customers page opened ******
09/11/2026 08:15:20 PM: INFO: ******* Export All Customers XML button clicked *******
09/11/2026 08:15:20 PM: INFO: ******* XML Downloaded Successfully: customers.xml *******
09/11/2026 08:15:20 PM: INFO: ******* XML File Verification Successful *******
09/11/2026 08:15:36 PM: INFO: ******* Exporting Selected Customers to Excel *******
09/11/2026 08:15:40 PM: INFO: ******* Download directory: C:\Users\hp\PycharmProjects\Python_Selenium_Hybrid\downloads *******
09/11/2026 08:15:42 PM: INFO: ******* Login Successful *****
09/11/2026 08:15:42 PM: INFO: ****** Navigating to Customers ******
09/11/2026 08:15:46 PM: INFO: ****** Customers page opened ******
09/11/2026 08:15:48 PM: INFO: ******* Customers Selected Successfully *******
09/11/2026 08:15:54 PM: INFO: ******* Export Selected Excel button clicked *******
09/11/2026 08:15:54 PM: INFO: ******* Excel Downloaded Successfully: customers.xlsx *******
09/11/2026 08:15:54 PM: INFO: ******* Excel File Verification Successful *******
09/11/2026 08:16:10 PM: INFO: ******* Exporting Selected Customers to XML *******
09/11/2026 08:16:12 PM: INFO: ******* Download directory: C:\Users\hp\PycharmProjects\Python_Selenium_Hybrid\downloads *******
09/11/2026 08:16:17 PM: INFO: ******* Login Successful *****
09/11/2026 08:16:17 PM: INFO: ****** Navigating to Customers ******
09/11/2026 08:16:19 PM: INFO: ****** Customers page opened ******
09/11/2026 08:16:21 PM: INFO: ******* Customers Selected Successfully *******
09/11/2026 08:16:27 PM: INFO: ******* Export Selected XML button clicked *******
09/11/2026 08:16:27 PM: INFO: ******* XML Downloaded Successfully: customers.xml *******
09/11/2026 08:16:27 PM: INFO: ******* XML File Verification Successful *******
09/11/2026 08:16:45 PM: INFO: ********Verify Login Test********
09/11/2026 08:16:52 PM: INFO: ********Login test Passed********
09/11/2026 08:17:05 PM: INFO: **********Test_002_DDT_Login********
09/11/2026 08:17:05 PM: INFO: ********Verify Login DDT Test********
09/11/2026 08:17:11 PM: INFO: Row 2: *****Test Passed*****
09/11/2026 08:17:14 PM: INFO: Row 3: *****Test Passed*****
09/11/2026 08:17:17 PM: INFO: Row 4: *****Test Passed*****
09/11/2026 08:17:20 PM: INFO: Row 5: *****Test Passed*****
09/11/2026 08:17:22 PM: INFO: Row 6: *****Test Passed*****
09/11/2026 08:17:22 PM: INFO: ****Login DDT Test Passed****
09/11/2026 08:17:24 PM: INFO: ****End of Login DDT Test****
09/11/2026 08:17:24 PM: INFO: *****Completed TC_LoginDDT_002******
09/11/2026 08:17:36 PM: INFO: ******* SearchCustomerByEmail_004 *********
09/11/2026 08:17:41 PM: INFO: *********** Login Successful **********
09/11/2026 08:17:41 PM: INFO: ********** Starting SearchCustomerByEmail_004 **********
09/11/2026 08:17:43 PM: INFO: ******** Searching customer by email ID ***********
09/11/2026 08:17:44 PM: INFO: ******** Customer found successfully ********
09/11/2026 08:17:44 PM: INFO: ******** TC_SearchCustomerByEmail_004 Finished **********
09/11/2026 08:17:51 PM: WARNING: Retrying (Retry(total=2, connect=None, read=None, redirect=None, status=None)) after connection broken by 'NewConnectionError("HTTPConnection(host='localhost', port=50459): Failed to establish a new connection: [WinError 10061] No connection could be made because the target machine actively refused it")': /session/e82a41db-72a3-4bac-94a6-d16dc3227b9e
09/11/2026 08:17:55 PM: WARNING: Retrying (Retry(total=1, connect=None, read=None, redirect=None, status=None)) after connection broken by 'NewConnectionError("HTTPConnection(host='localhost', port=50459): Failed to establish a new connection: [WinError 10061] No connection could be made because the target machine actively refused it")': /session/e82a41db-72a3-4bac-94a6-d16dc3227b9e
09/11/2026 08:17:59 PM: WARNING: Retrying (Retry(total=0, connect=None, read=None, redirect=None, status=None)) after connection broken by 'NewConnectionError("HTTPConnection(host='localhost', port=50459): Failed to establish a new connection: [WinError 10061] No connection could be made because the target machine actively refused it")': /session/e82a41db-72a3-4bac-94a6-d16dc3227b9e
09/11/2026 08:18:13 PM: INFO: ******* SearchCustomerByName_005 *********
09/11/2026 08:18:17 PM: INFO: *********** Login Successful **********
09/11/2026 08:18:17 PM: INFO: ********** Starting SearchCustomerByName_005 **********
09/11/2026 08:18:20 PM: INFO: ******** Customers page opened ********
09/11/2026 08:18:20 PM: INFO: ******** Searching customer by Name ***********
09/11/2026 08:18:21 PM: INFO: ******** TC_SearchCustomerByName_005 Finished **********
09/11/2026 08:18:34 PM: INFO: *****SearchVendorByName_013*****
09/11/2026 08:18:39 PM: INFO: ***********Login Successful**********
09/11/2026 08:18:39 PM: INFO: **********Starting SearchVendorByName_013**********
09/11/2026 08:18:40 PM: INFO: ******** searching vendor by Email***********
09/11/2026 08:18:44 PM: INFO: ********TC_SearchvendorrByEmail_014 Finished**********
09/11/2026 08:18:58 PM: INFO: *****SearchVendorByName_013*****
09/11/2026 08:19:02 PM: INFO: ***********Login Successful**********
09/11/2026 08:19:02 PM: INFO: **********Starting SearchVendorByName_013**********
09/11/2026 08:19:05 PM: INFO: ******** searching vendor by Name***********
09/11/2026 08:19:05 PM: INFO: Selected Vendor Name: Vendor1
09/11/2026 08:19:05 PM: INFO: *******Searching Vendor by Name: {vendor_name}********
09/11/2026 08:19:08 PM: INFO: ********TC_SearchvendorrByName_013 Finished**********
09/11/2026 08:19:22 PM: INFO: ***** SearchActivityDate_016 *****
09/11/2026 08:19:27 PM: INFO: *********** Login Successful **********
09/11/2026 08:19:27 PM: INFO: ********** Starting SearchActivityDate_016 **********
09/11/2026 08:19:29 PM: INFO: Activity log rows found: 6
09/11/2026 08:19:42 PM: INFO: *****SearchActivityIP_017*****
09/11/2026 08:19:46 PM: INFO: ***********Login Successful**********
09/11/2026 08:19:46 PM: INFO: **********Starting SearchActivityIP_017**********
09/11/2026 08:20:04 PM: INFO: *****SearchActivity_LogType_018*****
09/11/2026 08:20:09 PM: INFO: ***********Login Successful**********
09/11/2026 08:20:09 PM: INFO: **********Starting SearchActivity_LogType_018**********
09/11/2026 08:20:24 PM: INFO: *****SearchCustomer_RoleAdministrator_021*****
09/11/2026 08:20:29 PM: INFO: ***********Login Successful**********
09/11/2026 08:20:32 PM: INFO: Administrator search result count: 1
09/11/2026 08:20:46 PM: INFO: *****SearchCustomer_RoleForumModerator_023*****
09/11/2026 08:20:50 PM: INFO: ***********Login Successful**********
09/11/2026 08:20:53 PM: INFO: Forum Moderator search result count: 1
09/11/2026 08:21:07 PM: INFO: *****SearchCustomer_Role_Guests_024*****
09/11/2026 08:21:12 PM: INFO: ***********Login Successful**********
09/11/2026 08:21:12 PM: INFO: ********Starting_SearchGuest_Role_024******
09/11/2026 08:21:15 PM: INFO: Normal table customer count: 15
09/11/2026 08:21:17 PM: INFO: Guests search result count: 15
09/11/2026 08:21:30 PM: INFO: ***** Test_SearchProductByName_029 *****
09/11/2026 08:21:34 PM: INFO: ***** Login Successful *****
09/11/2026 08:21:34 PM: INFO: ***** Starting Search Product By Name Test *****
09/11/2026 08:21:37 PM: INFO: Dynamic product selected: Test Product 6658
09/11/2026 08:21:38 PM: INFO: Product 'Test Product 6658' found successfully
09/11/2026 08:21:52 PM: INFO: *****Test_SearchProductBySKU_030*****
09/11/2026 08:21:55 PM: INFO: *****Login Successful******
09/11/2026 08:22:24 PM: INFO: ********** Test_SearchProductByVendor_031 Started **********
09/11/2026 08:22:28 PM: INFO: Application URL opened: https://localhost:59579/admin
09/11/2026 08:22:29 PM: INFO: ********** Login Successful **********
09/11/2026 08:22:31 PM: INFO: ********** Products page opened successfully **********
09/11/2026 08:23:01 PM: INFO: *****SearchCustomer_RoleRegistered_022*****
09/11/2026 08:23:04 PM: INFO: ***********Login Successful**********
09/11/2026 08:23:14 PM: INFO: Normal table customer count: 15
09/11/2026 08:23:15 PM: INFO: Registered search result count: 2
09/11/2026 08:23:30 PM: INFO: *****SearchCustomer_Role_Vendors_025*****
09/11/2026 08:23:35 PM: INFO: ***********Login Successful**********
09/11/2026 08:23:35 PM: INFO: ********Starting_SearchVendor_Role_025******
09/11/2026 08:23:42 PM: INFO: Normal table customer count: 15
09/11/2026 08:23:42 PM: INFO: Vendor search result count: 0
09/11/2026 08:27:07 PM: INFO: *****Test_AddProduct_028*****
09/11/2026 08:27:14 PM: INFO: *****Login Successful******
09/11/2026 08:27:14 PM: INFO: *****Staring Add Product test*****
09/11/2026 08:27:18 PM: INFO: *****Providing product details*******
09/11/2026 08:28:09 PM: INFO: ********** Test_SearchProductByVendor_031 Started **********
09/11/2026 08:28:12 PM: INFO: Application URL opened: https://localhost:59579/admin
09/11/2026 08:28:15 PM: INFO: ********** Login Successful **********
09/11/2026 08:28:16 PM: INFO: ********** Products page opened successfully **********
09/11/2026 08:28:19 PM: INFO: ********** Product search performed for Vendor1 **********
09/11/2026 08:28:19 PM: INFO: ********** 'No data available in table' validated **********
09/11/2026 08:28:20 PM: INFO: ********** 'No records' validated **********
09/11/2026 08:28:20 PM: INFO: ********** Test_SearchProductByVendor_031 Passed **********
09/11/2026 08:29:10 PM: INFO: *** Test_BulkEditProductSaveSelected_036 ***
09/11/2026 08:29:16 PM: INFO: ***** Login Successful *****
09/11/2026 08:30:04 PM: INFO: *** Test_BulkEditProductSaveSelected_036 ***
09/11/2026 08:30:08 PM: INFO: ***** Login Successful *****
09/11/2026 08:33:12 PM: INFO: *** Test_BulkEditProductSaveSelected_036 ***
09/11/2026 08:33:18 PM: INFO: ***** Login Successful *****
09/11/2026 08:33:22 PM: INFO: Product Name: Test Product 8968
09/11/2026 08:33:22 PM: INFO: SKU: SKU 11221
09/11/2026 08:33:22 PM: INFO: New Price: 2000
09/11/2026 08:33:22 PM: INFO: Old Price: 1000
09/11/2026 08:33:22 PM: INFO: Stock Quantity: 1000
09/11/2026 08:33:23 PM: INFO: Product 'Test Product 8968' selected
09/11/2026 08:33:25 PM: INFO: Save Selected completed
09/11/2026 08:33:25 PM: INFO: Returned to Products List
09/11/2026 08:33:26 PM: INFO: Searching for product 'Test Product 8968'
09/11/2026 08:33:27 PM: INFO: Product 'Test Product 8968' successfully found in Products table
09/11/2026 08:35:03 PM: INFO: ***** Test_BulkEditProductSearchPublishType_039*****
09/11/2026 08:35:09 PM: INFO: ***** Login Successful *****
09/11/2026 08:35:09 PM: INFO: ***** Starting Bulk Edit Product Search Publish Type Test *****
09/11/2026 08:36:28 PM: INFO: ******* Deleting Customer *******
09/11/2026 08:36:35 PM: INFO: ******* Login Successful *****
09/11/2026 08:36:36 PM: INFO: ******* Customers page opened *******
09/11/2026 08:36:39 PM: INFO: ******* Edit Customer button clicked *******
09/11/2026 08:36:41 PM: INFO: ******* Edit Customer page opened successfully *******
09/11/2026 08:36:41 PM: INFO: ******* Delete Customer button clicked *******
09/11/2026 08:36:52 PM: INFO: ******* Delete confirmation accepted *******
09/11/2026 08:36:54 PM: INFO: ********* Delete Customer test passed **********
09/11/2026 08:36:55 PM: INFO: ****** Ending Delete Customer Test *******
09/11/2026 08:37:09 PM: INFO: *****Test_DeleteProduct_Select_033*****
09/11/2026 08:37:13 PM: INFO: *****Login Successful******
09/11/2026 08:37:13 PM: INFO: *****Starting Delete Selected Product test*****
09/11/2026 08:37:17 PM: INFO: ***** Product 'Test Product 2191' was deleted successfully *****
09/11/2026 08:37:34 PM: INFO: *****Test_DeleteProduct_032*****
09/11/2026 08:37:41 PM: INFO: *****Login Successful******
09/11/2026 08:37:41 PM: INFO: *****Staring Delete Product test*****
09/11/2026 08:37:47 PM: INFO: ***** Product deleted successfully *****
09/11/2026 08:39:29 PM: INFO: ******* Editing Customer *******
09/11/2026 08:39:40 PM: INFO: ******* Login Successful *****
09/11/2026 08:39:44 PM: INFO: ******* Customers page opened *******
09/11/2026 08:39:49 PM: INFO: ******* Edit Customer button clicked *******
09/11/2026 08:39:49 PM: INFO: ******* Edit Customer page opened successfully *******
09/11/2026 08:40:02 PM: INFO: ********* Edit Customer test passed **********
09/11/2026 08:40:08 PM: INFO: ****** Ending Edit Customer Test *******
09/11/2026 08:40:32 PM: INFO: ***** Test_EditProduct_032 *****
09/11/2026 08:40:50 PM: INFO: ***** Login Successful *****
09/11/2026 08:40:50 PM: INFO: ***** Opening Catalog -> Products *****
09/11/2026 08:40:58 PM: INFO: ***** Dynamic Product Selected: Test Product 6658 *****
09/11/2026 08:41:03 PM: INFO: ***** Edit page opened for: Test Product 6658 *****
09/11/2026 08:41:08 PM: INFO: ***** Product details updated: SKU=SKU52270, Price=999 *****
09/11/2026 08:41:10 PM: INFO: ***** Save button clicked *****
09/11/2026 08:41:14 PM: INFO: ***** Product updated successfully *****
09/11/2026 08:41:43 PM: INFO: ******* Test_EditVendor_015 *******
09/11/2026 08:42:07 PM: INFO: *********** Login Successful **********
09/11/2026 08:42:39 PM: INFO: ******VerifyActivityTypeDisplayed******
09/11/2026 08:42:43 PM: INFO: ***********Login Successful**********
09/11/2026 08:42:43 PM: INFO: ********Starting Verify Activity Type**********
09/11/2026 08:42:46 PM: INFO: fActivity Type '{activity_name}' Status: {result}
09/11/2026 08:42:46 PM: INFO: fActivity Type '{activity_name}' Status: {result}
09/11/2026 08:43:00 PM: INFO: ********** Test_003_AddCustomer **********
09/11/2026 08:43:06 PM: INFO: ********* Login Successful **********
09/11/2026 08:43:06 PM: INFO: ********* Starting Add Customer Test *********
09/11/2026 08:43:08 PM: INFO: ******** Providing customer information ********
09/11/2026 08:43:10 PM: INFO: ******** Customer information provided ********
09/11/2026 08:43:11 PM: INFO: ******** Saving customer information ********
09/11/2026 08:43:11 PM: INFO: Success message: ×
The new customer has been added successfully.
09/11/2026 08:43:11 PM: INFO: ******** Customer added successfully ********
09/11/2026 08:43:11 PM: INFO: ******** Verifying customer in Customers grid ********
09/11/2026 08:43:26 PM: INFO: ******** Customers page opened ********
09/11/2026 08:43:29 PM: INFO: ******** Searching for kdmgninb@gmail.com ********
09/11/2026 08:43:29 PM: INFO: ******** Customer found in Customers grid ********
09/11/2026 08:43:29 PM: INFO: ******** Add customer test passed ********
09/11/2026 08:43:45 PM: INFO: *****Test_AddProduct_028*****
09/11/2026 08:43:51 PM: INFO: *****Login Successful******
09/11/2026 08:43:51 PM: INFO: *****Staring Add Product test*****
09/11/2026 08:43:54 PM: INFO: *****Providing product details*******
09/11/2026 08:44:16 PM: INFO: ******* Test_012_AddVendor *******
09/11/2026 08:44:22 PM: INFO: ***** Login Successfully *****
09/11/2026 08:44:22 PM: INFO: ****** Starting Add Vendor Test ******
09/11/2026 08:44:31 PM: INFO: ****** Providing Vendor Info ******
09/11/2026 08:44:34 PM: INFO: After Save URL: https://localhost:59579/Admin/Vendor/List
09/11/2026 08:44:34 PM: INFO: ******Vendor added successfully******
09/11/2026 08:44:49 PM: INFO: *** Test_BulkEditProductSaveAll_035 ***
09/11/2026 08:44:55 PM: INFO: ***** Login Successful *****
09/11/2026 08:44:55 PM: INFO: ***** Starting Bulk Edit Product Save All Test *****
09/11/2026 08:45:32 PM: INFO: *** Test_BulkEditProductSaveSelected_036 ***
09/11/2026 08:45:36 PM: INFO: ***** Login Successful *****
09/11/2026 08:45:41 PM: INFO: Product Name: Test Product 4554
09/11/2026 08:45:41 PM: INFO: SKU: SKU 65643
09/11/2026 08:45:41 PM: INFO: New Price: 2000
09/11/2026 08:45:41 PM: INFO: Old Price: 1000
09/11/2026 08:45:41 PM: INFO: Stock Quantity: 1000
09/11/2026 08:45:42 PM: INFO: Product 'Test Product 4554' selected
09/11/2026 08:45:44 PM: INFO: Save Selected completed
09/11/2026 08:45:44 PM: INFO: Returned to Products List
09/11/2026 08:45:45 PM: INFO: Searching for product 'Test Product 4554'
09/11/2026 08:46:15 PM: INFO: ***** Test_BulkEditSearchProductName_037 *****
09/11/2026 08:46:19 PM: INFO: ***** Login Successful *****
09/11/2026 08:46:19 PM: INFO: ***** Starting Bulk Edit Product Search By Name Test *****
09/11/2026 08:46:22 PM: INFO: Dynamic product selected: Test Product 6658
09/11/2026 08:46:23 PM: INFO: Product 'Test Product 6658' displayed successfully
09/11/2026 08:46:37 PM: INFO: ***** Test_BulkEditProductSearchProductType_038*****
09/11/2026 08:46:44 PM: INFO: ***** Login Successful *****
09/11/2026 08:46:44 PM: INFO: ***** Starting Bulk Edit Product Search Product Type Test *****
09/11/2026 08:47:07 PM: INFO: ***** Test_BulkEditProductSearchPublishType_039*****
09/11/2026 08:47:17 PM: INFO: ***** Login Successful *****
09/11/2026 08:47:17 PM: INFO: ***** Starting Bulk Edit Product Search Publish Type Test *****
09/11/2026 08:47:57 PM: INFO: ***** Test_BulkEditProductSearchVendor_037*****
09/11/2026 08:48:04 PM: INFO: ***** Login Successful *****
09/11/2026 08:48:04 PM: INFO: ***** Starting Bulk Edit Product Search Vendor Test *****
09/11/2026 08:48:41 PM: INFO: *****Clear_ActivityLogs_020*****
09/11/2026 08:48:47 PM: INFO: ***********Login Successful**********
09/11/2026 08:48:47 PM: INFO: **********Starting Clear_ActivityLogs_020**********
09/11/2026 08:48:51 PM: INFO: **********Clear_ActivityLogs_020 completed**********
09/11/2026 08:49:07 PM: INFO: *****Delete_SingleActivity_019*****
09/11/2026 08:49:13 PM: INFO: ***********Login Successful**********
09/11/2026 08:49:13 PM: INFO: **********Starting Delete_SingleActivity_019**********
09/11/2026 08:49:15 PM: INFO: Customers available for export: 15
09/11/2026 08:49:20 PM: INFO: ******Customers exported successfully*******
09/11/2026 08:49:22 PM: INFO: Activity Log records found: 1
09/11/2026 08:49:23 PM: INFO: ******Activity Log delete clicked*******
09/11/2026 08:49:48 PM: INFO: ******* Exporting All Customers to Excel *******
09/11/2026 08:49:50 PM: INFO: ******* Download directory: C:\Users\hp\PycharmProjects\Python_Selenium_Hybrid\downloads *******
09/11/2026 08:49:52 PM: INFO: ******* Login Successful *****
09/11/2026 08:49:52 PM: INFO: ****** Starting Export All Customers *******
09/11/2026 08:49:53 PM: INFO: ****** Customers page opened ******
09/11/2026 08:50:02 PM: INFO: ******* Export All Customers Excel button clicked *******
09/11/2026 08:50:02 PM: INFO: ******* Excel Downloaded Successfully: customers.xlsx *******
09/11/2026 08:50:02 PM: INFO: ******* Excel File Verification Successful *******
09/11/2026 08:50:26 PM: INFO: ******* Exporting All Customers to XML *******
09/11/2026 08:50:30 PM: INFO: ******* Download directory: C:\Users\hp\PycharmProjects\Python_Selenium_Hybrid\downloads *******
09/11/2026 08:50:33 PM: INFO: ******* Login Successful *****
09/11/2026 08:50:33 PM: INFO: ****** Starting Export All Customers *******
09/11/2026 08:50:35 PM: INFO: ****** Customers page opened ******
09/11/2026 08:50:44 PM: INFO: ******* Export All Customers XML button clicked *******
09/11/2026 08:50:44 PM: INFO: ******* XML Downloaded Successfully: customers.xml *******
09/11/2026 08:50:44 PM: INFO: ******* XML File Verification Successful *******
09/11/2026 08:51:04 PM: INFO: ******* Exporting Selected Customers to Excel *******
09/11/2026 08:51:09 PM: INFO: ******* Download directory: C:\Users\hp\PycharmProjects\Python_Selenium_Hybrid\downloads *******
09/11/2026 08:51:13 PM: INFO: ******* Login Successful *****
09/11/2026 08:51:13 PM: INFO: ****** Navigating to Customers ******
09/11/2026 08:51:19 PM: INFO: ****** Customers page opened ******
09/11/2026 08:51:21 PM: INFO: ******* Customers Selected Successfully *******
09/11/2026 08:51:27 PM: INFO: ******* Export Selected Excel button clicked *******
09/11/2026 08:51:27 PM: INFO: ******* Excel Downloaded Successfully: customers.xlsx *******
09/11/2026 08:51:27 PM: INFO: ******* Excel File Verification Successful *******
09/11/2026 08:51:43 PM: INFO: ******* Exporting Selected Customers to XML *******
09/11/2026 08:51:46 PM: INFO: ******* Download directory: C:\Users\hp\PycharmProjects\Python_Selenium_Hybrid\downloads *******
09/11/2026 08:51:49 PM: INFO: ******* Login Successful *****
09/11/2026 08:51:49 PM: INFO: ****** Navigating to Customers ******
09/11/2026 08:51:54 PM: INFO: ****** Customers page opened ******
09/11/2026 08:51:56 PM: INFO: ******* Customers Selected Successfully *******
09/11/2026 08:52:03 PM: INFO: ******* Export Selected XML button clicked *******
09/11/2026 08:52:03 PM: INFO: ******* XML Downloaded Successfully: customers.xml *******
09/11/2026 08:52:03 PM: INFO: ******* XML File Verification Successful *******
09/11/2026 08:52:24 PM: INFO: ********Verify Login Test********
09/11/2026 08:52:29 PM: INFO: ********Login test Passed********
09/11/2026 08:52:45 PM: INFO: **********Test_002_DDT_Login********
09/11/2026 08:52:45 PM: INFO: ********Verify Login DDT Test********
09/11/2026 08:52:52 PM: INFO: Row 2: *****Test Passed*****
09/11/2026 08:52:55 PM: INFO: Row 3: *****Test Passed*****
09/11/2026 08:52:59 PM: INFO: Row 4: *****Test Passed*****
09/11/2026 08:53:02 PM: INFO: Row 5: *****Test Passed*****
09/11/2026 08:53:06 PM: INFO: Row 6: *****Test Passed*****
09/11/2026 08:53:06 PM: INFO: ****Login DDT Test Passed****
09/11/2026 08:53:08 PM: INFO: ****End of Login DDT Test****
09/11/2026 08:53:08 PM: INFO: *****Completed TC_LoginDDT_002******
09/11/2026 08:53:22 PM: INFO: ******* SearchCustomerByEmail_004 *********
09/11/2026 08:53:29 PM: INFO: *********** Login Successful **********
09/11/2026 08:53:29 PM: INFO: ********** Starting SearchCustomerByEmail_004 **********
09/11/2026 08:53:31 PM: INFO: ******** Searching customer by email ID ***********
09/11/2026 08:53:32 PM: INFO: ******** Customer found successfully ********
09/11/2026 08:53:32 PM: INFO: ******** TC_SearchCustomerByEmail_004 Finished **********
09/11/2026 08:53:40 PM: WARNING: Retrying (Retry(total=2, connect=None, read=None, redirect=None, status=None)) after connection broken by 'NewConnectionError("HTTPConnection(host='localhost', port=54343): Failed to establish a new connection: [WinError 10061] No connection could be made because the target machine actively refused it")': /session/9760059c-f870-4876-89a2-401da8a11735
09/11/2026 08:53:44 PM: WARNING: Retrying (Retry(total=1, connect=None, read=None, redirect=None, status=None)) after connection broken by 'NewConnectionError("HTTPConnection(host='localhost', port=54343): Failed to establish a new connection: [WinError 10061] No connection could be made because the target machine actively refused it")': /session/9760059c-f870-4876-89a2-401da8a11735
09/11/2026 08:53:48 PM: WARNING: Retrying (Retry(total=0, connect=None, read=None, redirect=None, status=None)) after connection broken by 'NewConnectionError("HTTPConnection(host='localhost', port=54343): Failed to establish a new connection: [WinError 10061] No connection could be made because the target machine actively refused it")': /session/9760059c-f870-4876-89a2-401da8a11735
09/11/2026 08:54:04 PM: INFO: ******* SearchCustomerByName_005 *********
09/11/2026 08:54:08 PM: INFO: *********** Login Successful **********
09/11/2026 08:54:08 PM: INFO: ********** Starting SearchCustomerByName_005 **********
09/11/2026 08:54:13 PM: INFO: ******** Customers page opened ********
09/11/2026 08:54:13 PM: INFO: ******** Searching customer by Name ***********
09/11/2026 08:54:15 PM: INFO: ******** TC_SearchCustomerByName_005 Finished **********
09/11/2026 08:54:31 PM: INFO: *****SearchVendorByName_013*****
09/11/2026 08:54:37 PM: INFO: ***********Login Successful**********
09/11/2026 08:54:37 PM: INFO: **********Starting SearchVendorByName_013**********
09/11/2026 08:54:40 PM: INFO: ******** searching vendor by Email***********
09/11/2026 08:54:44 PM: INFO: ********TC_SearchvendorrByEmail_014 Finished**********
09/11/2026 08:54:59 PM: INFO: *****SearchVendorByName_013*****
09/11/2026 08:55:03 PM: INFO: ***********Login Successful**********
09/11/2026 08:55:03 PM: INFO: **********Starting SearchVendorByName_013**********
09/11/2026 08:55:08 PM: INFO: ******** searching vendor by Name***********
09/11/2026 08:55:08 PM: INFO: Selected Vendor Name: Vendor1
09/11/2026 08:55:08 PM: INFO: *******Searching Vendor by Name: {vendor_name}********
09/11/2026 08:55:12 PM: INFO: ********TC_SearchvendorrByName_013 Finished**********
09/11/2026 08:55:28 PM: INFO: ***** SearchActivityDate_016 *****
09/11/2026 08:55:35 PM: INFO: *********** Login Successful **********
09/11/2026 08:55:35 PM: INFO: ********** Starting SearchActivityDate_016 **********
09/11/2026 08:55:38 PM: INFO: Activity log rows found: 6
09/11/2026 08:55:51 PM: INFO: *****SearchActivityIP_017*****
09/11/2026 08:55:55 PM: INFO: ***********Login Successful**********
09/11/2026 08:55:55 PM: INFO: **********Starting SearchActivityIP_017**********
09/11/2026 08:56:14 PM: INFO: *****SearchActivity_LogType_018*****
09/11/2026 08:56:19 PM: INFO: ***********Login Successful**********
09/11/2026 08:56:19 PM: INFO: **********Starting SearchActivity_LogType_018**********
09/11/2026 08:56:35 PM: INFO: *****SearchCustomer_RoleAdministrator_021*****
09/11/2026 08:56:40 PM: INFO: ***********Login Successful**********
09/11/2026 08:56:43 PM: INFO: Administrator search result count: 1
09/11/2026 08:56:57 PM: INFO: *****SearchCustomer_RoleForumModerator_023*****
09/11/2026 08:57:03 PM: INFO: ***********Login Successful**********
09/11/2026 08:57:06 PM: INFO: Forum Moderator search result count: 1
09/11/2026 08:57:22 PM: INFO: *****SearchCustomer_Role_Guests_024*****
09/11/2026 08:57:25 PM: INFO: ***********Login Successful**********
09/11/2026 08:57:25 PM: INFO: ********Starting_SearchGuest_Role_024******
09/11/2026 08:57:30 PM: INFO: Normal table customer count: 15
09/11/2026 08:57:32 PM: INFO: Guests search result count: 15
09/11/2026 08:57:48 PM: INFO: ***** Test_SearchProductByName_029 *****
09/11/2026 08:58:32 PM: INFO: ***** Login Successful *****
09/11/2026 08:58:32 PM: INFO: ***** Starting Search Product By Name Test *****
09/11/2026 08:58:42 PM: INFO: Dynamic product selected: Test Product 6658
09/11/2026 08:58:43 PM: INFO: Product 'Test Product 6658' found successfully
09/11/2026 08:59:01 PM: INFO: *****Test_SearchProductBySKU_030*****
09/11/2026 08:59:57 PM: INFO: *****Login Successful******
09/11/2026 09:00:18 PM: INFO: ********** Test_SearchProductByVendor_031 Started **********
09/11/2026 09:00:19 PM: INFO: Application URL opened: https://localhost:59579/admin
09/11/2026 09:00:20 PM: INFO: ********** Login Successful **********
09/11/2026 09:00:21 PM: INFO: ********** Products page opened successfully **********
09/11/2026 09:00:24 PM: INFO: ********** Product search performed for Vendor1 **********
09/11/2026 09:00:25 PM: INFO: ********** 'No data available in table' validated **********
09/11/2026 09:00:25 PM: INFO: ********** 'No records' validated **********
09/11/2026 09:00:25 PM: INFO: ********** Test_SearchProductByVendor_031 Passed **********
09/11/2026 09:00:40 PM: INFO: *****SearchCustomer_RoleRegistered_022*****
09/11/2026 09:00:43 PM: INFO: ***********Login Successful**********
09/11/2026 09:00:46 PM: INFO: Normal table customer count: 15
09/11/2026 09:00:47 PM: INFO: Registered search result count: 2
09/11/2026 09:01:00 PM: INFO: *****SearchCustomer_Role_Vendors_025*****
09/11/2026 09:01:47 PM: INFO: ***********Login Successful**********
09/11/2026 09:01:47 PM: INFO: ********Starting_SearchVendor_Role_025******
09/11/2026 09:30:02 PM: INFO: ******* Test_EditVendor_015 *******
09/11/2026 09:30:07 PM: INFO: *********** Login Successful **********
09/11/2026 09:30:09 PM: INFO: ******** Starting Edit Vendor Test ********
09/11/2026 09:30:11 PM: INFO: Vendor selected for editing: Vendor1
09/11/2026 09:30:12 PM: INFO: Vendor 'Vendor1' found successfully
09/11/2026 09:32:22 PM: INFO: *****SearchCustomer_Role_Vendors_025*****
09/11/2026 09:32:28 PM: INFO: ***********Login Successful**********
09/11/2026 09:32:28 PM: INFO: ********Starting_SearchVendor_Role_025******
09/11/2026 09:32:30 PM: INFO: Normal table customer count: 3
09/11/2026 09:32:30 PM: INFO: Vendor search result count: 0
09/11/2026 09:33:33 PM: INFO: ******* Test_EditVendor_015 *******
09/11/2026 09:33:38 PM: INFO: *********** Login Successful **********
09/11/2026 09:33:40 PM: INFO: ******** Starting Edit Vendor Test ********
09/11/2026 09:33:42 PM: INFO: Vendor selected for editing: Vendor1
09/11/2026 09:33:42 PM: INFO: Vendor 'Vendor1' found successfully
09/11/2026 09:33:58 PM: INFO: *****SearchCustomer_Role_Vendors_025*****
09/11/2026 09:34:04 PM: INFO: ***********Login Successful**********
09/11/2026 09:34:04 PM: INFO: ********Starting_SearchVendor_Role_025******
09/11/2026 09:34:07 PM: INFO: Normal table customer count: 5
09/11/2026 09:34:07 PM: INFO: Vendor search result count: 0
09/11/2026 09:35:15 PM: INFO: *** Test_BulkEditProductSaveAll_035 ***
09/11/2026 09:35:22 PM: INFO: ***** Login Successful *****
09/11/2026 09:35:22 PM: INFO: ***** Starting Bulk Edit Product Save All Test *****
09/11/2026 09:35:28 PM: INFO: Product Name: Test Product 7002
09/11/2026 09:35:28 PM: INFO: SKU: SKU 38045
09/11/2026 09:35:28 PM: INFO: New Price: 2000
09/11/2026 09:35:28 PM: INFO: Old Price: 1000
09/11/2026 09:35:28 PM: INFO: Stock Quantity: 1000
09/11/2026 09:35:29 PM: INFO: Bulk Edit Save All completed
09/11/2026 09:35:31 PM: INFO: Product 'Test Product 7002' successfully found in Products table
09/11/2026 09:35:46 PM: INFO: *** Test_BulkEditProductSaveSelected_036 ***
09/11/2026 09:35:50 PM: INFO: ***** Login Successful *****
09/11/2026 09:36:29 PM: INFO: ***** Test_BulkEditProductSearchPublishType_039*****
09/11/2026 09:36:34 PM: INFO: ***** Login Successful *****
09/11/2026 09:36:34 PM: INFO: ***** Starting Bulk Edit Product Search Publish Type Test *****
09/11/2026 09:42:46 PM: INFO: *** Test_BulkEditProductSaveSelected_036 ***
09/11/2026 09:42:53 PM: INFO: ***** Login Successful *****
09/11/2026 09:46:25 PM: INFO: *** Test_BulkEditProductSaveSelected_036 ***
09/11/2026 09:46:31 PM: INFO: ***** Login Successful *****
09/11/2026 09:46:47 PM: INFO: Product Name: Test Product 2195
09/11/2026 09:46:47 PM: INFO: SKU: SKU 20678
09/11/2026 09:46:47 PM: INFO: New Price: 2000
09/11/2026 09:46:47 PM: INFO: Old Price: 1000
09/11/2026 09:46:47 PM: INFO: Stock Quantity: 1000
09/11/2026 09:46:49 PM: INFO: Product 'Test Product 2195' selected
09/11/2026 09:46:50 PM: INFO: Save Selected completed
09/11/2026 09:46:51 PM: INFO: Returned to Products List
09/11/2026 09:46:52 PM: INFO: Searching for product 'Test Product 2195'
09/11/2026 09:46:53 PM: INFO: Product 'Test Product 2195' successfully found in Products table
09/12/2026 12:43:13 PM: INFO: ******* Deleting Customer *******
09/12/2026 12:43:30 PM: INFO: ******* Login Successful *****
09/12/2026 12:43:33 PM: INFO: ******* Customers page opened *******
09/12/2026 12:43:36 PM: INFO: ******* Edit Customer button clicked *******
09/12/2026 12:43:38 PM: INFO: ******* Edit Customer page opened successfully *******
09/12/2026 12:43:38 PM: INFO: ******* Delete Customer button clicked *******
09/12/2026 12:43:49 PM: INFO: ******* Delete confirmation accepted *******
09/12/2026 12:43:50 PM: INFO: ********* Delete Customer test passed **********
09/12/2026 12:43:52 PM: INFO: ****** Ending Delete Customer Test *******
09/12/2026 12:44:04 PM: INFO: *****Test_DeleteProduct_Select_033*****
09/12/2026 12:44:09 PM: INFO: *****Login Successful******
09/12/2026 12:44:09 PM: INFO: *****Starting Delete Selected Product test*****
09/12/2026 12:44:12 PM: INFO: ***** Product 'Test Product 6215' was deleted successfully *****
09/12/2026 12:44:26 PM: INFO: *****Test_DeleteProduct_032*****
09/12/2026 12:44:30 PM: INFO: *****Login Successful******
09/12/2026 12:44:30 PM: INFO: *****Staring Delete Product test*****
09/12/2026 12:44:36 PM: INFO: ***** Product deleted successfully *****
09/12/2026 12:45:13 PM: INFO: ******* Editing Customer *******
09/12/2026 12:45:16 PM: INFO: ******* Login Successful *****
09/12/2026 12:45:19 PM: INFO: ******* Customers page opened *******
09/12/2026 12:45:21 PM: INFO: ******* Edit Customer button clicked *******
09/12/2026 12:45:21 PM: INFO: ******* Edit Customer page opened successfully *******
09/12/2026 12:45:23 PM: INFO: ********* Edit Customer test passed **********
09/12/2026 12:45:26 PM: INFO: ****** Ending Edit Customer Test *******
09/12/2026 12:45:38 PM: INFO: ***** Test_EditProduct_032 *****
09/12/2026 12:45:42 PM: INFO: ***** Login Successful *****
09/12/2026 12:45:42 PM: INFO: ***** Opening Catalog -> Products *****
09/12/2026 12:45:49 PM: INFO: ***** Dynamic Product Selected: Test Product 6658 *****
09/12/2026 12:45:50 PM: INFO: ***** Edit page opened for: Test Product 6658 *****
09/12/2026 12:45:51 PM: INFO: ***** Product details updated: SKU=SKU68031, Price=999 *****
09/12/2026 12:45:51 PM: INFO: ***** Save button clicked *****
09/12/2026 12:45:52 PM: INFO: ***** Product updated successfully *****
09/12/2026 12:46:07 PM: INFO: ******* Test_EditVendor_015 *******
09/12/2026 12:46:12 PM: INFO: *********** Login Successful **********
09/12/2026 12:46:13 PM: INFO: ******** Starting Edit Vendor Test ********
09/12/2026 12:46:15 PM: INFO: Vendor selected for editing: Vendor1
09/12/2026 12:46:15 PM: INFO: Vendor 'Vendor1' found successfully
09/12/2026 12:46:28 PM: INFO: ******VerifyActivityTypeDisplayed******
09/12/2026 12:46:32 PM: INFO: ***********Login Successful**********
09/12/2026 12:46:32 PM: INFO: ********Starting Verify Activity Type**********
09/12/2026 12:46:35 PM: INFO: fActivity Type '{activity_name}' Status: {result}
09/12/2026 12:46:35 PM: INFO: fActivity Type '{activity_name}' Status: {result}
09/12/2026 12:46:49 PM: INFO: ********** Test_003_AddCustomer **********
09/12/2026 12:46:53 PM: INFO: ********* Login Successful **********
09/12/2026 12:46:53 PM: INFO: ********* Starting Add Customer Test *********
09/12/2026 12:47:01 PM: INFO: ******** Providing customer information ********
09/12/2026 12:47:02 PM: INFO: ******** Customer information provided ********
09/12/2026 12:47:03 PM: INFO: ******** Saving customer information ********
09/12/2026 12:47:03 PM: INFO: Success message: ×
The new customer has been added successfully.
09/12/2026 12:47:03 PM: INFO: ******** Customer added successfully ********
09/12/2026 12:47:03 PM: INFO: ******** Verifying customer in Customers grid ********
09/12/2026 12:47:19 PM: INFO: ******** Customers page opened ********
09/12/2026 12:47:21 PM: INFO: ******** Searching for zso6r26y@gmail.com ********
09/12/2026 12:47:21 PM: INFO: ******** Customer found in Customers grid ********
09/12/2026 12:47:21 PM: INFO: ******** Add customer test passed ********
09/12/2026 12:47:34 PM: INFO: *****Test_AddProduct_028*****
09/12/2026 12:47:37 PM: INFO: *****Login Successful******
09/12/2026 12:47:37 PM: INFO: *****Staring Add Product test*****
09/12/2026 12:47:41 PM: INFO: *****Providing product details*******
09/12/2026 12:47:58 PM: INFO: ******* Test_012_AddVendor *******
09/12/2026 12:48:03 PM: INFO: ***** Login Successfully *****
09/12/2026 12:48:03 PM: INFO: ****** Starting Add Vendor Test ******
09/12/2026 12:48:05 PM: INFO: ****** Providing Vendor Info ******
09/12/2026 12:48:08 PM: INFO: After Save URL: https://localhost:59579/Admin/Vendor/List
09/12/2026 12:48:08 PM: INFO: ******Vendor added successfully******
09/12/2026 12:48:22 PM: INFO: *** Test_BulkEditProductSaveAll_035 ***
09/12/2026 12:48:26 PM: INFO: ***** Login Successful *****
09/12/2026 12:48:26 PM: INFO: ***** Starting Bulk Edit Product Save All Test *****
09/12/2026 12:48:46 PM: INFO: Product Name: Test Product 3155
09/12/2026 12:48:46 PM: INFO: SKU: SKU 15042
09/12/2026 12:48:46 PM: INFO: New Price: 2000
09/12/2026 12:48:46 PM: INFO: Old Price: 1000
09/12/2026 12:48:46 PM: INFO: Stock Quantity: 1000
09/12/2026 12:48:48 PM: INFO: Bulk Edit Save All completed
09/12/2026 12:48:50 PM: INFO: Product 'Test Product 3155' successfully found in Products table
09/12/2026 12:49:05 PM: INFO: *** Test_BulkEditProductSaveSelected_036 ***
09/12/2026 12:49:09 PM: INFO: ***** Login Successful *****
09/12/2026 12:49:48 PM: INFO: ***** Test_BulkEditSearchProductName_037 *****
09/12/2026 12:49:53 PM: INFO: ***** Login Successful *****
09/12/2026 12:49:53 PM: INFO: ***** Starting Bulk Edit Product Search By Name Test *****
09/12/2026 12:49:57 PM: INFO: Dynamic product selected: Test Product 6658
09/12/2026 12:49:59 PM: INFO: Product 'Test Product 6658' displayed successfully
09/12/2026 12:50:14 PM: INFO: ***** Test_BulkEditProductSearchProductType_038*****
09/12/2026 12:50:18 PM: INFO: ***** Login Successful *****
09/12/2026 12:50:18 PM: INFO: ***** Starting Bulk Edit Product Search Product Type Test *****
09/12/2026 12:50:53 PM: INFO: ***** Test_BulkEditProductSearchPublishType_039*****
09/12/2026 12:50:57 PM: INFO: ***** Login Successful *****
09/12/2026 12:50:57 PM: INFO: ***** Starting Bulk Edit Product Search Publish Type Test *****
09/12/2026 12:51:32 PM: INFO: ***** Test_BulkEditProductSearchVendor_037*****
09/12/2026 12:51:36 PM: INFO: ***** Login Successful *****
09/12/2026 12:51:36 PM: INFO: ***** Starting Bulk Edit Product Search Vendor Test *****
09/12/2026 12:52:12 PM: INFO: *****Clear_ActivityLogs_020*****
09/12/2026 12:52:16 PM: INFO: ***********Login Successful**********
09/12/2026 12:52:16 PM: INFO: **********Starting Clear_ActivityLogs_020**********
09/12/2026 12:52:21 PM: INFO: **********Clear_ActivityLogs_020 completed**********
09/12/2026 12:52:37 PM: INFO: *****Delete_SingleActivity_019*****
09/12/2026 12:52:50 PM: INFO: ***********Login Successful**********
09/12/2026 12:52:50 PM: INFO: **********Starting Delete_SingleActivity_019**********
09/12/2026 12:52:52 PM: INFO: Customers available for export: 15
09/12/2026 12:52:57 PM: INFO: ******Customers exported successfully*******
09/12/2026 12:52:59 PM: INFO: Activity Log records found: 1
09/12/2026 12:52:59 PM: INFO: ******Activity Log delete clicked*******
09/12/2026 12:53:28 PM: INFO: ******* Exporting All Customers to Excel *******
09/12/2026 12:53:32 PM: INFO: ******* Download directory: C:\Users\hp\PycharmProjects\Python_Selenium_Hybrid\downloads *******
09/12/2026 12:53:34 PM: INFO: ******* Login Successful *****
09/12/2026 12:53:34 PM: INFO: ****** Starting Export All Customers *******
09/12/2026 12:53:35 PM: INFO: ****** Customers page opened ******
09/12/2026 12:53:47 PM: INFO: ******* Export All Customers Excel button clicked *******
09/12/2026 12:53:47 PM: INFO: ******* Excel Downloaded Successfully: customers.xlsx *******
09/12/2026 12:53:47 PM: INFO: ******* Excel File Verification Successful *******
09/12/2026 12:54:21 PM: INFO: ******* Exporting All Customers to XML *******
09/12/2026 12:54:23 PM: INFO: ******* Download directory: C:\Users\hp\PycharmProjects\Python_Selenium_Hybrid\downloads *******
09/12/2026 12:54:26 PM: INFO: ******* Login Successful *****
09/12/2026 12:54:26 PM: INFO: ****** Starting Export All Customers *******
09/12/2026 12:54:28 PM: INFO: ****** Customers page opened ******
09/12/2026 12:54:37 PM: INFO: ******* Export All Customers XML button clicked *******
09/12/2026 12:54:37 PM: INFO: ******* XML Downloaded Successfully: customers.xml *******
09/12/2026 12:54:37 PM: INFO: ******* XML File Verification Successful *******
09/12/2026 12:55:06 PM: INFO: ******* Exporting Selected Customers to Excel *******
09/12/2026 12:55:07 PM: INFO: ******* Download directory: C:\Users\hp\PycharmProjects\Python_Selenium_Hybrid\downloads *******
09/12/2026 12:55:10 PM: INFO: ******* Login Successful *****
09/12/2026 12:55:10 PM: INFO: ****** Navigating to Customers ******
09/12/2026 12:55:12 PM: INFO: ****** Customers page opened ******
09/12/2026 12:55:14 PM: INFO: ******* Customers Selected Successfully *******
09/12/2026 12:55:21 PM: INFO: ******* Export Selected Excel button clicked *******
09/12/2026 12:55:21 PM: INFO: ******* Excel Downloaded Successfully: customers.xlsx *******
09/12/2026 12:55:21 PM: INFO: ******* Excel File Verification Successful *******
09/12/2026 12:55:40 PM: INFO: ******* Exporting Selected Customers to XML *******
09/12/2026 12:55:42 PM: INFO: ******* Download directory: C:\Users\hp\PycharmProjects\Python_Selenium_Hybrid\downloads *******
09/12/2026 12:55:46 PM: INFO: ******* Login Successful *****
09/12/2026 12:55:46 PM: INFO: ****** Navigating to Customers ******
09/12/2026 12:55:48 PM: INFO: ****** Customers page opened ******
09/12/2026 12:55:52 PM: INFO: ******* Customers Selected Successfully *******
09/12/2026 12:55:59 PM: INFO: ******* Export Selected XML button clicked *******
09/12/2026 12:55:59 PM: INFO: ******* XML Downloaded Successfully: customers.xml *******
09/12/2026 12:55:59 PM: INFO: ******* XML File Verification Successful *******
09/12/2026 12:56:16 PM: INFO: ********Verify Login Test********
09/12/2026 12:56:25 PM: INFO: ********Login test Passed********
09/12/2026 12:56:44 PM: INFO: **********Test_002_DDT_Login********
09/12/2026 12:56:44 PM: INFO: ********Verify Login DDT Test********
09/12/2026 12:56:51 PM: INFO: Row 2: *****Test Passed*****
09/12/2026 12:56:55 PM: INFO: Row 3: *****Test Passed*****
09/12/2026 12:56:58 PM: INFO: Row 4: *****Test Passed*****
09/12/2026 12:57:01 PM: INFO: Row 5: *****Test Passed*****
09/12/2026 12:57:06 PM: INFO: Row 6: *****Test Passed*****
09/12/2026 12:57:06 PM: INFO: ****Login DDT Test Passed****
09/12/2026 12:57:08 PM: INFO: ****End of Login DDT Test****
09/12/2026 12:57:08 PM: INFO: *****Completed TC_LoginDDT_002******
09/12/2026 12:57:26 PM: INFO: ******* SearchCustomerByEmail_004 *********
09/12/2026 12:57:31 PM: INFO: *********** Login Successful **********
09/12/2026 12:57:31 PM: INFO: ********** Starting SearchCustomerByEmail_004 **********
09/12/2026 12:57:45 PM: INFO: ******** Searching customer by email ID ***********
09/12/2026 12:57:51 PM: INFO: ******** Customer found successfully ********
09/12/2026 12:57:51 PM: INFO: ******** TC_SearchCustomerByEmail_004 Finished **********
09/12/2026 12:58:02 PM: WARNING: Retrying (Retry(total=2, connect=None, read=None, redirect=None, status=None)) after connection broken by 'NewConnectionError("HTTPConnection(host='localhost', port=54064): Failed to establish a new connection: [WinError 10061] No connection could be made because the target machine actively refused it")': /session/cc9f39c2-5da4-477b-9f6f-29cb8a84896b
09/12/2026 12:58:06 PM: WARNING: Retrying (Retry(total=1, connect=None, read=None, redirect=None, status=None)) after connection broken by 'NewConnectionError("HTTPConnection(host='localhost', port=54064): Failed to establish a new connection: [WinError 10061] No connection could be made because the target machine actively refused it")': /session/cc9f39c2-5da4-477b-9f6f-29cb8a84896b
09/12/2026 12:58:10 PM: WARNING: Retrying (Retry(total=0, connect=None, read=None, redirect=None, status=None)) after connection broken by 'NewConnectionError("HTTPConnection(host='localhost', port=54064): Failed to establish a new connection: [WinError 10061] No connection could be made because the target machine actively refused it")': /session/cc9f39c2-5da4-477b-9f6f-29cb8a84896b
09/12/2026 12:58:24 PM: INFO: ******* SearchCustomerByName_005 *********
09/12/2026 12:58:28 PM: INFO: *********** Login Successful **********
09/12/2026 12:58:28 PM: INFO: ********** Starting SearchCustomerByName_005 **********
09/12/2026 12:58:30 PM: INFO: ******** Customers page opened ********
09/12/2026 12:58:30 PM: INFO: ******** Searching customer by Name ***********
09/12/2026 12:58:32 PM: INFO: ******** TC_SearchCustomerByName_005 Finished **********
09/12/2026 12:58:45 PM: INFO: *****SearchVendorByName_013*****
09/12/2026 12:58:49 PM: INFO: ***********Login Successful**********
09/12/2026 12:58:49 PM: INFO: **********Starting SearchVendorByName_013**********
09/12/2026 12:58:51 PM: INFO: ******** searching vendor by Email***********
09/12/2026 12:58:55 PM: INFO: ********TC_SearchvendorrByEmail_014 Finished**********
09/12/2026 12:59:11 PM: INFO: *****SearchVendorByName_013*****
09/12/2026 12:59:16 PM: INFO: ***********Login Successful**********
09/12/2026 12:59:16 PM: INFO: **********Starting SearchVendorByName_013**********
09/12/2026 12:59:18 PM: INFO: ******** searching vendor by Name***********
09/12/2026 12:59:19 PM: INFO: Selected Vendor Name: Vendor1
09/12/2026 12:59:19 PM: INFO: *******Searching Vendor by Name: {vendor_name}********
09/12/2026 12:59:22 PM: INFO: ********TC_SearchvendorrByName_013 Finished**********
09/12/2026 12:59:36 PM: INFO: ***** SearchActivityDate_016 *****
09/12/2026 12:59:41 PM: INFO: *********** Login Successful **********
09/12/2026 12:59:41 PM: INFO: ********** Starting SearchActivityDate_016 **********
09/12/2026 12:59:44 PM: INFO: Activity log rows found: 6
09/12/2026 01:00:01 PM: INFO: *****SearchActivityIP_017*****
09/12/2026 01:00:05 PM: INFO: ***********Login Successful**********
09/12/2026 01:00:05 PM: INFO: **********Starting SearchActivityIP_017**********
09/12/2026 01:00:24 PM: INFO: *****SearchActivity_LogType_018*****
09/12/2026 01:00:27 PM: INFO: ***********Login Successful**********
09/12/2026 01:00:27 PM: INFO: **********Starting SearchActivity_LogType_018**********
09/12/2026 01:00:43 PM: INFO: *****SearchCustomer_RoleAdministrator_021*****
09/12/2026 01:00:47 PM: INFO: ***********Login Successful**********
09/12/2026 01:00:50 PM: INFO: Administrator search result count: 1
09/12/2026 01:01:04 PM: INFO: *****SearchCustomer_RoleForumModerator_023*****
09/12/2026 01:01:07 PM: INFO: ***********Login Successful**********
09/12/2026 01:01:12 PM: INFO: Forum Moderator search result count: 1
09/12/2026 01:01:25 PM: INFO: *****SearchCustomer_Role_Guests_024*****
09/12/2026 01:01:28 PM: INFO: ***********Login Successful**********
09/12/2026 01:01:28 PM: INFO: ********Starting_SearchGuest_Role_024******
09/12/2026 01:01:32 PM: INFO: Normal table customer count: 15
09/12/2026 01:01:34 PM: INFO: Guests search result count: 15
09/12/2026 01:01:48 PM: INFO: ***** Test_SearchProductByName_029 *****
09/12/2026 01:01:52 PM: INFO: ***** Login Successful *****
09/12/2026 01:01:52 PM: INFO: ***** Starting Search Product By Name Test *****
09/12/2026 01:01:56 PM: INFO: Dynamic product selected: Test Product 6658
09/12/2026 01:01:57 PM: INFO: Product 'Test Product 6658' found successfully
09/12/2026 01:02:11 PM: INFO: *****Test_SearchProductBySKU_030*****
09/12/2026 01:02:16 PM: INFO: *****Login Successful******
09/12/2026 01:02:38 PM: INFO: ********** Test_SearchProductByVendor_031 Started **********
09/12/2026 01:02:41 PM: INFO: Application URL opened: https://localhost:59579/admin
09/12/2026 01:02:44 PM: INFO: ********** Login Successful **********
09/12/2026 01:02:50 PM: INFO: ********** Products page opened successfully **********
09/12/2026 01:03:26 PM: INFO: *****SearchCustomer_RoleRegistered_022*****
09/12/2026 01:03:30 PM: INFO: ***********Login Successful**********
09/12/2026 01:03:35 PM: INFO: Normal table customer count: 15
09/12/2026 01:03:37 PM: INFO: Registered search result count: 2
09/12/2026 01:03:52 PM: INFO: *****SearchCustomer_Role_Vendors_025*****
09/12/2026 01:03:55 PM: INFO: ***********Login Successful**********
09/12/2026 01:03:55 PM: INFO: ********Starting_SearchVendor_Role_025******
09/12/2026 01:03:59 PM: INFO: Normal table customer count: 15
09/12/2026 01:04:00 PM: INFO: Vendor search result count: 0
09/12/2026 01:12:06 PM: INFO: *** Test_BulkEditProductSaveSelected_036 ***
09/12/2026 01:12:11 PM: INFO: ***** Login Successful *****
09/12/2026 01:26:51 PM: INFO: *** Test_BulkEditProductSaveSelected_036 ***
09/12/2026 01:26:56 PM: INFO: ***** Login Successful *****
09/12/2026 01:27:00 PM: INFO: Product Name: Test Product 7381
09/12/2026 01:27:00 PM: INFO: SKU: SKU 98956
09/12/2026 01:27:00 PM: INFO: New Price: 2000
09/12/2026 01:27:00 PM: INFO: Old Price: 1000
09/12/2026 01:27:00 PM: INFO: Stock Quantity: 1000
09/12/2026 01:27:01 PM: INFO: Product 'Test Product 7381' selected
09/12/2026 01:27:03 PM: INFO: Save Selected completed
09/12/2026 01:27:03 PM: INFO: Returned to Products List
09/12/2026 01:27:04 PM: INFO: Searching for product 'Test Product 7381'
09/12/2026 01:27:04 PM: INFO: Product 'Test Product 7381' successfully found in Products table
09/12/2026 01:28:19 PM: INFO: *** Test_BulkEditProductSaveSelected_036 ***
09/12/2026 01:28:23 PM: INFO: ***** Login Successful *****
09/12/2026 01:28:27 PM: INFO: Product Name: Test Product 3253
09/12/2026 01:28:27 PM: INFO: SKU: SKU 43075
09/12/2026 01:28:27 PM: INFO: New Price: 2000
09/12/2026 01:28:27 PM: INFO: Old Price: 1000
09/12/2026 01:28:27 PM: INFO: Stock Quantity: 1000
09/12/2026 01:28:29 PM: INFO: Product 'Test Product 3253' selected
09/12/2026 01:28:31 PM: INFO: Save Selected completed
09/12/2026 01:28:32 PM: INFO: Returned to Products List
09/12/2026 01:28:32 PM: INFO: Searching for product 'Test Product 3253'
09/12/2026 01:28:33 PM: INFO: Product 'Test Product 3253' successfully found in Products table
09/12/2026 01:29:37 PM: INFO: ******* Deleting Customer *******
09/12/2026 01:29:51 PM: INFO: ******* Login Successful *****
09/12/2026 01:29:56 PM: INFO: ******* Customers page opened *******
09/12/2026 01:30:03 PM: INFO: ******* Edit Customer button clicked *******
09/12/2026 01:30:05 PM: INFO: ******* Edit Customer page opened successfully *******
09/12/2026 01:30:05 PM: INFO: ******* Delete Customer button clicked *******
09/12/2026 01:30:17 PM: INFO: ******* Delete confirmation accepted *******
09/12/2026 01:30:17 PM: INFO: ********* Delete Customer test passed **********
09/12/2026 01:30:18 PM: INFO: ****** Ending Delete Customer Test *******
09/12/2026 01:30:24 PM: INFO: *****Test_DeleteProduct_Select_033*****
09/12/2026 01:30:34 PM: INFO: *****Login Successful******
09/12/2026 01:30:34 PM: INFO: *****Starting Delete Selected Product test*****
09/12/2026 01:30:39 PM: INFO: ***** Product 'Test Product 3767' was deleted successfully *****
09/12/2026 01:30:50 PM: INFO: *****Test_DeleteProduct_032*****
09/12/2026 01:31:00 PM: INFO: *****Login Successful******
09/12/2026 01:31:00 PM: INFO: *****Staring Delete Product test*****
09/12/2026 01:31:15 PM: INFO: ***** Product deleted successfully *****
09/12/2026 01:32:06 PM: INFO: ******* Editing Customer *******
09/12/2026 01:32:11 PM: INFO: ******* Login Successful *****
09/12/2026 01:32:16 PM: INFO: ******* Customers page opened *******
09/12/2026 01:32:19 PM: INFO: ******* Edit Customer button clicked *******
09/12/2026 01:32:19 PM: INFO: ******* Edit Customer page opened successfully *******
09/12/2026 01:32:29 PM: INFO: ********* Edit Customer test passed **********
09/12/2026 01:32:35 PM: INFO: ****** Ending Edit Customer Test *******
09/12/2026 01:32:41 PM: INFO: ***** Test_EditProduct_032 *****
09/12/2026 01:32:47 PM: INFO: ***** Login Successful *****
09/12/2026 01:32:47 PM: INFO: ***** Opening Catalog -> Products *****
09/12/2026 01:32:53 PM: INFO: ***** Dynamic Product Selected: Test Product 6658 *****
09/12/2026 01:32:58 PM: INFO: ***** Edit page opened for: Test Product 6658 *****
09/12/2026 01:33:04 PM: INFO: ***** Product details updated: SKU=SKU80223, Price=999 *****
09/12/2026 01:33:07 PM: INFO: ***** Save button clicked *****
09/12/2026 01:33:07 PM: INFO: ***** Product updated successfully *****
09/12/2026 01:33:15 PM: INFO: ******* Test_EditVendor_015 *******
09/12/2026 01:33:23 PM: INFO: *********** Login Successful **********
09/12/2026 01:33:27 PM: INFO: ******** Starting Edit Vendor Test ********
09/12/2026 01:33:34 PM: INFO: Vendor selected for editing: Vendor1
09/12/2026 01:33:35 PM: INFO: Vendor 'Vendor1' found successfully
09/12/2026 01:33:47 PM: INFO: ******VerifyActivityTypeDisplayed******
09/12/2026 01:33:56 PM: INFO: ***********Login Successful**********
09/12/2026 01:33:56 PM: INFO: ********Starting Verify Activity Type**********
09/12/2026 01:33:59 PM: INFO: fActivity Type '{activity_name}' Status: {result}
09/12/2026 01:33:59 PM: INFO: fActivity Type '{activity_name}' Status: {result}
09/12/2026 01:34:07 PM: INFO: ********** Test_003_AddCustomer **********
09/12/2026 01:34:13 PM: INFO: ********* Login Successful **********
09/12/2026 01:34:13 PM: INFO: ********* Starting Add Customer Test *********
09/12/2026 01:34:20 PM: INFO: ******** Providing customer information ********
09/12/2026 01:34:25 PM: INFO: ******** Customer information provided ********
09/12/2026 01:34:27 PM: INFO: ******** Saving customer information ********
09/12/2026 01:34:27 PM: INFO: Success message: ×
The new customer has been added successfully.
09/12/2026 01:34:27 PM: INFO: ******** Customer added successfully ********
09/12/2026 01:34:27 PM: INFO: ******** Verifying customer in Customers grid ********
09/12/2026 01:34:44 PM: INFO: ******** Customers page opened ********
09/12/2026 01:34:45 PM: INFO: ******** Searching for gpm51zqd@gmail.com ********
09/12/2026 01:34:46 PM: INFO: ******** Customer found in Customers grid ********
09/12/2026 01:34:46 PM: INFO: ******** Add customer test passed ********
09/12/2026 01:34:52 PM: INFO: *****Test_AddProduct_028*****
09/12/2026 01:34:58 PM: INFO: *****Login Successful******
09/12/2026 01:34:58 PM: INFO: *****Staring Add Product test*****
09/12/2026 01:35:09 PM: INFO: *****Providing product details*******
09/12/2026 01:35:28 PM: INFO: ******* Test_012_AddVendor *******
09/12/2026 01:35:32 PM: INFO: ***** Login Successfully *****
09/12/2026 01:35:32 PM: INFO: ****** Starting Add Vendor Test ******
09/12/2026 01:35:40 PM: INFO: ****** Providing Vendor Info ******
09/12/2026 01:35:44 PM: INFO: After Save URL: https://localhost:59579/Admin/Vendor/List
09/12/2026 01:35:44 PM: INFO: ******Vendor added successfully******
09/12/2026 01:35:50 PM: INFO: *** Test_BulkEditProductSaveAll_035 ***
09/12/2026 01:36:01 PM: INFO: ***** Login Successful *****
09/12/2026 01:36:01 PM: INFO: ***** Starting Bulk Edit Product Save All Test *****
09/12/2026 01:36:07 PM: INFO: Product Name: Test Product 9727
09/12/2026 01:36:07 PM: INFO: SKU: SKU 33925
09/12/2026 01:36:07 PM: INFO: New Price: 2000
09/12/2026 01:36:07 PM: INFO: Old Price: 1000
09/12/2026 01:36:07 PM: INFO: Stock Quantity: 1000
09/12/2026 01:36:13 PM: INFO: Bulk Edit Save All completed
09/12/2026 01:36:20 PM: INFO: Product 'Test Product 9727' successfully found in Products table
09/12/2026 01:36:27 PM: INFO: *** Test_BulkEditProductSaveSelected_036 ***
09/12/2026 01:36:32 PM: INFO: ***** Login Successful *****
09/12/2026 01:36:41 PM: INFO: Product Name: Test Product 1489
09/12/2026 01:36:41 PM: INFO: SKU: SKU 70314
09/12/2026 01:36:41 PM: INFO: New Price: 2000
09/12/2026 01:36:41 PM: INFO: Old Price: 1000
09/12/2026 01:36:41 PM: INFO: Stock Quantity: 1000
09/12/2026 01:36:48 PM: INFO: Product 'Test Product 1489' selected
09/12/2026 01:36:51 PM: INFO: Save Selected completed
09/12/2026 01:36:52 PM: INFO: Returned to Products List
09/12/2026 01:36:53 PM: INFO: Searching for product 'Test Product 1489'
09/12/2026 01:36:54 PM: INFO: Product 'Test Product 1489' successfully found in Products table
09/12/2026 01:37:02 PM: INFO: ***** Test_BulkEditSearchProductName_037 *****
09/12/2026 01:37:07 PM: INFO: ***** Login Successful *****
09/12/2026 01:37:07 PM: INFO: ***** Starting Bulk Edit Product Search By Name Test *****
09/12/2026 01:37:11 PM: INFO: Dynamic product selected: Test Product 6658
09/12/2026 01:37:14 PM: INFO: Product 'Test Product 6658' displayed successfully
09/12/2026 01:37:20 PM: INFO: ***** Test_BulkEditProductSearchProductType_038*****
09/12/2026 01:37:26 PM: INFO: ***** Login Successful *****
09/12/2026 01:37:26 PM: INFO: ***** Starting Bulk Edit Product Search Product Type Test *****
09/12/2026 01:37:46 PM: INFO: ***** Test_BulkEditProductSearchPublishType_039*****
09/12/2026 01:37:55 PM: INFO: ***** Login Successful *****
09/12/2026 01:37:55 PM: INFO: ***** Starting Bulk Edit Product Search Publish Type Test *****
09/12/2026 01:38:21 PM: INFO: ***** Test_BulkEditProductSearchVendor_037*****
09/12/2026 01:38:29 PM: INFO: ***** Login Successful *****
09/12/2026 01:38:29 PM: INFO: ***** Starting Bulk Edit Product Search Vendor Test *****
09/12/2026 01:38:42 PM: INFO: *****Clear_ActivityLogs_020*****
09/12/2026 01:38:53 PM: INFO: ***********Login Successful**********
09/12/2026 01:38:53 PM: INFO: **********Starting Clear_ActivityLogs_020**********
09/12/2026 01:38:55 PM: INFO: **********Clear_ActivityLogs_020 completed**********
09/12/2026 01:39:05 PM: INFO: *****Delete_SingleActivity_019*****
09/12/2026 01:39:24 PM: INFO: ***********Login Successful**********
09/12/2026 01:39:24 PM: INFO: **********Starting Delete_SingleActivity_019**********
09/12/2026 01:39:26 PM: INFO: Customers available for export: 15
09/12/2026 01:39:28 PM: INFO: ******Customers exported successfully*******
09/12/2026 01:39:38 PM: INFO: Activity Log records found: 6
09/12/2026 01:39:39 PM: INFO: ******Activity Log delete clicked*******
09/12/2026 01:39:53 PM: INFO: ******* Exporting All Customers to Excel *******
09/12/2026 01:40:03 PM: INFO: ******* Download directory: C:\Users\hp\PycharmProjects\Python_Selenium_Hybrid\downloads *******
09/12/2026 01:40:18 PM: INFO: ******* Login Successful *****
09/12/2026 01:40:18 PM: INFO: ****** Starting Export All Customers *******
09/12/2026 01:40:23 PM: INFO: ****** Customers page opened ******
09/12/2026 01:40:27 PM: INFO: ******* Export All Customers Excel button clicked *******
09/12/2026 01:40:32 PM: INFO: ******* Excel Downloaded Successfully: customers.xlsx *******
09/12/2026 01:40:32 PM: INFO: ******* Excel File Verification Successful *******
09/12/2026 01:40:57 PM: INFO: ******* Exporting All Customers to XML *******
09/12/2026 01:41:07 PM: INFO: ******* Download directory: C:\Users\hp\PycharmProjects\Python_Selenium_Hybrid\downloads *******
09/12/2026 01:41:11 PM: INFO: ******* Login Successful *****
09/12/2026 01:41:11 PM: INFO: ****** Starting Export All Customers *******
09/12/2026 01:41:26 PM: INFO: ****** Customers page opened ******
09/12/2026 01:41:34 PM: INFO: ******* Export All Customers XML button clicked *******
09/12/2026 01:41:37 PM: INFO: ******* XML Downloaded Successfully: customers.xml *******
09/12/2026 01:41:37 PM: INFO: ******* XML File Verification Successful *******
09/12/2026 01:41:44 PM: INFO: ******* Exporting Selected Customers to Excel *******
09/12/2026 01:41:53 PM: INFO: ******* Download directory: C:\Users\hp\PycharmProjects\Python_Selenium_Hybrid\downloads *******
09/12/2026 01:42:04 PM: INFO: ******* Login Successful *****
09/12/2026 01:42:04 PM: INFO: ****** Navigating to Customers ******
09/12/2026 01:42:08 PM: INFO: ****** Customers page opened ******
09/12/2026 01:42:11 PM: INFO: ******* Customers Selected Successfully *******
09/12/2026 01:42:13 PM: INFO: ******* Export Selected Excel button clicked *******
09/12/2026 01:42:14 PM: INFO: ******* Excel Downloaded Successfully: customers.xlsx *******
09/12/2026 01:42:14 PM: INFO: ******* Excel File Verification Successful *******
09/12/2026 01:42:26 PM: INFO: ******* Exporting Selected Customers to XML *******
09/12/2026 01:42:30 PM: INFO: ******* Download directory: C:\Users\hp\PycharmProjects\Python_Selenium_Hybrid\downloads *******
09/12/2026 01:42:39 PM: INFO: ******* Login Successful *****
09/12/2026 01:42:39 PM: INFO: ****** Navigating to Customers ******
09/12/2026 01:42:41 PM: INFO: ****** Customers page opened ******
09/12/2026 01:42:43 PM: INFO: ******* Customers Selected Successfully *******
09/12/2026 01:42:49 PM: INFO: ******* Export Selected XML button clicked *******
09/12/2026 01:42:53 PM: INFO: ******* XML Downloaded Successfully: customers.xml *******
09/12/2026 01:42:53 PM: INFO: ******* XML File Verification Successful *******
09/12/2026 01:43:14 PM: INFO: ********Verify Login Test********
09/12/2026 01:43:25 PM: INFO: ********Login test Passed********
09/12/2026 01:43:32 PM: INFO: **********Test_002_DDT_Login********
09/12/2026 01:43:32 PM: INFO: ********Verify Login DDT Test********
09/12/2026 01:43:45 PM: INFO: Row 2: *****Test Passed*****
09/12/2026 01:43:58 PM: INFO: Row 3: *****Test Passed*****
09/12/2026 01:44:02 PM: INFO: Row 4: *****Test Passed*****
09/12/2026 01:44:05 PM: INFO: Row 5: *****Test Passed*****
09/12/2026 01:44:09 PM: INFO: Row 6: *****Test Passed*****
09/12/2026 01:44:09 PM: INFO: ****Login DDT Test Passed****
09/12/2026 01:44:09 PM: INFO: ****End of Login DDT Test****
09/12/2026 01:44:09 PM: INFO: *****Completed TC_LoginDDT_002******
09/12/2026 01:44:15 PM: INFO: ******* SearchCustomerByEmail_004 *********
09/12/2026 01:44:21 PM: INFO: *********** Login Successful **********
09/12/2026 01:44:21 PM: INFO: ********** Starting SearchCustomerByEmail_004 **********
09/12/2026 01:44:25 PM: INFO: ******** Searching customer by email ID ***********
09/12/2026 01:44:34 PM: INFO: ******** Customer found successfully ********
09/12/2026 01:44:34 PM: INFO: ******** TC_SearchCustomerByEmail_004 Finished **********
09/12/2026 01:44:42 PM: WARNING: Retrying (Retry(total=2, connect=None, read=None, redirect=None, status=None)) after connection broken by 'NewConnectionError("HTTPConnection(host='localhost', port=58848): Failed to establish a new connection: [WinError 10061] No connection could be made because the target machine actively refused it")': /session/fc812b19a86060b23bf502eaf69a7245
09/12/2026 01:44:46 PM: WARNING: Retrying (Retry(total=1, connect=None, read=None, redirect=None, status=None)) after connection broken by 'NewConnectionError("HTTPConnection(host='localhost', port=58848): Failed to establish a new connection: [WinError 10061] No connection could be made because the target machine actively refused it")': /session/fc812b19a86060b23bf502eaf69a7245
09/12/2026 01:44:50 PM: WARNING: Retrying (Retry(total=0, connect=None, read=None, redirect=None, status=None)) after connection broken by 'NewConnectionError("HTTPConnection(host='localhost', port=58848): Failed to establish a new connection: [WinError 10061] No connection could be made because the target machine actively refused it")': /session/fc812b19a86060b23bf502eaf69a7245
09/12/2026 01:44:59 PM: INFO: ******* SearchCustomerByName_005 *********
09/12/2026 01:45:04 PM: INFO: *********** Login Successful **********
09/12/2026 01:45:04 PM: INFO: ********** Starting SearchCustomerByName_005 **********
09/12/2026 01:45:09 PM: INFO: ******** Customers page opened ********
09/12/2026 01:45:09 PM: INFO: ******** Searching customer by Name ***********
09/12/2026 01:45:10 PM: INFO: ******** TC_SearchCustomerByName_005 Finished **********
09/12/2026 01:45:17 PM: INFO: *****SearchVendorByName_013*****
09/12/2026 01:45:24 PM: INFO: ***********Login Successful**********
09/12/2026 01:45:24 PM: INFO: **********Starting SearchVendorByName_013**********
09/12/2026 01:45:26 PM: INFO: ******** searching vendor by Email***********
09/12/2026 01:45:30 PM: INFO: ********TC_SearchvendorrByEmail_014 Finished**********
09/12/2026 01:45:38 PM: INFO: *****SearchVendorByName_013*****
09/12/2026 01:45:49 PM: INFO: ***********Login Successful**********
09/12/2026 01:45:49 PM: INFO: **********Starting SearchVendorByName_013**********
09/12/2026 01:45:52 PM: INFO: ******** searching vendor by Name***********
09/12/2026 01:45:52 PM: INFO: Selected Vendor Name: Vendor1
09/12/2026 01:45:52 PM: INFO: *******Searching Vendor by Name: {vendor_name}********
09/12/2026 01:45:56 PM: INFO: ********TC_SearchvendorrByName_013 Finished**********
09/12/2026 01:46:04 PM: INFO: ***** SearchActivityDate_016 *****
09/12/2026 01:46:12 PM: INFO: *********** Login Successful **********
09/12/2026 01:46:12 PM: INFO: ********** Starting SearchActivityDate_016 **********
09/12/2026 01:46:17 PM: INFO: Activity log rows found: 15
09/12/2026 01:46:29 PM: INFO: *****SearchActivityIP_017*****
09/12/2026 01:46:37 PM: INFO: ***********Login Successful**********
09/12/2026 01:46:37 PM: INFO: **********Starting SearchActivityIP_017**********
09/12/2026 01:46:51 PM: INFO: *****SearchActivity_LogType_018*****
09/12/2026 01:47:01 PM: INFO: ***********Login Successful**********
09/12/2026 01:47:01 PM: INFO: **********Starting SearchActivity_LogType_018**********
09/12/2026 01:47:13 PM: INFO: *****SearchCustomer_RoleAdministrator_021*****
09/12/2026 01:47:21 PM: INFO: ***********Login Successful**********
09/12/2026 01:47:25 PM: INFO: Administrator search result count: 1
09/12/2026 01:47:31 PM: INFO: *****SearchCustomer_RoleForumModerator_023*****
09/12/2026 01:47:40 PM: INFO: ***********Login Successful**********
09/12/2026 01:47:44 PM: INFO: Forum Moderator search result count: 1
09/12/2026 01:47:50 PM: INFO: *****SearchCustomer_Role_Guests_024*****
09/12/2026 01:47:57 PM: INFO: ***********Login Successful**********
09/12/2026 01:47:57 PM: INFO: ********Starting_SearchGuest_Role_024******
09/12/2026 01:48:00 PM: INFO: Normal table customer count: 15
09/12/2026 01:48:04 PM: INFO: Guests search result count: 15
09/12/2026 01:48:10 PM: INFO: ***** Test_SearchProductByName_029 *****
09/12/2026 01:48:15 PM: INFO: ***** Login Successful *****
09/12/2026 01:48:15 PM: INFO: ***** Starting Search Product By Name Test *****
09/12/2026 01:48:21 PM: INFO: Dynamic product selected: Test Product 6658
09/12/2026 01:48:23 PM: INFO: Product 'Test Product 6658' found successfully
09/12/2026 01:48:30 PM: INFO: *****Test_SearchProductBySKU_030*****
09/12/2026 01:48:37 PM: INFO: *****Login Successful******
09/12/2026 01:48:58 PM: INFO: ********** Test_SearchProductByVendor_031 Started **********
09/12/2026 01:49:01 PM: INFO: Application URL opened: https://localhost:59579/admin
09/12/2026 01:49:06 PM: INFO: ********** Login Successful **********
09/12/2026 01:49:08 PM: INFO: ********** Products page opened successfully **********
09/12/2026 01:49:11 PM: INFO: ********** Product search performed for Vendor1 **********
09/12/2026 01:49:11 PM: INFO: ********** 'No data available in table' validated **********
09/12/2026 01:49:11 PM: INFO: ********** 'No records' validated **********
09/12/2026 01:49:11 PM: INFO: ********** Test_SearchProductByVendor_031 Passed **********
09/12/2026 01:49:21 PM: INFO: *****SearchCustomer_RoleRegistered_022*****
09/12/2026 01:49:25 PM: INFO: ***********Login Successful**********
09/12/2026 01:49:30 PM: INFO: Normal table customer count: 15
09/12/2026 01:49:32 PM: INFO: Registered search result count: 2
09/12/2026 01:49:40 PM: INFO: *****SearchCustomer_Role_Vendors_025*****
09/12/2026 01:49:45 PM: INFO: ***********Login Successful**********
09/12/2026 01:49:45 PM: INFO: ********Starting_SearchVendor_Role_025******
09/12/2026 01:49:54 PM: INFO: Normal table customer count: 15
09/12/2026 01:49:56 PM: INFO: Vendor search result count: 0
09/12/2026 01:53:41 PM: INFO: ******* Deleting Customer *******
09/12/2026 01:53:58 PM: INFO: ******* Login Successful *****
09/12/2026 01:54:03 PM: INFO: ******* Customers page opened *******
09/12/2026 01:54:07 PM: INFO: ******* Edit Customer button clicked *******
09/12/2026 01:54:09 PM: INFO: ******* Edit Customer page opened successfully *******
09/12/2026 01:54:10 PM: INFO: ******* Delete Customer button clicked *******
09/12/2026 01:54:22 PM: INFO: ******* Delete confirmation accepted *******
09/12/2026 01:54:24 PM: INFO: ********* Delete Customer test passed **********
09/12/2026 01:54:31 PM: INFO: ****** Ending Delete Customer Test *******
09/12/2026 01:54:48 PM: INFO: *****Test_DeleteProduct_Select_033*****
09/12/2026 01:55:02 PM: INFO: *****Login Successful******
09/12/2026 01:55:02 PM: INFO: *****Starting Delete Selected Product test*****
09/12/2026 01:55:11 PM: INFO: ***** Product 'Test Product 2613' was deleted successfully *****
09/12/2026 01:55:37 PM: INFO: *****Test_DeleteProduct_032*****
09/12/2026 01:55:49 PM: INFO: *****Login Successful******
09/12/2026 01:55:49 PM: INFO: *****Staring Delete Product test*****
09/12/2026 01:57:27 PM: INFO: ******* Editing Customer *******
09/12/2026 01:57:32 PM: INFO: ******* Login Successful *****
09/12/2026 01:57:34 PM: INFO: ******* Customers page opened *******
09/12/2026 01:57:36 PM: INFO: ******* Edit Customer button clicked *******
09/12/2026 01:57:36 PM: INFO: ******* Edit Customer page opened successfully *******
09/12/2026 01:57:38 PM: INFO: ********* Edit Customer test passed **********
09/12/2026 01:57:40 PM: INFO: ****** Ending Edit Customer Test *******
09/12/2026 01:57:53 PM: INFO: ***** Test_EditProduct_032 *****
09/12/2026 01:57:57 PM: INFO: ***** Login Successful *****
09/12/2026 01:57:57 PM: INFO: ***** Opening Catalog -> Products *****
09/12/2026 01:58:00 PM: INFO: ***** Dynamic Product Selected: Test Product 6658 *****
09/12/2026 01:58:01 PM: INFO: ***** Edit page opened for: Test Product 6658 *****
09/12/2026 01:58:02 PM: INFO: ***** Product details updated: SKU=SKU22569, Price=999 *****
09/12/2026 01:58:02 PM: INFO: ***** Save button clicked *****
09/12/2026 01:58:03 PM: INFO: ***** Product updated successfully *****
09/12/2026 01:58:17 PM: INFO: ******* Test_EditVendor_015 *******
09/12/2026 01:58:21 PM: INFO: *********** Login Successful **********
09/12/2026 01:58:24 PM: INFO: ******** Starting Edit Vendor Test ********
09/12/2026 01:58:26 PM: INFO: Vendor selected for editing: Vendor1
09/12/2026 01:58:26 PM: INFO: Vendor 'Vendor1' found successfully
09/12/2026 01:58:40 PM: INFO: ******VerifyActivityTypeDisplayed******
09/12/2026 01:58:45 PM: INFO: ***********Login Successful**********
09/12/2026 01:58:45 PM: INFO: ********Starting Verify Activity Type**********
09/12/2026 01:58:47 PM: INFO: fActivity Type '{activity_name}' Status: {result}
09/12/2026 01:58:47 PM: INFO: fActivity Type '{activity_name}' Status: {result}
09/12/2026 01:59:01 PM: INFO: ********** Test_003_AddCustomer **********
09/12/2026 01:59:06 PM: INFO: ********* Login Successful **********
09/12/2026 01:59:06 PM: INFO: ********* Starting Add Customer Test *********
09/12/2026 01:59:09 PM: INFO: ******** Providing customer information ********
09/12/2026 01:59:12 PM: INFO: ******** Customer information provided ********
09/12/2026 01:59:13 PM: INFO: ******** Saving customer information ********
09/12/2026 01:59:13 PM: INFO: Success message: ×
The new customer has been added successfully.
09/12/2026 01:59:13 PM: INFO: ******** Customer added successfully ********
09/12/2026 01:59:13 PM: INFO: ******** Verifying customer in Customers grid ********
09/12/2026 01:59:29 PM: INFO: ******** Customers page opened ********
09/12/2026 01:59:32 PM: INFO: ******** Searching for xe3pr5si@gmail.com ********
09/12/2026 01:59:32 PM: INFO: ******** Customer found in Customers grid ********
09/12/2026 01:59:32 PM: INFO: ******** Add customer test passed ********
09/12/2026 01:59:56 PM: INFO: *****Test_AddProduct_028*****
09/12/2026 02:00:08 PM: INFO: *****Login Successful******
09/12/2026 02:00:08 PM: INFO: *****Staring Add Product test*****
09/12/2026 02:00:14 PM: INFO: *****Providing product details*******
09/12/2026 02:00:58 PM: INFO: ******* Test_012_AddVendor *******
09/12/2026 02:01:10 PM: INFO: ***** Login Successfully *****
09/12/2026 02:01:10 PM: INFO: ****** Starting Add Vendor Test ******
09/12/2026 02:01:18 PM: INFO: ****** Providing Vendor Info ******
09/12/2026 02:01:25 PM: INFO: After Save URL: https://localhost:59579/Admin/Vendor/List
09/12/2026 02:01:25 PM: INFO: ******Vendor added successfully******
09/12/2026 02:01:52 PM: INFO: *** Test_BulkEditProductSaveAll_035 ***
09/12/2026 02:02:00 PM: INFO: ***** Login Successful *****
09/12/2026 02:02:00 PM: INFO: ***** Starting Bulk Edit Product Save All Test *****
09/12/2026 02:02:16 PM: INFO: Product Name: Test Product 3987
09/12/2026 02:02:16 PM: INFO: SKU: SKU 34039
09/12/2026 02:02:16 PM: INFO: New Price: 2000
09/12/2026 02:02:16 PM: INFO: Old Price: 1000
09/12/2026 02:02:16 PM: INFO: Stock Quantity: 1000
09/12/2026 02:02:20 PM: INFO: Bulk Edit Save All completed
09/12/2026 02:02:25 PM: INFO: Product 'Test Product 3987' successfully found in Products table
09/12/2026 02:02:50 PM: INFO: *** Test_BulkEditProductSaveSelected_036 ***
09/12/2026 02:03:05 PM: INFO: ***** Login Successful *****
09/12/2026 02:03:16 PM: INFO: Product Name: Test Product 4392
09/12/2026 02:03:16 PM: INFO: SKU: SKU 38525
09/12/2026 02:03:16 PM: INFO: New Price: 2000
09/12/2026 02:03:16 PM: INFO: Old Price: 1000
09/12/2026 02:03:16 PM: INFO: Stock Quantity: 1000
09/12/2026 02:03:18 PM: INFO: Product 'Test Product 4392' selected
09/12/2026 02:03:20 PM: INFO: Save Selected completed
09/12/2026 02:03:22 PM: INFO: Returned to Products List
09/12/2026 02:03:24 PM: INFO: Searching for product 'Test Product 4392'
09/12/2026 02:03:25 PM: INFO: Product 'Test Product 4392' successfully found in Products table
09/12/2026 02:03:51 PM: INFO: ***** Test_BulkEditSearchProductName_037 *****
09/12/2026 02:04:04 PM: INFO: ***** Login Successful *****
09/12/2026 02:04:04 PM: INFO: ***** Starting Bulk Edit Product Search By Name Test *****
09/12/2026 02:04:09 PM: INFO: Dynamic product selected: Test Product 3987
09/12/2026 02:04:15 PM: INFO: Product 'Test Product 3987' displayed successfully
09/12/2026 02:04:37 PM: INFO: ***** Test_BulkEditProductSearchProductType_038*****
09/12/2026 02:04:46 PM: INFO: ***** Login Successful *****
09/12/2026 02:04:46 PM: INFO: ***** Starting Bulk Edit Product Search Product Type Test *****
09/12/2026 02:05:10 PM: INFO: ***** Test_BulkEditProductSearchPublishType_039*****
09/12/2026 02:05:18 PM: INFO: ***** Login Successful *****
09/12/2026 02:05:18 PM: INFO: ***** Starting Bulk Edit Product Search Publish Type Test *****
09/12/2026 02:05:35 PM: INFO: ***** Test_BulkEditProductSearchVendor_037*****
09/12/2026 02:05:39 PM: INFO: ***** Login Successful *****
09/12/2026 02:05:39 PM: INFO: ***** Starting Bulk Edit Product Search Vendor Test *****
09/12/2026 02:05:56 PM: INFO: *****Clear_ActivityLogs_020*****
09/12/2026 02:06:00 PM: INFO: ***********Login Successful**********
09/12/2026 02:06:00 PM: INFO: **********Starting Clear_ActivityLogs_020**********
09/12/2026 02:06:02 PM: INFO: **********Clear_ActivityLogs_020 completed**********
09/12/2026 02:06:17 PM: INFO: *****Delete_SingleActivity_019*****
09/12/2026 02:06:20 PM: INFO: ***********Login Successful**********
09/12/2026 02:06:20 PM: INFO: **********Starting Delete_SingleActivity_019**********
09/12/2026 02:06:23 PM: INFO: Customers available for export: 15
09/12/2026 02:06:29 PM: INFO: ******Customers exported successfully*******
09/12/2026 02:06:30 PM: INFO: Activity Log records found: 11
09/12/2026 02:06:31 PM: INFO: ******Activity Log delete clicked*******
09/12/2026 02:06:47 PM: INFO: ******* Exporting All Customers to Excel *******
09/12/2026 02:06:48 PM: INFO: ******* Download directory: C:\Users\hp\PycharmProjects\Python_Selenium_Hybrid\downloads *******
09/12/2026 02:06:52 PM: INFO: ******* Login Successful *****
09/12/2026 02:06:52 PM: INFO: ****** Starting Export All Customers *******
09/12/2026 02:06:55 PM: INFO: ****** Customers page opened ******
09/12/2026 02:07:04 PM: INFO: ******* Export All Customers Excel button clicked *******
09/12/2026 02:07:04 PM: INFO: ******* Excel Downloaded Successfully: customers.xlsx *******
09/12/2026 02:07:04 PM: INFO: ******* Excel File Verification Successful *******
09/12/2026 02:07:20 PM: INFO: ******* Exporting All Customers to XML *******
09/12/2026 02:07:22 PM: INFO: ******* Download directory: C:\Users\hp\PycharmProjects\Python_Selenium_Hybrid\downloads *******
09/12/2026 02:07:28 PM: INFO: ******* Login Successful *****
09/12/2026 02:07:28 PM: INFO: ****** Starting Export All Customers *******
09/12/2026 02:07:30 PM: INFO: ****** Customers page opened ******
09/12/2026 02:07:38 PM: INFO: ******* Export All Customers XML button clicked *******
09/12/2026 02:07:39 PM: INFO: ******* XML Downloaded Successfully: customers.xml *******
09/12/2026 02:07:39 PM: INFO: ******* XML File Verification Successful *******
09/12/2026 02:07:55 PM: INFO: ******* Exporting Selected Customers to Excel *******
09/12/2026 02:07:59 PM: INFO: ******* Download directory: C:\Users\hp\PycharmProjects\Python_Selenium_Hybrid\downloads *******
09/12/2026 02:08:01 PM: INFO: ******* Login Successful *****
09/12/2026 02:08:01 PM: INFO: ****** Navigating to Customers ******
09/12/2026 02:08:03 PM: INFO: ****** Customers page opened ******
09/12/2026 02:08:05 PM: INFO: ******* Customers Selected Successfully *******
09/12/2026 02:08:11 PM: INFO: ******* Export Selected Excel button clicked *******
09/12/2026 02:08:11 PM: INFO: ******* Excel Downloaded Successfully: customers.xlsx *******
09/12/2026 02:08:11 PM: INFO: ******* Excel File Verification Successful *******
09/12/2026 02:08:28 PM: INFO: ******* Exporting Selected Customers to XML *******
09/12/2026 02:08:30 PM: INFO: ******* Download directory: C:\Users\hp\PycharmProjects\Python_Selenium_Hybrid\downloads *******
09/12/2026 02:08:33 PM: INFO: ******* Login Successful *****
09/12/2026 02:08:33 PM: INFO: ****** Navigating to Customers ******
09/12/2026 02:08:34 PM: INFO: ****** Customers page opened ******
09/12/2026 02:08:37 PM: INFO: ******* Customers Selected Successfully *******
09/12/2026 02:08:44 PM: INFO: ******* Export Selected XML button clicked *******
09/12/2026 02:08:44 PM: INFO: ******* XML Downloaded Successfully: customers.xml *******
09/12/2026 02:08:44 PM: INFO: ******* XML File Verification Successful *******
09/12/2026 02:08:59 PM: INFO: ********Verify Login Test********
09/12/2026 02:09:03 PM: INFO: ********Login test Passed********
09/12/2026 02:09:21 PM: INFO: **********Test_002_DDT_Login********
09/12/2026 02:09:21 PM: INFO: ********Verify Login DDT Test********
09/12/2026 02:09:29 PM: INFO: Row 2: *****Test Passed*****
09/12/2026 02:09:33 PM: INFO: Row 3: *****Test Passed*****
09/12/2026 02:09:36 PM: INFO: Row 4: *****Test Passed*****
09/12/2026 02:09:38 PM: INFO: Row 5: *****Test Passed*****
09/12/2026 02:09:41 PM: INFO: Row 6: *****Test Passed*****
09/12/2026 02:09:41 PM: INFO: ****Login DDT Test Passed****
09/12/2026 02:09:43 PM: INFO: ****End of Login DDT Test****
09/12/2026 02:09:43 PM: INFO: *****Completed TC_LoginDDT_002******
09/12/2026 02:09:57 PM: INFO: ******* SearchCustomerByEmail_004 *********
09/12/2026 02:10:02 PM: INFO: *********** Login Successful **********
09/12/2026 02:10:02 PM: INFO: ********** Starting SearchCustomerByEmail_004 **********
09/12/2026 02:10:03 PM: INFO: ******** Searching customer by email ID ***********
09/12/2026 02:10:04 PM: INFO: ******** Customer found successfully ********
09/12/2026 02:10:04 PM: INFO: ******** TC_SearchCustomerByEmail_004 Finished **********
09/12/2026 02:10:12 PM: WARNING: Retrying (Retry(total=2, connect=None, read=None, redirect=None, status=None)) after connection broken by 'NewConnectionError("HTTPConnection(host='localhost', port=61914): Failed to establish a new connection: [WinError 10061] No connection could be made because the target machine actively refused it")': /session/5fe7ae27-aca5-47b6-8928-bf24fd858e3d
09/12/2026 02:10:16 PM: WARNING: Retrying (Retry(total=1, connect=None, read=None, redirect=None, status=None)) after connection broken by 'NewConnectionError("HTTPConnection(host='localhost', port=61914): Failed to establish a new connection: [WinError 10061] No connection could be made because the target machine actively refused it")': /session/5fe7ae27-aca5-47b6-8928-bf24fd858e3d
09/12/2026 02:10:20 PM: WARNING: Retrying (Retry(total=0, connect=None, read=None, redirect=None, status=None)) after connection broken by 'NewConnectionError("HTTPConnection(host='localhost', port=61914): Failed to establish a new connection: [WinError 10061] No connection could be made because the target machine actively refused it")': /session/5fe7ae27-aca5-47b6-8928-bf24fd858e3d
09/12/2026 02:10:36 PM: INFO: ******* SearchCustomerByName_005 *********
09/12/2026 02:10:44 PM: INFO: *********** Login Successful **********
09/12/2026 02:10:44 PM: INFO: ********** Starting SearchCustomerByName_005 **********
09/12/2026 02:10:45 PM: INFO: ******** Customers page opened ********
09/12/2026 02:10:45 PM: INFO: ******** Searching customer by Name ***********
09/12/2026 02:10:47 PM: INFO: ******** TC_SearchCustomerByName_005 Finished **********
09/12/2026 02:11:02 PM: INFO: *****SearchVendorByName_013*****
09/12/2026 02:11:06 PM: INFO: ***********Login Successful**********
09/12/2026 02:11:06 PM: INFO: **********Starting SearchVendorByName_013**********
09/12/2026 02:11:08 PM: INFO: ******** searching vendor by Email***********
09/12/2026 02:11:11 PM: INFO: ********TC_SearchvendorrByEmail_014 Finished**********
09/12/2026 02:11:27 PM: INFO: *****SearchVendorByName_013*****
09/12/2026 02:11:34 PM: INFO: ***********Login Successful**********
09/12/2026 02:11:34 PM: INFO: **********Starting SearchVendorByName_013**********
09/12/2026 02:11:35 PM: INFO: ******** searching vendor by Name***********
09/12/2026 02:11:36 PM: INFO: Selected Vendor Name: Vendor1
09/12/2026 02:11:36 PM: INFO: *******Searching Vendor by Name: {vendor_name}********
09/12/2026 02:11:39 PM: INFO: ********TC_SearchvendorrByName_013 Finished**********
09/12/2026 02:11:55 PM: INFO: ***** SearchActivityDate_016 *****
09/12/2026 02:12:02 PM: INFO: *********** Login Successful **********
09/12/2026 02:12:02 PM: INFO: ********** Starting SearchActivityDate_016 **********
09/12/2026 02:12:04 PM: INFO: Activity log rows found: 15
09/12/2026 02:12:18 PM: INFO: *****SearchActivityIP_017*****
09/12/2026 02:12:22 PM: INFO: ***********Login Successful**********
09/12/2026 02:12:22 PM: INFO: **********Starting SearchActivityIP_017**********
09/12/2026 02:12:39 PM: INFO: *****SearchActivity_LogType_018*****
09/12/2026 02:12:44 PM: INFO: ***********Login Successful**********
09/12/2026 02:12:44 PM: INFO: **********Starting SearchActivity_LogType_018**********
09/12/2026 02:13:00 PM: INFO: *****SearchCustomer_RoleAdministrator_021*****
09/12/2026 02:13:04 PM: INFO: ***********Login Successful**********
09/12/2026 02:13:07 PM: INFO: Administrator search result count: 1
09/12/2026 02:13:20 PM: INFO: *****SearchCustomer_RoleForumModerator_023*****
09/12/2026 02:13:24 PM: INFO: ***********Login Successful**********
09/12/2026 02:13:28 PM: INFO: Forum Moderator search result count: 1
09/12/2026 02:13:43 PM: INFO: *****SearchCustomer_Role_Guests_024*****
09/12/2026 02:13:48 PM: INFO: ***********Login Successful**********
09/12/2026 02:13:48 PM: INFO: ********Starting_SearchGuest_Role_024******
09/12/2026 02:13:51 PM: INFO: Normal table customer count: 15
09/12/2026 02:13:52 PM: INFO: Guests search result count: 15
09/12/2026 02:14:06 PM: INFO: ***** Test_SearchProductByName_029 *****
09/12/2026 02:14:11 PM: INFO: ***** Login Successful *****
09/12/2026 02:14:11 PM: INFO: ***** Starting Search Product By Name Test *****
09/12/2026 02:14:13 PM: INFO: Dynamic product selected: Test Product 3987
09/12/2026 02:14:14 PM: INFO: Product 'Test Product 3987' found successfully
09/12/2026 02:14:27 PM: INFO: *****Test_SearchProductBySKU_030*****
09/12/2026 02:14:31 PM: INFO: *****Login Successful******
09/12/2026 02:14:52 PM: INFO: ********** Test_SearchProductByVendor_031 Started **********
09/12/2026 02:14:54 PM: INFO: Application URL opened: https://localhost:59579/admin
09/12/2026 02:14:59 PM: INFO: ********** Login Successful **********
09/12/2026 02:15:05 PM: INFO: ********** Products page opened successfully **********
09/12/2026 02:15:09 PM: INFO: ********** Product search performed for Vendor1 **********
09/12/2026 02:15:10 PM: INFO: ********** 'No data available in table' validated **********
09/12/2026 02:15:10 PM: INFO: ********** 'No records' validated **********
09/12/2026 02:15:10 PM: INFO: ********** Test_SearchProductByVendor_031 Passed **********
09/12/2026 02:15:27 PM: INFO: *****SearchCustomer_RoleRegistered_022*****
09/12/2026 02:15:33 PM: INFO: ***********Login Successful**********
09/12/2026 02:15:36 PM: INFO: Normal table customer count: 15
09/12/2026 02:15:36 PM: INFO: Registered search result count: 2
09/12/2026 02:15:51 PM: INFO: *****SearchCustomer_Role_Vendors_025*****
09/12/2026 02:15:56 PM: INFO: ***********Login Successful**********
09/12/2026 02:15:56 PM: INFO: ********Starting_SearchVendor_Role_025******
09/12/2026 02:15:59 PM: INFO: Normal table customer count: 15
09/12/2026 02:16:00 PM: INFO: Vendor search result count: 0
09/12/2026 02:24:12 PM: INFO: ***** Test_BulkEditProductSearchProductType_038*****
09/12/2026 02:24:18 PM: INFO: ***** Login Successful *****
09/12/2026 02:24:18 PM: INFO: ***** Starting Bulk Edit Product Search Product Type Test *****
09/12/2026 02:29:42 PM: INFO: ***** Test_BulkEditProductSearchProductType_038*****
09/12/2026 02:29:50 PM: INFO: ***** Login Successful *****
09/12/2026 02:29:50 PM: INFO: ***** Starting Bulk Edit Product Search Product Type Test *****
09/12/2026 02:32:49 PM: INFO: ***** Test_BulkEditSearchProductName_037 *****
09/12/2026 02:32:55 PM: INFO: ***** Login Successful *****
09/12/2026 02:32:55 PM: INFO: ***** Starting Bulk Edit Product Search By Name Test *****
09/12/2026 02:33:00 PM: INFO: Dynamic product selected: Test Product 3987
09/12/2026 03:01:59 PM: INFO: ***** Test_BulkEditSearchProductName_037 *****
09/12/2026 03:02:17 PM: INFO: ***** Login Successful *****
09/12/2026 03:02:17 PM: INFO: ***** Starting Bulk Edit Product Search By Name Test *****
09/12/2026 03:02:24 PM: INFO: Dynamic product selected: Test Product 3987
09/12/2026 03:06:28 PM: INFO: ***** Test_BulkEditSearchProductName_037 *****
09/12/2026 03:06:33 PM: INFO: ***** Login Successful *****
09/12/2026 03:06:33 PM: INFO: ***** Starting Bulk Edit Product Search By Name Test *****
09/12/2026 03:06:37 PM: INFO: Dynamic product selected: Test Product 3987
09/12/2026 03:09:53 PM: INFO: ***** Test_BulkEditSearchProductName_037 *****
09/12/2026 03:10:00 PM: INFO: ***** Login Successful *****
09/12/2026 03:10:00 PM: INFO: ***** Starting Bulk Edit Product Search By Name Test *****
09/12/2026 03:10:01 PM: INFO: Dynamic product selected: Test Product 3987
09/12/2026 03:10:17 PM: INFO: Product 'Test Product 3987' displayed successfully
09/12/2026 03:11:20 PM: INFO: ***** Test_BulkEditProductSearchProductType_038*****
09/12/2026 03:11:24 PM: INFO: ***** Login Successful *****
09/12/2026 03:11:24 PM: INFO: ***** Starting Bulk Edit Product Search Product Type Test *****
09/12/2026 03:13:30 PM: INFO: ***** Test_BulkEditProductSearchPublishType_039*****
09/12/2026 03:13:36 PM: INFO: ***** Login Successful *****
09/12/2026 03:13:36 PM: INFO: ***** Starting Bulk Edit Product Search Publish Type Test *****
09/12/2026 03:15:34 PM: INFO: ***** Test_BulkEditProductSearchVendor_037*****
09/12/2026 03:15:41 PM: INFO: ***** Login Successful *****
09/12/2026 03:15:41 PM: INFO: ***** Starting Bulk Edit Product Search Vendor Test *****
09/12/2026 03:31:17 PM: INFO: ***** Test_BulkEditProductSearchProductType_038*****
09/12/2026 03:31:22 PM: INFO: ***** Login Successful *****
09/12/2026 03:31:22 PM: INFO: ***** Starting Bulk Edit Product Search Product Type Test *****
09/12/2026 03:41:44 PM: INFO: ***** Test_BulkEditProductSearchPublishType_039*****
09/12/2026 03:41:50 PM: INFO: ***** Login Successful *****
09/12/2026 03:41:50 PM: INFO: ***** Starting Bulk Edit Product Search Publish Type Test *****
09/12/2026 03:52:10 PM: INFO: ***** Test_BulkEditProductSearchVendor_037*****
09/12/2026 03:52:16 PM: INFO: ***** Login Successful *****
09/12/2026 03:52:16 PM: INFO: ***** Starting Bulk Edit Product Search Vendor Test *****
09/12/2026 04:07:53 PM: INFO: ***** Test_BulkEditProductSearchProductType_038*****
09/12/2026 04:08:05 PM: INFO: ***** Login Successful *****
09/12/2026 04:08:05 PM: INFO: ***** Starting Bulk Edit Product Search Product Type Test *****
09/12/2026 04:10:53 PM: INFO: ***** Test_BulkEditProductSearchPublishType_039*****
09/12/2026 04:10:59 PM: INFO: ***** Login Successful *****
09/12/2026 04:10:59 PM: INFO: ***** Starting Bulk Edit Product Search Publish Type Test *****
09/12/2026 04:13:23 PM: INFO: ***** Test_BulkEditProductSearchVendor_037*****
09/12/2026 04:13:33 PM: INFO: ***** Login Successful *****
09/12/2026 04:13:33 PM: INFO: ***** Starting Bulk Edit Product Search Vendor Test *****
09/12/2026 04:28:31 PM: INFO: ***** Test_BulkEditProductSearchProductType_038*****
09/12/2026 04:28:36 PM: INFO: ***** Login Successful *****
09/12/2026 04:28:36 PM: INFO: ***** Starting Bulk Edit Product Search Product Type Test *****
09/12/2026 04:28:59 PM: INFO: ***** Test_BulkEditProductSearchPublishType_039*****
09/12/2026 04:29:03 PM: INFO: ***** Login Successful *****
09/12/2026 04:29:03 PM: INFO: ***** Starting Bulk Edit Product Search Publish Type Test *****
09/12/2026 04:29:26 PM: INFO: ***** Test_BulkEditProductSearchVendor_037*****
09/12/2026 04:29:30 PM: INFO: ***** Login Successful *****
09/12/2026 04:29:30 PM: INFO: ***** Starting Bulk Edit Product Search Vendor Test *****
09/12/2026 04:33:09 PM: INFO: ***** Test_BulkEditProductSearchProductType_038*****
09/12/2026 04:33:15 PM: INFO: ***** Login Successful *****
09/12/2026 04:33:15 PM: INFO: ***** Starting Bulk Edit Product Search Product Type Test *****
09/12/2026 04:34:23 PM: INFO: ***** Test_BulkEditProductSearchPublishType_039*****
09/12/2026 04:34:29 PM: INFO: ***** Login Successful *****
09/12/2026 04:34:29 PM: INFO: ***** Starting Bulk Edit Product Search Publish Type Test *****
09/12/2026 04:42:29 PM: INFO: ***** Test_BulkEditProductSearchProductType_038*****
09/12/2026 04:42:35 PM: INFO: ***** Login Successful *****
09/12/2026 04:42:35 PM: INFO: ***** Starting Bulk Edit Product Search Product Type Test *****
09/12/2026 04:44:22 PM: INFO: ***** Test_BulkEditProductSearchProductType_038*****
09/12/2026 04:44:32 PM: INFO: ***** Login Successful *****
09/12/2026 04:44:32 PM: INFO: ***** Starting Bulk Edit Product Search Product Type Test *****
09/12/2026 04:46:32 PM: INFO: ***** Test_BulkEditProductSearchProductType_038*****
09/12/2026 04:46:38 PM: INFO: ***** Login Successful *****
09/12/2026 04:46:38 PM: INFO: ***** Starting Bulk Edit Product Search Product Type Test *****
09/12/2026 04:49:04 PM: INFO: ***** Test_BulkEditProductSearchProductType_038*****
09/12/2026 04:49:09 PM: INFO: ***** Login Successful *****
09/12/2026 04:49:09 PM: INFO: ***** Starting Bulk Edit Product Search Product Type Test *****
09/12/2026 04:52:13 PM: INFO: ***** Test_BulkEditProductSearchProductType_038*****
09/12/2026 04:52:18 PM: INFO: ***** Login Successful *****
09/12/2026 04:52:18 PM: INFO: ***** Starting Bulk Edit Product Search Product Type Test *****
09/12/2026 04:57:33 PM: INFO: ***** Test_BulkEditProductSearchProductType_038*****
09/12/2026 04:57:40 PM: INFO: ***** Login Successful *****
09/12/2026 04:57:40 PM: INFO: ***** Starting Bulk Edit Product Search Product Type Test *****
09/12/2026 04:59:33 PM: INFO: ***** Test_BulkEditProductSearchProductType_038*****
09/12/2026 04:59:42 PM: INFO: ***** Login Successful *****
09/12/2026 04:59:42 PM: INFO: ***** Starting Bulk Edit Product Search Product Type Test *****
09/12/2026 05:04:31 PM: INFO: ***** Test_BulkEditProductSearchProductType_038*****
09/12/2026 05:04:38 PM: INFO: ***** Login Successful *****
09/12/2026 05:04:38 PM: INFO: ***** Starting Bulk Edit Product Search Product Type Test *****
09/12/2026 05:10:00 PM: INFO: ***** Test_BulkEditProductSearchProductType_038*****
09/12/2026 05:10:07 PM: INFO: ***** Login Successful *****
09/12/2026 05:10:07 PM: INFO: ***** Starting Bulk Edit Product Search Product Type Test *****
09/12/2026 05:51:36 PM: INFO: ***** Test_BulkEditProductSearchProductType_038*****
09/12/2026 05:51:48 PM: INFO: ***** Login Successful *****
09/12/2026 05:51:48 PM: INFO: ***** Starting Bulk Edit Product Search Product Type Test *****
09/12/2026 06:06:55 PM: INFO: ***** Test_BulkEditProductSearchProductType_039 *****
09/12/2026 06:07:02 PM: INFO: ***** Login Successful *****
09/12/2026 06:07:02 PM: INFO: ***** Starting Bulk Edit Product Search Product Type Test *****
09/12/2026 06:09:01 PM: INFO: ***** Test_BulkEditSearchProductType_039 *****
09/12/2026 06:09:06 PM: INFO: ***** Login Successful *****
09/12/2026 06:09:21 PM: INFO: ***** Product Type 'All' search returned 94 products *****
09/12/2026 06:12:13 PM: INFO: ***** Test_BulkEditProductSearchPublishType_040 Started *****
09/12/2026 06:12:20 PM: INFO: ***** Login Successful *****
09/12/2026 06:12:20 PM: INFO: ***** Starting Bulk Edit Product Search Published Type Test *****
09/12/2026 06:12:29 PM: INFO: ***** Products Found: 94 *****
09/12/2026 06:12:29 PM: INFO: ***** Published Type 'All' Search Passed *****
09/12/2026 06:20:01 PM: INFO: ***** Test_BulkEditProductSearchPublishTypePublished_041 Started *****
09/12/2026 06:20:09 PM: INFO: ***** Login Successful *****
09/12/2026 06:20:09 PM: INFO: ***** Starting Bulk Edit Product Search Published Type Test *****
09/12/2026 06:21:55 PM: INFO: ***** Test_BulkEditProductSearchPublishTypePublished_041 Started *****
09/12/2026 06:22:02 PM: INFO: ***** Login Successful *****
09/12/2026 06:22:02 PM: INFO: ***** Starting Bulk Edit Product Search Published Type Test *****
09/12/2026 06:22:31 PM: INFO: ***** Products Found: 47 *****
09/12/2026 06:22:31 PM: INFO: ***** Published Type 'Published' Search Passed *****
09/12/2026 06:31:48 PM: INFO: ***** Test_BulkEditProductSearchPublishTypeUnPublished_042 Started *****
09/12/2026 06:31:59 PM: INFO: ***** Login Successful *****
09/12/2026 06:31:59 PM: INFO: ***** Starting Bulk Edit Product Search Published Type Test *****
09/12/2026 06:32:09 PM: INFO: ***** Products Found: 94 *****
09/12/2026 06:32:09 PM: INFO: ***** Published Type 'Unpublished' Search Passed *****
09/12/2026 06:36:56 PM: INFO: ***** Test_BulkEditProductSearchPublishTypeUnPublished_042 Started *****
09/12/2026 06:37:02 PM: INFO: ***** Login Successful *****
09/12/2026 06:37:02 PM: INFO: ***** Starting Bulk Edit Product Search Published Type Test *****
09/12/2026 06:40:04 PM: INFO: ***** Test_BulkEditProductSearchPublishTypeUnPublished_042 Started *****
09/12/2026 06:40:10 PM: INFO: ***** Login Successful *****
09/12/2026 06:40:10 PM: INFO: ***** Starting Bulk Edit Product Search Published Type Test *****
09/12/2026 06:48:04 PM: INFO: ***** Test_BulkEditProductSearchPublishTypeUnPublished_042 Started *****
09/12/2026 06:48:11 PM: INFO: ***** Login Successful *****
09/12/2026 06:48:11 PM: INFO: ***** Starting Bulk Edit Product Search Published Type Test *****
09/12/2026 06:50:15 PM: INFO: ***** Test_BulkEditProductSearchPublishTypeUnPublished_042 Started *****
09/12/2026 06:50:22 PM: INFO: ***** Login Successful *****
09/12/2026 06:50:22 PM: INFO: ***** Starting Bulk Edit Product Search Published Type Test *****
09/12/2026 07:05:15 PM: INFO: ***** Test_BulkEditProductSearchPublishTypeUnPublished_042 Started *****
09/12/2026 07:05:21 PM: INFO: ***** Login Successful *****
09/12/2026 07:05:21 PM: INFO: ***** Starting Bulk Edit Product Search Published Type Test *****
09/12/2026 07:11:37 PM: INFO: ***** Test_BulkEditProductSearchPublishTypeUnPublished_042 Started *****
09/12/2026 07:11:43 PM: INFO: ***** Login Successful *****
09/12/2026 07:11:43 PM: INFO: ***** Starting Bulk Edit Product Search Published Type Test *****
09/12/2026 07:12:12 PM: INFO: ***** Published Type 'Unpublished only' returned 1 products *****
09/12/2026 07:12:12 PM: INFO: ***** Published Type 'Unpublished only' Search Passed *****
09/12/2026 07:16:00 PM: INFO: ***** Test_BulkEditProductSearchPublishTypeUnPublished_042 Started *****
09/12/2026 07:16:06 PM: INFO: ***** Login Successful *****
09/12/2026 07:16:06 PM: INFO: ***** Starting Bulk Edit Product Search Published Type Test *****
09/12/2026 07:17:04 PM: INFO: ***** Test_BulkEditProductSearchPublishTypeUnPublished_042 Started *****
09/12/2026 07:17:13 PM: INFO: ***** Login Successful *****
09/12/2026 07:17:13 PM: INFO: ***** Starting Bulk Edit Product Search Published Type Test *****
09/12/2026 07:17:46 PM: INFO: ***** Published Type 'Unpublished only' correctly returned no data *****
09/12/2026 07:17:46 PM: INFO: ***** Published Type 'Unpublished only' Search Passed *****
09/12/2026 07:19:19 PM: INFO: ***** Test_BulkEditProductSearchPublishTypePublished_041 Started *****
09/12/2026 07:19:31 PM: INFO: ***** Login Successful *****
09/12/2026 07:19:31 PM: INFO: ***** Starting Bulk Edit Product Search Published Type Test *****
09/12/2026 07:20:11 PM: INFO: ***** Products Found: 47 *****
09/12/2026 07:20:11 PM: INFO: ***** Published Type 'Published' Search Passed *****
09/12/2026 07:23:54 PM: INFO: ***** Test_BulkEditProductSearchPublishTypePublished_041 Started *****
09/12/2026 07:24:00 PM: INFO: ***** Login Successful *****
09/12/2026 07:24:00 PM: INFO: ***** Starting Bulk Edit Product Search Published Type Test *****
09/12/2026 07:24:30 PM: INFO: ***** Products Found: 47 *****
09/12/2026 07:24:30 PM: INFO: ***** Published Type 'Published' Search Passed *****
09/12/2026 07:26:34 PM: INFO: ***** Test_BulkEditSearchProductType_039 *****
09/12/2026 07:26:41 PM: INFO: ***** Login Successful *****
09/12/2026 07:26:57 PM: INFO: ***** Product Type 'All' search returned 94 products *****
09/12/2026 07:37:15 PM: INFO: ***** Test_BulkEditSearchProductTypeSimple_043 Started *****
09/12/2026 07:37:22 PM: INFO: ***** Login Successful *****
09/12/2026 07:37:57 PM: INFO: ***** Product Type 'Simple' search returned 47 products *****
09/12/2026 07:37:57 PM: INFO: ***** Test_BulkEditSearchProductTypeSimple_043 Passed *****
09/12/2026 07:43:56 PM: INFO: ***** Test_BulkEditSearchProductTypeGrouped_044 Started *****
09/12/2026 07:44:02 PM: INFO: ***** Login Successful *****
09/12/2026 07:51:17 PM: INFO: ***** Test_BulkEditSearchProductTypeGrouped_044 Started *****
09/12/2026 07:51:27 PM: INFO: ***** Login Successful *****
09/12/2026 07:53:41 PM: INFO: ***** Test_BulkEditSearchProductTypeGrouped_044 Started *****
09/12/2026 07:53:49 PM: INFO: ***** Login Successful *****
09/12/2026 08:07:10 PM: INFO: ***** Test_BulkEditSearchProductTypeGrouped_044 Started *****
09/12/2026 08:07:17 PM: INFO: ***** Login Successful *****
09/12/2026 08:07:40 PM: INFO: ***** Product Type 'Grouped (product with variants)' returned no products as expected *****
09/12/2026 08:07:40 PM: INFO: ***** Test_BulkEditSearchProductTypeGrouped_044 Passed *****
09/12/2026 08:09:46 PM: INFO: ******* Deleting Customer *******
09/12/2026 08:09:52 PM: INFO: ******* Login Successful *****
09/12/2026 08:09:54 PM: INFO: ******* Customers page opened *******
09/12/2026 08:09:56 PM: INFO: ******* Edit Customer button clicked *******
09/12/2026 08:09:58 PM: INFO: ******* Edit Customer page opened successfully *******
09/12/2026 08:09:58 PM: INFO: ******* Delete Customer button clicked *******
09/12/2026 08:10:10 PM: INFO: ******* Delete confirmation accepted *******
09/12/2026 08:10:11 PM: INFO: ********* Delete Customer test passed **********
09/12/2026 08:10:13 PM: INFO: ****** Ending Delete Customer Test *******
09/12/2026 08:10:24 PM: INFO: *****Test_DeleteProduct_Select_033*****
09/12/2026 08:10:28 PM: INFO: *****Login Successful******
09/12/2026 08:10:28 PM: INFO: *****Starting Delete Selected Product test*****
09/12/2026 08:10:31 PM: INFO: ***** Product 'Test Product 8648' was deleted successfully *****
09/12/2026 08:10:45 PM: INFO: *****Test_DeleteProduct_032*****
09/12/2026 08:10:51 PM: INFO: *****Login Successful******
09/12/2026 08:10:51 PM: INFO: *****Staring Delete Product test*****
09/12/2026 08:10:55 PM: INFO: ***** Product deleted successfully *****
09/12/2026 08:11:31 PM: INFO: ******* Editing Customer *******
09/12/2026 08:11:37 PM: INFO: ******* Login Successful *****
09/12/2026 08:11:38 PM: INFO: ******* Customers page opened *******
09/12/2026 08:11:40 PM: INFO: ******* Edit Customer button clicked *******
09/12/2026 08:11:40 PM: INFO: ******* Edit Customer page opened successfully *******
09/12/2026 08:11:42 PM: INFO: ********* Edit Customer test passed **********
09/12/2026 08:11:43 PM: INFO: ****** Ending Edit Customer Test *******
09/12/2026 08:11:55 PM: INFO: ***** Test_EditProduct_032 *****
09/12/2026 08:11:59 PM: INFO: ***** Login Successful *****
09/12/2026 08:11:59 PM: INFO: ***** Opening Catalog -> Products *****
09/12/2026 08:12:02 PM: INFO: ***** Dynamic Product Selected: Test Product 3987 *****
09/12/2026 08:12:03 PM: INFO: ***** Edit page opened for: Test Product 3987 *****
09/12/2026 08:12:04 PM: INFO: ***** Product details updated: SKU=SKU28788, Price=999 *****
09/12/2026 08:12:04 PM: INFO: ***** Save button clicked *****
09/12/2026 08:12:05 PM: INFO: ***** Product updated successfully *****
09/12/2026 08:12:18 PM: INFO: ******* Test_EditVendor_015 *******
09/12/2026 08:12:23 PM: INFO: *********** Login Successful **********
09/12/2026 08:12:25 PM: INFO: ******** Starting Edit Vendor Test ********
09/12/2026 08:12:27 PM: INFO: Vendor selected for editing: Vendor1
09/12/2026 08:12:28 PM: INFO: Vendor 'Vendor1' found successfully
09/12/2026 08:12:42 PM: INFO: ******VerifyActivityTypeDisplayed******
09/12/2026 08:12:47 PM: INFO: ***********Login Successful**********
09/12/2026 08:12:47 PM: INFO: ********Starting Verify Activity Type**********
09/12/2026 08:12:49 PM: INFO: fActivity Type '{activity_name}' Status: {result}
09/12/2026 08:12:49 PM: INFO: fActivity Type '{activity_name}' Status: {result}
09/12/2026 08:13:02 PM: INFO: ********** Test_003_AddCustomer **********
09/12/2026 08:13:08 PM: INFO: ********* Login Successful **********
09/12/2026 08:13:08 PM: INFO: ********* Starting Add Customer Test *********
09/12/2026 08:13:10 PM: INFO: ******** Providing customer information ********
09/12/2026 08:13:12 PM: INFO: ******** Customer information provided ********
09/12/2026 08:13:12 PM: INFO: ******** Saving customer information ********
09/12/2026 08:13:12 PM: INFO: Success message: ×
The new customer has been added successfully.
09/12/2026 08:13:12 PM: INFO: ******** Customer added successfully ********
09/12/2026 08:13:12 PM: INFO: ******** Verifying customer in Customers grid ********
09/12/2026 08:13:28 PM: INFO: ******** Customers page opened ********
09/12/2026 08:13:30 PM: INFO: ******** Searching for 4km4qnvi@gmail.com ********
09/12/2026 08:13:31 PM: INFO: ******** Customer found in Customers grid ********
09/12/2026 08:13:31 PM: INFO: ******** Add customer test passed ********
09/12/2026 08:13:46 PM: INFO: *****Test_AddProduct_028*****
09/12/2026 08:13:50 PM: INFO: *****Login Successful******
09/12/2026 08:13:50 PM: INFO: *****Staring Add Product test*****
09/12/2026 08:13:53 PM: INFO: *****Providing product details*******
09/12/2026 08:14:11 PM: INFO: ******* Test_012_AddVendor *******
09/12/2026 08:14:14 PM: INFO: ***** Login Successfully *****
09/12/2026 08:14:14 PM: INFO: ****** Starting Add Vendor Test ******
09/12/2026 08:14:17 PM: INFO: ****** Providing Vendor Info ******
09/12/2026 08:14:18 PM: INFO: After Save URL: https://localhost:59579/Admin/Vendor/List
09/12/2026 08:14:18 PM: INFO: ******Vendor added successfully******
09/12/2026 08:14:33 PM: INFO: *** Test_BulkEditProductSaveAll_035 ***
09/12/2026 08:14:37 PM: INFO: ***** Login Successful *****
09/12/2026 08:14:37 PM: INFO: ***** Starting Bulk Edit Product Save All Test *****
09/12/2026 08:14:40 PM: INFO: Product Name: Test Product 2903
09/12/2026 08:14:40 PM: INFO: SKU: SKU 41767
09/12/2026 08:14:40 PM: INFO: New Price: 2000
09/12/2026 08:14:40 PM: INFO: Old Price: 1000
09/12/2026 08:14:40 PM: INFO: Stock Quantity: 1000
09/12/2026 08:14:41 PM: INFO: Bulk Edit Save All completed
09/12/2026 08:14:42 PM: INFO: Product 'Test Product 2903' successfully found in Products table
09/12/2026 08:14:55 PM: INFO: *** Test_BulkEditProductSaveSelected_036 ***
09/12/2026 08:15:00 PM: INFO: ***** Login Successful *****
09/12/2026 08:15:02 PM: INFO: Product Name: Test Product 9959
09/12/2026 08:15:02 PM: INFO: SKU: SKU 15218
09/12/2026 08:15:02 PM: INFO: New Price: 2000
09/12/2026 08:15:02 PM: INFO: Old Price: 1000
09/12/2026 08:15:02 PM: INFO: Stock Quantity: 1000
09/12/2026 08:15:04 PM: INFO: Product 'Test Product 9959' selected
09/12/2026 08:15:05 PM: INFO: Save Selected completed
09/12/2026 08:15:05 PM: INFO: Returned to Products List
09/12/2026 08:15:06 PM: INFO: Searching for product 'Test Product 9959'
09/12/2026 08:15:06 PM: INFO: Product 'Test Product 9959' successfully found in Products table
09/12/2026 08:15:19 PM: INFO: ***** Test_BulkEditSearchProductName_037 *****
09/12/2026 08:15:23 PM: INFO: ***** Login Successful *****
09/12/2026 08:15:23 PM: INFO: ***** Starting Bulk Edit Product Search By Name Test *****
09/12/2026 08:15:25 PM: INFO: Dynamic product selected: Test Product 2903
09/12/2026 08:15:42 PM: INFO: ***** Test_BulkEditSearchProductTypeAll_039 *****
09/12/2026 08:15:46 PM: INFO: ***** Login Successful *****
09/12/2026 08:15:53 PM: INFO: ***** Product Type 'All' search returned 94 products *****
09/12/2026 08:16:08 PM: INFO: ***** Test_BulkEditSearchProductTypeGrouped_044 Started *****
09/12/2026 08:16:13 PM: INFO: ***** Login Successful *****
09/12/2026 08:16:51 PM: INFO: ***** Test_BulkEditSearchProductTypeSimple_043 Started *****
09/12/2026 08:16:57 PM: INFO: ***** Login Successful *****
09/12/2026 08:17:01 PM: INFO: ***** Product Type 'Simple' search returned 94 products *****
09/12/2026 08:17:01 PM: INFO: ***** Test_BulkEditSearchProductTypeSimple_043 Passed *****
09/12/2026 08:17:15 PM: INFO: ***** Test_BulkEditProductSearchPublishType_040 Started *****
09/12/2026 08:17:19 PM: INFO: ***** Login Successful *****
09/12/2026 08:17:19 PM: INFO: ***** Starting Bulk Edit Product Search Published Type Test *****
09/12/2026 08:17:23 PM: INFO: ***** Products Found: 47 *****
09/12/2026 08:17:23 PM: INFO: ***** Published Type 'All' Search Passed *****
09/12/2026 08:17:38 PM: INFO: ***** Test_BulkEditProductSearchPublishTypePublished_041 Started *****
09/12/2026 08:17:41 PM: INFO: ***** Login Successful *****
09/12/2026 08:17:41 PM: INFO: ***** Starting Bulk Edit Product Search Published Type Test *****
09/12/2026 08:17:44 PM: INFO: ***** Products Found: 47 *****
09/12/2026 08:17:44 PM: INFO: ***** Published Type 'Published' Search Passed *****
09/12/2026 08:17:57 PM: INFO: ***** Test_BulkEditProductSearchPublishTypeUnPublished_042 Started *****
09/12/2026 08:18:01 PM: INFO: ***** Login Successful *****
09/12/2026 08:18:01 PM: INFO: ***** Starting Bulk Edit Product Search Published Type Test *****
09/12/2026 08:18:24 PM: INFO: ***** Published Type 'Unpublished only' correctly returned no data *****
09/12/2026 08:18:24 PM: INFO: ***** Published Type 'Unpublished only' Search Passed *****
09/12/2026 08:18:37 PM: INFO: ***** Test_BulkEditProductSearchVendor_037*****
09/12/2026 08:18:42 PM: INFO: ***** Login Successful *****
09/12/2026 08:18:42 PM: INFO: ***** Starting Bulk Edit Product Search Vendor Test *****
09/12/2026 08:18:57 PM: INFO: *****Clear_ActivityLogs_020*****
09/12/2026 08:19:00 PM: INFO: ***********Login Successful**********
09/12/2026 08:19:00 PM: INFO: **********Starting Clear_ActivityLogs_020**********
09/12/2026 08:19:03 PM: INFO: **********Clear_ActivityLogs_020 completed**********
09/12/2026 08:19:17 PM: INFO: *****Delete_SingleActivity_019*****
09/12/2026 08:19:21 PM: INFO: ***********Login Successful**********
09/12/2026 08:19:21 PM: INFO: **********Starting Delete_SingleActivity_019**********
09/12/2026 08:19:24 PM: INFO: Customers available for export: 15
09/12/2026 08:19:29 PM: INFO: ******Customers exported successfully*******
09/12/2026 08:19:30 PM: INFO: Activity Log records found: 1
09/12/2026 08:19:30 PM: INFO: ******Activity Log delete clicked*******
09/12/2026 08:19:44 PM: INFO: ******* Exporting All Customers to Excel *******
09/12/2026 08:19:46 PM: INFO: ******* Download directory: C:\Users\hp\PycharmProjects\Python_Selenium_Hybrid\downloads *******
09/12/2026 08:19:51 PM: INFO: ******* Login Successful *****
09/12/2026 08:19:51 PM: INFO: ****** Starting Export All Customers *******
09/12/2026 08:19:53 PM: INFO: ****** Customers page opened ******
09/12/2026 08:20:02 PM: INFO: ******* Export All Customers Excel button clicked *******
09/12/2026 08:20:02 PM: INFO: ******* Excel Downloaded Successfully: customers.xlsx *******
09/12/2026 08:20:02 PM: INFO: ******* Excel File Verification Successful *******
09/12/2026 08:20:20 PM: INFO: ******* Exporting All Customers to XML *******
09/12/2026 08:20:22 PM: INFO: ******* Download directory: C:\Users\hp\PycharmProjects\Python_Selenium_Hybrid\downloads *******
09/12/2026 08:20:25 PM: INFO: ******* Login Successful *****
09/12/2026 08:20:25 PM: INFO: ****** Starting Export All Customers *******
09/12/2026 08:20:26 PM: INFO: ****** Customers page opened ******
09/12/2026 08:20:34 PM: INFO: ******* Export All Customers XML button clicked *******
09/12/2026 08:20:34 PM: INFO: ******* XML Downloaded Successfully: customers.xml *******
09/12/2026 08:20:34 PM: INFO: ******* XML File Verification Successful *******
09/12/2026 08:20:50 PM: INFO: ******* Exporting Selected Customers to Excel *******
09/12/2026 08:20:53 PM: INFO: ******* Download directory: C:\Users\hp\PycharmProjects\Python_Selenium_Hybrid\downloads *******
09/12/2026 08:20:55 PM: INFO: ******* Login Successful *****
09/12/2026 08:20:55 PM: INFO: ****** Navigating to Customers ******
09/12/2026 08:20:57 PM: INFO: ****** Customers page opened ******
09/12/2026 08:20:59 PM: INFO: ******* Customers Selected Successfully *******
09/12/2026 08:21:05 PM: INFO: ******* Export Selected Excel button clicked *******
09/12/2026 08:21:05 PM: INFO: ******* Excel Downloaded Successfully: customers.xlsx *******
09/12/2026 08:21:05 PM: INFO: ******* Excel File Verification Successful *******
09/12/2026 08:21:21 PM: INFO: ******* Exporting Selected Customers to XML *******
09/12/2026 08:21:24 PM: INFO: ******* Download directory: C:\Users\hp\PycharmProjects\Python_Selenium_Hybrid\downloads *******
09/12/2026 08:21:27 PM: INFO: ******* Login Successful *****
09/12/2026 08:21:27 PM: INFO: ****** Navigating to Customers ******
09/12/2026 08:21:28 PM: INFO: ****** Customers page opened ******
09/12/2026 08:21:30 PM: INFO: ******* Customers Selected Successfully *******
09/12/2026 08:21:37 PM: INFO: ******* Export Selected XML button clicked *******
09/12/2026 08:21:37 PM: INFO: ******* XML Downloaded Successfully: customers.xml *******
09/12/2026 08:21:37 PM: INFO: ******* XML File Verification Successful *******
09/12/2026 08:21:53 PM: INFO: ********Verify Login Test********
09/12/2026 08:21:58 PM: INFO: ********Login test Passed********
09/12/2026 08:22:14 PM: INFO: **********Test_002_DDT_Login********
09/12/2026 08:22:14 PM: INFO: ********Verify Login DDT Test********
09/12/2026 08:22:21 PM: INFO: Row 2: *****Test Passed*****
09/12/2026 08:22:25 PM: INFO: Row 3: *****Test Passed*****
09/12/2026 08:22:28 PM: INFO: Row 4: *****Test Passed*****
09/12/2026 08:22:30 PM: INFO: Row 5: *****Test Passed*****
09/12/2026 08:22:33 PM: INFO: Row 6: *****Test Passed*****
09/12/2026 08:22:33 PM: INFO: ****Login DDT Test Passed****
09/12/2026 08:22:35 PM: INFO: ****End of Login DDT Test****
09/12/2026 08:22:35 PM: INFO: *****Completed TC_LoginDDT_002******
09/12/2026 08:22:47 PM: INFO: ******* SearchCustomerByEmail_004 *********
09/12/2026 08:22:53 PM: INFO: *********** Login Successful **********
09/12/2026 08:22:53 PM: INFO: ********** Starting SearchCustomerByEmail_004 **********
09/12/2026 08:22:56 PM: INFO: ******** Searching customer by email ID ***********
09/12/2026 08:22:57 PM: INFO: ******** Customer found successfully ********
09/12/2026 08:22:57 PM: INFO: ******** TC_SearchCustomerByEmail_004 Finished **********
09/12/2026 08:23:04 PM: WARNING: Retrying (Retry(total=2, connect=None, read=None, redirect=None, status=None)) after connection broken by 'NewConnectionError("HTTPConnection(host='localhost', port=60746): Failed to establish a new connection: [WinError 10061] No connection could be made because the target machine actively refused it")': /session/8adcbefb-c629-4be7-9fe0-f8bb835327b1
09/12/2026 08:23:08 PM: WARNING: Retrying (Retry(total=1, connect=None, read=None, redirect=None, status=None)) after connection broken by 'NewConnectionError("HTTPConnection(host='localhost', port=60746): Failed to establish a new connection: [WinError 10061] No connection could be made because the target machine actively refused it")': /session/8adcbefb-c629-4be7-9fe0-f8bb835327b1
09/12/2026 08:23:12 PM: WARNING: Retrying (Retry(total=0, connect=None, read=None, redirect=None, status=None)) after connection broken by 'NewConnectionError("HTTPConnection(host='localhost', port=60746): Failed to establish a new connection: [WinError 10061] No connection could be made because the target machine actively refused it")': /session/8adcbefb-c629-4be7-9fe0-f8bb835327b1
09/12/2026 08:23:28 PM: INFO: ******* SearchCustomerByName_005 *********
09/12/2026 08:23:35 PM: INFO: *********** Login Successful **********
09/12/2026 08:23:35 PM: INFO: ********** Starting SearchCustomerByName_005 **********
09/12/2026 08:23:36 PM: INFO: ******** Customers page opened ********
09/12/2026 08:23:36 PM: INFO: ******** Searching customer by Name ***********
09/12/2026 08:23:37 PM: INFO: ******** TC_SearchCustomerByName_005 Finished **********
09/12/2026 08:23:53 PM: INFO: *****SearchVendorByName_013*****
09/12/2026 08:23:58 PM: INFO: ***********Login Successful**********
09/12/2026 08:23:58 PM: INFO: **********Starting SearchVendorByName_013**********
09/12/2026 08:23:59 PM: INFO: ******** searching vendor by Email***********
09/12/2026 08:24:03 PM: INFO: ********TC_SearchvendorrByEmail_014 Finished**********
09/12/2026 08:24:17 PM: INFO: *****SearchVendorByName_013*****
09/12/2026 08:24:23 PM: INFO: ***********Login Successful**********
09/12/2026 08:24:23 PM: INFO: **********Starting SearchVendorByName_013**********
09/12/2026 08:24:26 PM: INFO: ******** searching vendor by Name***********
09/12/2026 08:24:26 PM: INFO: Selected Vendor Name: Vendor1
09/12/2026 08:24:26 PM: INFO: *******Searching Vendor by Name: {vendor_name}********
09/12/2026 08:24:30 PM: INFO: ********TC_SearchvendorrByName_013 Finished**********
09/12/2026 08:24:43 PM: INFO: ***** SearchActivityDate_016 *****
09/12/2026 08:24:47 PM: INFO: *********** Login Successful **********
09/12/2026 08:24:47 PM: INFO: ********** Starting SearchActivityDate_016 **********
09/12/2026 08:24:53 PM: INFO: Activity log rows found: 6
09/12/2026 08:25:09 PM: INFO: *****SearchActivityIP_017*****
09/12/2026 08:25:12 PM: INFO: ***********Login Successful**********
09/12/2026 08:25:12 PM: INFO: **********Starting SearchActivityIP_017**********
09/12/2026 08:25:30 PM: INFO: *****SearchActivity_LogType_018*****
09/12/2026 08:25:35 PM: INFO: ***********Login Successful**********
09/12/2026 08:25:35 PM: INFO: **********Starting SearchActivity_LogType_018**********
09/12/2026 08:25:55 PM: INFO: *****SearchCustomer_RoleAdministrator_021*****
09/12/2026 08:25:59 PM: INFO: ***********Login Successful**********
09/12/2026 08:26:02 PM: INFO: Administrator search result count: 1
09/12/2026 08:26:17 PM: INFO: *****SearchCustomer_RoleForumModerator_023*****
09/12/2026 08:26:22 PM: INFO: ***********Login Successful**********
09/12/2026 08:26:26 PM: INFO: Forum Moderator search result count: 1
09/12/2026 08:26:41 PM: INFO: *****SearchCustomer_Role_Guests_024*****
09/12/2026 08:26:45 PM: INFO: ***********Login Successful**********
09/12/2026 08:26:45 PM: INFO: ********Starting_SearchGuest_Role_024******
09/12/2026 08:26:48 PM: INFO: Normal table customer count: 15
09/12/2026 08:26:51 PM: INFO: Guests search result count: 15
09/12/2026 08:27:06 PM: INFO: ***** Test_SearchProductByName_029 *****
09/12/2026 08:27:10 PM: INFO: ***** Login Successful *****
09/12/2026 08:27:10 PM: INFO: ***** Starting Search Product By Name Test *****
09/12/2026 08:27:12 PM: INFO: Dynamic product selected: Test Product 2903
09/12/2026 08:27:13 PM: INFO: Product 'Test Product 2903' found successfully
09/12/2026 08:27:28 PM: INFO: *****Test_SearchProductBySKU_030*****
09/12/2026 08:27:32 PM: INFO: *****Login Successful******
09/12/2026 08:27:55 PM: INFO: ********** Test_SearchProductByVendor_031 Started **********
09/12/2026 08:27:57 PM: INFO: Application URL opened: https://localhost:59579/admin
09/12/2026 08:28:00 PM: INFO: ********** Login Successful **********
09/12/2026 08:28:01 PM: INFO: ********** Products page opened successfully **********
09/12/2026 08:28:03 PM: INFO: ********** Product search performed for Vendor1 **********
09/12/2026 08:28:03 PM: INFO: ********** 'No data available in table' validated **********
09/12/2026 08:28:04 PM: INFO: ********** 'No records' validated **********
09/12/2026 08:28:04 PM: INFO: ********** Test_SearchProductByVendor_031 Passed **********
09/12/2026 08:28:16 PM: INFO: *****SearchCustomer_RoleRegistered_022*****
09/12/2026 08:28:20 PM: INFO: ***********Login Successful**********
09/12/2026 08:28:23 PM: INFO: Normal table customer count: 15
09/12/2026 08:28:24 PM: INFO: Registered search result count: 2
09/12/2026 08:28:37 PM: INFO: *****SearchCustomer_Role_Vendors_025*****
09/12/2026 08:28:41 PM: INFO: ***********Login Successful**********
09/12/2026 08:28:41 PM: INFO: ********Starting_SearchVendor_Role_025******
09/12/2026 08:28:44 PM: INFO: Normal table customer count: 15
09/12/2026 08:28:45 PM: INFO: Vendor search result count: 0
09/12/2026 08:30:28 PM: INFO: ***** Test_BulkEditSearchProductName_037 *****
09/12/2026 08:30:34 PM: INFO: ***** Login Successful *****
09/12/2026 08:30:34 PM: INFO: ***** Starting Bulk Edit Product Search By Name Test *****
09/12/2026 08:30:36 PM: INFO: Dynamic product selected: Test Product 2903
09/13/2026 08:54:40 AM: INFO: ***** Test_BulkEditSearchProductName_037 *****
09/13/2026 08:54:51 AM: INFO: ***** Login Successful *****
09/13/2026 08:54:51 AM: INFO: ***** Starting Bulk Edit Product Search By Name Test *****
09/13/2026 08:54:56 AM: INFO: Dynamic product selected: Test Product 2903
09/13/2026 08:57:05 AM: INFO: ***** Test_BulkEditSearchProductName_037 *****
09/13/2026 08:57:12 AM: INFO: ***** Login Successful *****
09/13/2026 08:57:12 AM: INFO: ***** Starting Bulk Edit Product Search By Name Test *****
09/13/2026 08:57:15 AM: INFO: Dynamic product selected: Test Product 2903
09/13/2026 09:01:22 AM: INFO: ***** Test_BulkEditSearchProductName_037 *****
09/13/2026 09:01:27 AM: INFO: ***** Login Successful *****
09/13/2026 09:01:27 AM: INFO: ***** Starting Bulk Edit Product Search By Name Test *****
09/13/2026 09:01:30 AM: INFO: Dynamic product selected: Test Product 2903
09/13/2026 09:01:32 AM: INFO: Product 'Test Product 2903' displayed successfully
09/13/2026 09:02:33 AM: INFO: ***** Test_BulkEditProductSearchVendor_037*****
09/13/2026 09:02:41 AM: INFO: ***** Login Successful *****
09/13/2026 09:02:41 AM: INFO: ***** Starting Bulk Edit Product Search Vendor Test *****
09/13/2026 09:09:38 AM: INFO: ******* Deleting Customer *******
09/13/2026 09:09:46 AM: INFO: ******* Login Successful *****
09/13/2026 09:09:47 AM: INFO: ******* Customers page opened *******
09/13/2026 09:09:50 AM: INFO: ******* Edit Customer button clicked *******
09/13/2026 09:09:52 AM: INFO: ******* Edit Customer page opened successfully *******
09/13/2026 09:09:52 AM: INFO: ******* Delete Customer button clicked *******
09/13/2026 09:10:03 AM: INFO: ******* Delete confirmation accepted *******
09/13/2026 09:10:04 AM: INFO: ********* Delete Customer test passed **********
09/13/2026 09:10:04 AM: INFO: ****** Ending Delete Customer Test *******
09/13/2026 09:10:08 AM: INFO: *****Test_DeleteProduct_Select_033*****
09/13/2026 09:10:13 AM: INFO: *****Login Successful******
09/13/2026 09:10:13 AM: INFO: *****Starting Delete Selected Product test*****
09/13/2026 09:10:19 AM: INFO: ***** Product 'Test Product 4385' was deleted successfully *****
09/13/2026 09:10:24 AM: INFO: *****Test_DeleteProduct_032*****
09/13/2026 09:10:30 AM: INFO: *****Login Successful******
09/13/2026 09:10:30 AM: INFO: *****Staring Delete Product test*****
09/13/2026 09:10:35 AM: INFO: ***** Product deleted successfully *****
09/13/2026 09:10:55 AM: INFO: ******* Editing Customer *******
09/13/2026 09:10:59 AM: INFO: ******* Login Successful *****
09/13/2026 09:11:02 AM: INFO: ******* Customers page opened *******
09/13/2026 09:11:04 AM: INFO: ******* Edit Customer button clicked *******
09/13/2026 09:11:04 AM: INFO: ******* Edit Customer page opened successfully *******
09/13/2026 09:11:05 AM: INFO: ********* Edit Customer test passed **********
09/13/2026 09:11:06 AM: INFO: ****** Ending Edit Customer Test *******
09/13/2026 09:11:10 AM: INFO: ***** Test_EditProduct_032 *****
09/13/2026 09:11:14 AM: INFO: ***** Login Successful *****
09/13/2026 09:11:14 AM: INFO: ***** Opening Catalog -> Products *****
09/13/2026 09:11:17 AM: INFO: ***** Dynamic Product Selected: Test Product 2903 *****
09/13/2026 09:11:18 AM: INFO: ***** Edit page opened for: Test Product 2903 *****
09/13/2026 09:11:19 AM: INFO: ***** Product details updated: SKU=SKU23002, Price=999 *****
09/13/2026 09:11:19 AM: INFO: ***** Save button clicked *****
09/13/2026 09:11:20 AM: INFO: ***** Product updated successfully *****
09/13/2026 09:11:24 AM: INFO: ******* Test_EditVendor_015 *******
09/13/2026 09:11:28 AM: INFO: *********** Login Successful **********
09/13/2026 09:11:31 AM: INFO: ******** Starting Edit Vendor Test ********
09/13/2026 09:11:33 AM: INFO: Vendor selected for editing: Vendor1
09/13/2026 09:11:34 AM: INFO: Vendor 'Vendor1' found successfully
09/13/2026 09:11:38 AM: INFO: ******VerifyActivityTypeDisplayed******
09/13/2026 09:11:42 AM: INFO: ***********Login Successful**********
09/13/2026 09:11:42 AM: INFO: ********Starting Verify Activity Type**********
09/13/2026 09:11:45 AM: INFO: fActivity Type '{activity_name}' Status: {result}
09/13/2026 09:11:45 AM: INFO: fActivity Type '{activity_name}' Status: {result}
09/13/2026 09:11:50 AM: INFO: ********** Test_003_AddCustomer **********
09/13/2026 09:11:53 AM: INFO: ********* Login Successful **********
09/13/2026 09:11:53 AM: INFO: ********* Starting Add Customer Test *********
09/13/2026 09:11:57 AM: INFO: ******** Providing customer information ********
09/13/2026 09:11:59 AM: INFO: ******** Customer information provided ********
09/13/2026 09:12:00 AM: INFO: ******** Saving customer information ********
09/13/2026 09:12:00 AM: INFO: Success message: ×
The new customer has been added successfully.
09/13/2026 09:12:00 AM: INFO: ******** Customer added successfully ********
09/13/2026 09:12:00 AM: INFO: ******** Verifying customer in Customers grid ********
09/13/2026 09:12:16 AM: INFO: ******** Customers page opened ********
09/13/2026 09:12:16 AM: INFO: ******** Searching for okdgz4zl@gmail.com ********
09/13/2026 09:12:17 AM: INFO: ******** Customer found in Customers grid ********
09/13/2026 09:12:17 AM: INFO: ******** Add customer test passed ********
09/13/2026 09:12:21 AM: INFO: *****Test_AddProduct_028*****
09/13/2026 09:12:25 AM: INFO: *****Login Successful******
09/13/2026 09:12:25 AM: INFO: *****Staring Add Product test*****
09/13/2026 09:12:29 AM: INFO: *****Providing product details*******
09/13/2026 09:12:39 AM: INFO: ******* Test_012_AddVendor *******
09/13/2026 09:12:43 AM: INFO: ***** Login Successfully *****
09/13/2026 09:12:43 AM: INFO: ****** Starting Add Vendor Test ******
09/13/2026 09:12:47 AM: INFO: ****** Providing Vendor Info ******
09/13/2026 09:12:49 AM: INFO: After Save URL: https://localhost:59579/Admin/Vendor/List
09/13/2026 09:12:49 AM: INFO: ******Vendor added successfully******
09/13/2026 09:12:53 AM: INFO: *** Test_BulkEditProductSaveAll_035 ***
09/13/2026 09:12:59 AM: INFO: ***** Login Successful *****
09/13/2026 09:12:59 AM: INFO: ***** Starting Bulk Edit Product Save All Test *****
09/13/2026 09:13:04 AM: INFO: Product Name: Test Product 2553
09/13/2026 09:13:04 AM: INFO: SKU: SKU 65188
09/13/2026 09:13:04 AM: INFO: New Price: 2000
09/13/2026 09:13:04 AM: INFO: Old Price: 1000
09/13/2026 09:13:04 AM: INFO: Stock Quantity: 1000
09/13/2026 09:13:06 AM: INFO: Bulk Edit Save All completed
09/13/2026 09:13:07 AM: INFO: Product 'Test Product 2553' successfully found in Products table
09/13/2026 09:13:12 AM: INFO: *** Test_BulkEditProductSaveSelected_036 ***
09/13/2026 09:13:16 AM: INFO: ***** Login Successful *****
09/13/2026 09:13:21 AM: INFO: Product Name: Test Product 5641
09/13/2026 09:13:21 AM: INFO: SKU: SKU 77153
09/13/2026 09:13:21 AM: INFO: New Price: 2000
09/13/2026 09:13:21 AM: INFO: Old Price: 1000
09/13/2026 09:13:21 AM: INFO: Stock Quantity: 1000
09/13/2026 09:13:23 AM: INFO: Product 'Test Product 5641' selected
09/13/2026 09:13:25 AM: INFO: Save Selected completed
09/13/2026 09:13:26 AM: INFO: Returned to Products List
09/13/2026 09:13:26 AM: INFO: Searching for product 'Test Product 5641'
09/13/2026 09:13:26 AM: INFO: Product 'Test Product 5641' successfully found in Products table
09/13/2026 09:13:30 AM: INFO: ***** Test_BulkEditSearchProductName_037 *****
09/13/2026 09:13:35 AM: INFO: ***** Login Successful *****
09/13/2026 09:13:35 AM: INFO: ***** Starting Bulk Edit Product Search By Name Test *****
09/13/2026 09:13:37 AM: INFO: Dynamic product selected: Test Product 2903
09/13/2026 09:13:39 AM: INFO: Product 'Test Product 2903' displayed successfully
09/13/2026 09:13:43 AM: INFO: ***** Test_BulkEditSearchProductTypeAll_039 *****
09/13/2026 09:13:47 AM: INFO: ***** Login Successful *****
09/13/2026 09:13:54 AM: INFO: ***** Product Type 'All' search returned 48 products *****
09/13/2026 09:13:59 AM: INFO: ***** Test_BulkEditSearchProductTypeGrouped_044 Started *****
09/13/2026 09:14:03 AM: INFO: ***** Login Successful *****
09/13/2026 09:14:07 AM: INFO: ***** Product Type 'Grouped (product with variants)' returned no products as expected *****
09/13/2026 09:14:07 AM: INFO: ***** Test_BulkEditSearchProductTypeGrouped_044 Passed *****
09/13/2026 09:14:11 AM: INFO: ***** Test_BulkEditSearchProductTypeSimple_043 Started *****
09/13/2026 09:14:17 AM: INFO: ***** Login Successful *****
09/13/2026 09:14:20 AM: INFO: ***** Product Type 'Simple' search returned 48 products *****
09/13/2026 09:14:20 AM: INFO: ***** Test_BulkEditSearchProductTypeSimple_043 Passed *****
09/13/2026 09:14:24 AM: INFO: ***** Test_BulkEditProductSearchPublishType_040 Started *****
09/13/2026 09:14:28 AM: INFO: ***** Login Successful *****
09/13/2026 09:14:28 AM: INFO: ***** Starting Bulk Edit Product Search Published Type Test *****
09/13/2026 09:14:32 AM: INFO: ***** Products Found: 48 *****
09/13/2026 09:14:32 AM: INFO: ***** Published Type 'All' Search Passed *****
09/13/2026 09:14:37 AM: INFO: ***** Test_BulkEditProductSearchPublishTypePublished_041 Started *****
09/13/2026 09:14:41 AM: INFO: ***** Login Successful *****
09/13/2026 09:14:41 AM: INFO: ***** Starting Bulk Edit Product Search Published Type Test *****
09/13/2026 09:14:45 AM: INFO: ***** Products Found: 48 *****
09/13/2026 09:14:45 AM: INFO: ***** Published Type 'Published' Search Passed *****
09/13/2026 09:14:49 AM: INFO: ***** Test_BulkEditProductSearchPublishTypeUnPublished_042 Started *****
09/13/2026 09:14:53 AM: INFO: ***** Login Successful *****
09/13/2026 09:14:53 AM: INFO: ***** Starting Bulk Edit Product Search Published Type Test *****
09/13/2026 09:14:57 AM: INFO: ***** Published Type 'Unpublished only' correctly returned no data *****
09/13/2026 09:14:57 AM: INFO: ***** Published Type 'Unpublished only' Search Passed *****
09/13/2026 09:15:01 AM: INFO: ***** Test_BulkEditProductSearchVendor_037*****
09/13/2026 09:15:07 AM: INFO: ***** Login Successful *****
09/13/2026 09:15:07 AM: INFO: ***** Starting Bulk Edit Product Search Vendor Test *****
09/13/2026 09:15:16 AM: INFO: *****Clear_ActivityLogs_020*****
09/13/2026 09:15:21 AM: INFO: ***********Login Successful**********
09/13/2026 09:15:21 AM: INFO: **********Starting Clear_ActivityLogs_020**********
09/13/2026 09:15:24 AM: INFO: **********Clear_ActivityLogs_020 completed**********
09/13/2026 09:15:29 AM: INFO: *****Delete_SingleActivity_019*****
09/13/2026 09:15:33 AM: INFO: ***********Login Successful**********
09/13/2026 09:15:33 AM: INFO: **********Starting Delete_SingleActivity_019**********
09/13/2026 09:15:36 AM: INFO: Customers available for export: 15
09/13/2026 09:15:36 AM: INFO: ******Customers exported successfully*******
09/13/2026 09:15:38 AM: INFO: Activity Log records found: 6
09/13/2026 09:15:39 AM: INFO: ******Activity Log delete clicked*******
09/13/2026 09:15:45 AM: INFO: ******* Exporting All Customers to Excel *******
09/13/2026 09:15:48 AM: INFO: ******* Download directory: C:\Users\hp\PycharmProjects\Python_Selenium_Hybrid\downloads *******
09/13/2026 09:15:49 AM: INFO: ******* Login Successful *****
09/13/2026 09:15:49 AM: INFO: ****** Starting Export All Customers *******
09/13/2026 09:15:52 AM: INFO: ****** Customers page opened ******
09/13/2026 09:15:56 AM: INFO: ******* Export All Customers Excel button clicked *******
09/13/2026 09:15:57 AM: INFO: ******* Excel Downloaded Successfully: customers.xlsx *******
09/13/2026 09:15:57 AM: INFO: ******* Excel File Verification Successful *******
09/13/2026 09:16:03 AM: INFO: ******* Exporting All Customers to XML *******
09/13/2026 09:16:07 AM: INFO: ******* Download directory: C:\Users\hp\PycharmProjects\Python_Selenium_Hybrid\downloads *******
09/13/2026 09:16:08 AM: INFO: ******* Login Successful *****
09/13/2026 09:16:08 AM: INFO: ****** Starting Export All Customers *******
09/13/2026 09:16:11 AM: INFO: ****** Customers page opened ******
09/13/2026 09:16:15 AM: INFO: ******* Export All Customers XML button clicked *******
09/13/2026 09:16:17 AM: INFO: ******* XML Downloaded Successfully: customers.xml *******
09/13/2026 09:16:17 AM: INFO: ******* XML File Verification Successful *******
09/13/2026 09:16:26 AM: INFO: ******* Exporting Selected Customers to Excel *******
09/13/2026 09:16:29 AM: INFO: ******* Download directory: C:\Users\hp\PycharmProjects\Python_Selenium_Hybrid\downloads *******
09/13/2026 09:16:30 AM: INFO: ******* Login Successful *****
09/13/2026 09:16:30 AM: INFO: ****** Navigating to Customers ******
09/13/2026 09:16:33 AM: INFO: ****** Customers page opened ******
09/13/2026 09:16:35 AM: INFO: ******* Customers Selected Successfully *******
09/13/2026 09:16:37 AM: INFO: ******* Export Selected Excel button clicked *******
09/13/2026 09:16:39 AM: INFO: ******* Excel Downloaded Successfully: customers.xlsx *******
09/13/2026 09:16:39 AM: INFO: ******* Excel File Verification Successful *******
09/13/2026 09:16:46 AM: INFO: ******* Exporting Selected Customers to XML *******
09/13/2026 09:16:49 AM: INFO: ******* Download directory: C:\Users\hp\PycharmProjects\Python_Selenium_Hybrid\downloads *******
09/13/2026 09:16:50 AM: INFO: ******* Login Successful *****
09/13/2026 09:16:50 AM: INFO: ****** Navigating to Customers ******
09/13/2026 09:16:53 AM: INFO: ****** Customers page opened ******
09/13/2026 09:16:55 AM: INFO: ******* Customers Selected Successfully *******
09/13/2026 09:16:57 AM: INFO: ******* Export Selected XML button clicked *******
09/13/2026 09:16:59 AM: INFO: ******* XML Downloaded Successfully: customers.xml *******
09/13/2026 09:16:59 AM: INFO: ******* XML File Verification Successful *******
09/13/2026 09:17:04 AM: INFO: ********Verify Login Test********
09/13/2026 09:17:12 AM: INFO: ********Login test Passed********
09/13/2026 09:17:17 AM: INFO: **********Test_002_DDT_Login********
09/13/2026 09:17:17 AM: INFO: ********Verify Login DDT Test********
09/13/2026 09:17:23 AM: INFO: Row 2: *****Test Passed*****
09/13/2026 09:17:27 AM: INFO: Row 3: *****Test Passed*****
09/13/2026 09:17:30 AM: INFO: Row 4: *****Test Passed*****
09/13/2026 09:17:33 AM: INFO: Row 5: *****Test Passed*****
09/13/2026 09:17:36 AM: INFO: Row 6: *****Test Passed*****
09/13/2026 09:17:36 AM: INFO: ****Login DDT Test Passed****
09/13/2026 09:17:36 AM: INFO: ****End of Login DDT Test****
09/13/2026 09:17:36 AM: INFO: *****Completed TC_LoginDDT_002******
09/13/2026 09:17:40 AM: INFO: ******* SearchCustomerByEmail_004 *********
09/13/2026 09:17:47 AM: INFO: *********** Login Successful **********
09/13/2026 09:17:47 AM: INFO: ********** Starting SearchCustomerByEmail_004 **********
09/13/2026 09:17:48 AM: INFO: ******** Searching customer by email ID ***********
09/13/2026 09:17:48 AM: INFO: ******** Customer found successfully ********
09/13/2026 09:17:48 AM: INFO: ******** TC_SearchCustomerByEmail_004 Finished **********
09/13/2026 09:17:55 AM: WARNING: Retrying (Retry(total=2, connect=None, read=None, redirect=None, status=None)) after connection broken by 'NewConnectionError("HTTPConnection(host='localhost', port=59142): Failed to establish a new connection: [WinError 10061] No connection could be made because the target machine actively refused it")': /session/c4d7093b2f4e04455c00226e3acfe41a
09/13/2026 09:17:59 AM: WARNING: Retrying (Retry(total=1, connect=None, read=None, redirect=None, status=None)) after connection broken by 'NewConnectionError("HTTPConnection(host='localhost', port=59142): Failed to establish a new connection: [WinError 10061] No connection could be made because the target machine actively refused it")': /session/c4d7093b2f4e04455c00226e3acfe41a
09/13/2026 09:18:03 AM: WARNING: Retrying (Retry(total=0, connect=None, read=None, redirect=None, status=None)) after connection broken by 'NewConnectionError("HTTPConnection(host='localhost', port=59142): Failed to establish a new connection: [WinError 10061] No connection could be made because the target machine actively refused it")': /session/c4d7093b2f4e04455c00226e3acfe41a
09/13/2026 09:18:09 AM: INFO: ******* SearchCustomerByName_005 *********
09/13/2026 09:18:13 AM: INFO: *********** Login Successful **********
09/13/2026 09:18:13 AM: INFO: ********** Starting SearchCustomerByName_005 **********
09/13/2026 09:18:16 AM: INFO: ******** Customers page opened ********
09/13/2026 09:18:16 AM: INFO: ******** Searching customer by Name ***********
09/13/2026 09:18:17 AM: INFO: ******** TC_SearchCustomerByName_005 Finished **********
09/13/2026 09:18:21 AM: INFO: *****SearchVendorByName_013*****
09/13/2026 09:18:25 AM: INFO: ***********Login Successful**********
09/13/2026 09:18:25 AM: INFO: **********Starting SearchVendorByName_013**********
09/13/2026 09:18:29 AM: INFO: ******** searching vendor by Email***********
09/13/2026 09:18:32 AM: INFO: ********TC_SearchvendorrByEmail_014 Finished**********
09/13/2026 09:18:37 AM: INFO: *****SearchVendorByName_013*****
09/13/2026 09:18:40 AM: INFO: ***********Login Successful**********
09/13/2026 09:18:40 AM: INFO: **********Starting SearchVendorByName_013**********
09/13/2026 09:18:43 AM: INFO: ******** searching vendor by Name***********
09/13/2026 09:18:43 AM: INFO: Selected Vendor Name: Vendor1
09/13/2026 09:18:43 AM: INFO: *******Searching Vendor by Name: {vendor_name}********
09/13/2026 09:18:47 AM: INFO: ********TC_SearchvendorrByName_013 Finished**********
09/13/2026 09:18:52 AM: INFO: ***** SearchActivityDate_016 *****
09/13/2026 09:18:55 AM: INFO: *********** Login Successful **********
09/13/2026 09:18:55 AM: INFO: ********** Starting SearchActivityDate_016 **********
09/13/2026 09:18:59 AM: INFO: Activity log rows found: 14
09/13/2026 09:19:03 AM: INFO: *****SearchActivityIP_017*****
09/13/2026 09:19:08 AM: INFO: ***********Login Successful**********
09/13/2026 09:19:08 AM: INFO: **********Starting SearchActivityIP_017**********
09/13/2026 09:19:16 AM: INFO: *****SearchActivity_LogType_018*****
09/13/2026 09:19:20 AM: INFO: ***********Login Successful**********
09/13/2026 09:19:20 AM: INFO: **********Starting SearchActivity_LogType_018**********
09/13/2026 09:19:29 AM: INFO: *****SearchCustomer_RoleAdministrator_021*****
09/13/2026 09:19:34 AM: INFO: ***********Login Successful**********
09/13/2026 09:19:38 AM: INFO: Administrator search result count: 1
09/13/2026 09:19:43 AM: INFO: *****SearchCustomer_RoleForumModerator_023*****
09/13/2026 09:19:47 AM: INFO: ***********Login Successful**********
09/13/2026 09:19:51 AM: INFO: Forum Moderator search result count: 1
09/13/2026 09:19:56 AM: INFO: *****SearchCustomer_Role_Guests_024*****
09/13/2026 09:20:00 AM: INFO: ***********Login Successful**********
09/13/2026 09:20:00 AM: INFO: ********Starting_SearchGuest_Role_024******
09/13/2026 09:20:04 AM: INFO: Normal table customer count: 15
09/13/2026 09:20:06 AM: INFO: Guests search result count: 15
09/13/2026 09:20:12 AM: INFO: ***** Test_SearchProductByName_029 *****
09/13/2026 09:20:20 AM: INFO: ***** Login Successful *****
09/13/2026 09:20:20 AM: INFO: ***** Starting Search Product By Name Test *****
09/13/2026 09:20:23 AM: INFO: Dynamic product selected: Test Product 2903
09/13/2026 09:20:24 AM: INFO: Product 'Test Product 2903' found successfully
09/13/2026 09:20:29 AM: INFO: *****Test_SearchProductBySKU_030*****
09/13/2026 09:20:37 AM: INFO: *****Login Successful******
09/13/2026 09:21:03 AM: INFO: ********** Test_SearchProductByVendor_031 Started **********
09/13/2026 09:21:07 AM: INFO: Application URL opened: https://localhost:59579/admin
09/13/2026 09:21:16 AM: INFO: ********** Login Successful **********
09/13/2026 09:21:19 AM: INFO: ********** Products page opened successfully **********
09/13/2026 09:21:23 AM: INFO: ********** Product search performed for Vendor1 **********
09/13/2026 09:21:23 AM: INFO: ********** 'No data available in table' validated **********
09/13/2026 09:21:23 AM: INFO: ********** 'No records' validated **********
09/13/2026 09:21:23 AM: INFO: ********** Test_SearchProductByVendor_031 Passed **********
09/13/2026 09:21:32 AM: INFO: *****SearchCustomer_RoleRegistered_022*****
09/13/2026 09:21:38 AM: INFO: ***********Login Successful**********
09/13/2026 09:21:46 AM: INFO: Normal table customer count: 15
09/13/2026 09:21:49 AM: INFO: Registered search result count: 2
09/13/2026 09:21:56 AM: INFO: *****SearchCustomer_Role_Vendors_025*****
09/13/2026 09:22:01 AM: INFO: ***********Login Successful**********
09/13/2026 09:22:01 AM: INFO: ********Starting_SearchVendor_Role_025******
09/13/2026 09:22:12 AM: INFO: Normal table customer count: 15
09/13/2026 09:22:15 AM: INFO: Vendor search result count: 0
09/13/2026 09:30:54 AM: INFO: ***** Test_BulkEditProductSearchVendor_037*****
09/13/2026 09:31:01 AM: INFO: ***** Login Successful *****
09/13/2026 09:31:01 AM: INFO: ***** Starting Bulk Edit Product Search Vendor Test *****
09/13/2026 09:32:52 AM: INFO: ***** Test_BulkEditProductSearchVendor_037*****
09/13/2026 09:32:56 AM: INFO: ***** Login Successful *****
09/13/2026 09:32:56 AM: INFO: ***** Starting Bulk Edit Product Search Vendor Test *****
09/13/2026 09:35:15 AM: INFO: ***** Test_BulkEditProductSearchVendor_037*****
09/13/2026 09:35:20 AM: INFO: ***** Login Successful *****
09/13/2026 09:35:20 AM: INFO: ***** Starting Bulk Edit Product Search Vendor Test *****
09/13/2026 09:37:06 AM: INFO: ******* Deleting Customer *******
09/13/2026 09:37:15 AM: INFO: ******* Login Successful *****
09/13/2026 09:37:17 AM: INFO: ******* Customers page opened *******
09/13/2026 09:37:22 AM: INFO: ******* Edit Customer button clicked *******
09/13/2026 09:37:24 AM: INFO: ******* Edit Customer page opened successfully *******
09/13/2026 09:37:25 AM: INFO: ******* Delete Customer button clicked *******
09/13/2026 09:37:37 AM: INFO: ******* Delete confirmation accepted *******
09/13/2026 09:37:38 AM: INFO: ********* Delete Customer test passed **********
09/13/2026 09:37:39 AM: INFO: ****** Ending Delete Customer Test *******
09/13/2026 09:37:43 AM: INFO: *****Test_DeleteProduct_Select_033*****
09/13/2026 09:37:49 AM: INFO: *****Login Successful******
09/13/2026 09:37:49 AM: INFO: *****Starting Delete Selected Product test*****
09/13/2026 09:37:54 AM: INFO: ***** Product 'Test Product 5977' was deleted successfully *****
09/13/2026 09:38:00 AM: INFO: *****Test_DeleteProduct_032*****
09/13/2026 09:38:04 AM: INFO: *****Login Successful******
09/13/2026 09:38:04 AM: INFO: *****Staring Delete Product test*****
09/13/2026 09:38:12 AM: INFO: ***** Product deleted successfully *****
09/13/2026 09:38:32 AM: INFO: ******* Editing Customer *******
09/13/2026 09:38:36 AM: INFO: ******* Login Successful *****
09/13/2026 09:38:41 AM: INFO: ******* Customers page opened *******
09/13/2026 09:38:43 AM: INFO: ******* Edit Customer button clicked *******
09/13/2026 09:38:43 AM: INFO: ******* Edit Customer page opened successfully *******
09/13/2026 09:38:45 AM: INFO: ********* Edit Customer test passed **********
09/13/2026 09:38:45 AM: INFO: ****** Ending Edit Customer Test *******
09/13/2026 09:38:49 AM: INFO: ***** Test_EditProduct_032 *****
09/13/2026 09:38:53 AM: INFO: ***** Login Successful *****
09/13/2026 09:38:53 AM: INFO: ***** Opening Catalog -> Products *****
09/13/2026 09:38:56 AM: INFO: ***** Dynamic Product Selected: Test Product 2903 *****
09/13/2026 09:38:57 AM: INFO: ***** Edit page opened for: Test Product 2903 *****
09/13/2026 09:38:58 AM: INFO: ***** Product details updated: SKU=SKU66286, Price=999 *****
09/13/2026 09:38:58 AM: INFO: ***** Save button clicked *****
09/13/2026 09:38:59 AM: INFO: ***** Product updated successfully *****
09/13/2026 09:39:03 AM: INFO: ******* Test_EditVendor_015 *******
09/13/2026 09:39:09 AM: INFO: *********** Login Successful **********
09/13/2026 09:39:11 AM: INFO: ******** Starting Edit Vendor Test ********
09/13/2026 09:39:13 AM: INFO: Vendor selected for editing: Vendor1
09/13/2026 09:39:13 AM: INFO: Vendor 'Vendor1' found successfully
09/13/2026 09:39:17 AM: INFO: ******VerifyActivityTypeDisplayed******
09/13/2026 09:39:29 AM: INFO: ***********Login Successful**********
09/13/2026 09:39:29 AM: INFO: ********Starting Verify Activity Type**********
09/13/2026 09:39:31 AM: INFO: fActivity Type '{activity_name}' Status: {result}
09/13/2026 09:39:31 AM: INFO: fActivity Type '{activity_name}' Status: {result}
09/13/2026 09:39:35 AM: INFO: ********** Test_003_AddCustomer **********
09/13/2026 09:39:39 AM: INFO: ********* Login Successful **********
09/13/2026 09:39:39 AM: INFO: ********* Starting Add Customer Test *********
09/13/2026 09:39:42 AM: INFO: ******** Providing customer information ********
09/13/2026 09:39:44 AM: INFO: ******** Customer information provided ********
09/13/2026 09:39:45 AM: INFO: ******** Saving customer information ********
09/13/2026 09:39:45 AM: INFO: Success message: ×
The new customer has been added successfully.
09/13/2026 09:39:45 AM: INFO: ******** Customer added successfully ********
09/13/2026 09:39:45 AM: INFO: ******** Verifying customer in Customers grid ********
09/13/2026 09:40:00 AM: INFO: ******** Customers page opened ********
09/13/2026 09:40:01 AM: INFO: ******** Searching for di15oo9i@gmail.com ********
09/13/2026 09:40:01 AM: INFO: ******** Customer found in Customers grid ********
09/13/2026 09:40:01 AM: INFO: ******** Add customer test passed ********
09/13/2026 09:40:06 AM: INFO: *****Test_AddProduct_028*****
09/13/2026 09:40:11 AM: INFO: *****Login Successful******
09/13/2026 09:40:11 AM: INFO: *****Staring Add Product test*****
09/13/2026 09:40:14 AM: INFO: *****Providing product details*******
09/13/2026 09:40:22 AM: INFO: ******* Test_012_AddVendor *******
09/13/2026 09:40:26 AM: INFO: ***** Login Successfully *****
09/13/2026 09:40:26 AM: INFO: ****** Starting Add Vendor Test ******
09/13/2026 09:40:31 AM: INFO: ****** Providing Vendor Info ******
09/13/2026 09:40:33 AM: INFO: After Save URL: https://localhost:59579/Admin/Vendor/List
09/13/2026 09:40:33 AM: INFO: ******Vendor added successfully******
09/13/2026 09:40:37 AM: INFO: *** Test_BulkEditProductSaveAll_035 ***
09/13/2026 09:40:41 AM: INFO: ***** Login Successful *****
09/13/2026 09:40:41 AM: INFO: ***** Starting Bulk Edit Product Save All Test *****
09/13/2026 09:40:46 AM: INFO: Product Name: Test Product 3592
09/13/2026 09:40:46 AM: INFO: SKU: SKU 61603
09/13/2026 09:40:46 AM: INFO: New Price: 2000
09/13/2026 09:40:46 AM: INFO: Old Price: 1000
09/13/2026 09:40:46 AM: INFO: Stock Quantity: 1000
09/13/2026 09:40:47 AM: INFO: Bulk Edit Save All completed
09/13/2026 09:40:48 AM: INFO: Product 'Test Product 3592' successfully found in Products table
09/13/2026 09:40:53 AM: INFO: *** Test_BulkEditProductSaveSelected_036 ***
09/13/2026 09:40:57 AM: INFO: ***** Login Successful *****
09/13/2026 09:41:02 AM: INFO: Product Name: Test Product 7684
09/13/2026 09:41:02 AM: INFO: SKU: SKU 66825
09/13/2026 09:41:02 AM: INFO: New Price: 2000
09/13/2026 09:41:02 AM: INFO: Old Price: 1000
09/13/2026 09:41:02 AM: INFO: Stock Quantity: 1000
09/13/2026 09:41:03 AM: INFO: Product 'Test Product 7684' selected
09/13/2026 09:41:05 AM: INFO: Save Selected completed
09/13/2026 09:41:06 AM: INFO: Returned to Products List
09/13/2026 09:41:07 AM: INFO: Searching for product 'Test Product 7684'
09/13/2026 09:41:07 AM: INFO: Product 'Test Product 7684' successfully found in Products table
09/13/2026 09:41:12 AM: INFO: ***** Test_BulkEditSearchProductName_037 *****
09/13/2026 09:41:18 AM: INFO: ***** Login Successful *****
09/13/2026 09:41:18 AM: INFO: ***** Starting Bulk Edit Product Search By Name Test *****
09/13/2026 09:41:19 AM: INFO: Dynamic product selected: Test Product 2903
09/13/2026 09:41:20 AM: INFO: Product 'Test Product 2903' displayed successfully
09/13/2026 09:41:25 AM: INFO: ***** Test_BulkEditSearchProductTypeAll_039 *****
09/13/2026 09:41:29 AM: INFO: ***** Login Successful *****
09/13/2026 09:41:36 AM: INFO: ***** Product Type 'All' search returned 49 products *****
09/13/2026 09:41:40 AM: INFO: ***** Test_BulkEditSearchProductTypeGrouped_044 Started *****
09/13/2026 09:41:44 AM: INFO: ***** Login Successful *****
09/13/2026 09:41:48 AM: INFO: ***** Product Type 'Grouped (product with variants)' returned no products as expected *****
09/13/2026 09:41:48 AM: INFO: ***** Test_BulkEditSearchProductTypeGrouped_044 Passed *****
09/13/2026 09:41:52 AM: INFO: ***** Test_BulkEditSearchProductTypeSimple_043 Started *****
09/13/2026 09:41:56 AM: INFO: ***** Login Successful *****
09/13/2026 09:42:01 AM: INFO: ***** Product Type 'Simple' search returned 49 products *****
09/13/2026 09:42:01 AM: INFO: ***** Test_BulkEditSearchProductTypeSimple_043 Passed *****
09/13/2026 09:42:05 AM: INFO: ***** Test_BulkEditProductSearchPublishType_040 Started *****
09/13/2026 09:42:09 AM: INFO: ***** Login Successful *****
09/13/2026 09:42:09 AM: INFO: ***** Starting Bulk Edit Product Search Published Type Test *****
09/13/2026 09:42:13 AM: INFO: ***** Products Found: 49 *****
09/13/2026 09:42:13 AM: INFO: ***** Published Type 'All' Search Passed *****
09/13/2026 09:42:18 AM: INFO: ***** Test_BulkEditProductSearchPublishTypePublished_041 Started *****
09/13/2026 09:42:21 AM: INFO: ***** Login Successful *****
09/13/2026 09:42:21 AM: INFO: ***** Starting Bulk Edit Product Search Published Type Test *****
09/13/2026 09:42:25 AM: INFO: ***** Products Found: 49 *****
09/13/2026 09:42:25 AM: INFO: ***** Published Type 'Published' Search Passed *****
09/13/2026 09:42:30 AM: INFO: ***** Test_BulkEditProductSearchPublishTypeUnPublished_042 Started *****
09/13/2026 09:42:34 AM: INFO: ***** Login Successful *****
09/13/2026 09:42:34 AM: INFO: ***** Starting Bulk Edit Product Search Published Type Test *****
09/13/2026 09:42:40 AM: INFO: ***** Published Type 'Unpublished only' correctly returned no data *****
09/13/2026 09:42:40 AM: INFO: ***** Published Type 'Unpublished only' Search Passed *****
09/13/2026 09:42:44 AM: INFO: ***** Test_BulkEditProductSearchVendor_037*****
09/13/2026 09:42:48 AM: INFO: ***** Login Successful *****
09/13/2026 09:42:48 AM: INFO: ***** Starting Bulk Edit Product Search Vendor Test *****
09/13/2026 09:43:17 AM: INFO: *****Clear_ActivityLogs_020*****
09/13/2026 09:43:21 AM: INFO: ***********Login Successful**********
09/13/2026 09:43:21 AM: INFO: **********Starting Clear_ActivityLogs_020**********
09/13/2026 09:43:24 AM: INFO: **********Clear_ActivityLogs_020 completed**********
09/13/2026 09:43:28 AM: INFO: *****Delete_SingleActivity_019*****
09/13/2026 09:43:32 AM: INFO: ***********Login Successful**********
09/13/2026 09:43:32 AM: INFO: **********Starting Delete_SingleActivity_019**********
09/13/2026 09:43:35 AM: INFO: Customers available for export: 15
09/13/2026 09:43:35 AM: INFO: ******Customers exported successfully*******
09/13/2026 09:43:37 AM: INFO: Activity Log records found: 11
09/13/2026 09:43:38 AM: INFO: ******Activity Log delete clicked*******
09/13/2026 09:43:42 AM: INFO: ******* Exporting All Customers to Excel *******
09/13/2026 09:43:45 AM: INFO: ******* Download directory: C:\Users\hp\PycharmProjects\Python_Selenium_Hybrid\downloads *******
09/13/2026 09:43:46 AM: INFO: ******* Login Successful *****
09/13/2026 09:43:46 AM: INFO: ****** Starting Export All Customers *******
09/13/2026 09:43:50 AM: INFO: ****** Customers page opened ******
09/13/2026 09:43:53 AM: INFO: ******* Export All Customers Excel button clicked *******
09/13/2026 09:43:54 AM: INFO: ******* Excel Downloaded Successfully: customers.xlsx *******
09/13/2026 09:43:54 AM: INFO: ******* Excel File Verification Successful *******
09/13/2026 09:44:01 AM: INFO: ******* Exporting All Customers to XML *******
09/13/2026 09:44:05 AM: INFO: ******* Download directory: C:\Users\hp\PycharmProjects\Python_Selenium_Hybrid\downloads *******
09/13/2026 09:44:05 AM: INFO: ******* Login Successful *****
09/13/2026 09:44:05 AM: INFO: ****** Starting Export All Customers *******
09/13/2026 09:44:08 AM: INFO: ****** Customers page opened ******
09/13/2026 09:44:12 AM: INFO: ******* Export All Customers XML button clicked *******
09/13/2026 09:44:14 AM: INFO: ******* XML Downloaded Successfully: customers.xml *******
09/13/2026 09:44:14 AM: INFO: ******* XML File Verification Successful *******
09/13/2026 09:44:19 AM: INFO: ******* Exporting Selected Customers to Excel *******
09/13/2026 09:44:23 AM: INFO: ******* Download directory: C:\Users\hp\PycharmProjects\Python_Selenium_Hybrid\downloads *******
09/13/2026 09:44:23 AM: INFO: ******* Login Successful *****
09/13/2026 09:44:23 AM: INFO: ****** Navigating to Customers ******
09/13/2026 09:44:26 AM: INFO: ****** Customers page opened ******
09/13/2026 09:44:29 AM: INFO: ******* Customers Selected Successfully *******
09/13/2026 09:44:30 AM: INFO: ******* Export Selected Excel button clicked *******
09/13/2026 09:44:32 AM: INFO: ******* Excel Downloaded Successfully: customers.xlsx *******
09/13/2026 09:44:32 AM: INFO: ******* Excel File Verification Successful *******
09/13/2026 09:44:37 AM: INFO: ******* Exporting Selected Customers to XML *******
09/13/2026 09:44:41 AM: INFO: ******* Download directory: C:\Users\hp\PycharmProjects\Python_Selenium_Hybrid\downloads *******
09/13/2026 09:44:41 AM: INFO: ******* Login Successful *****
09/13/2026 09:44:41 AM: INFO: ****** Navigating to Customers ******
09/13/2026 09:44:44 AM: INFO: ****** Customers page opened ******
09/13/2026 09:44:46 AM: INFO: ******* Customers Selected Successfully *******
09/13/2026 09:44:48 AM: INFO: ******* Export Selected XML button clicked *******
09/13/2026 09:44:49 AM: INFO: ******* XML Downloaded Successfully: customers.xml *******
09/13/2026 09:44:49 AM: INFO: ******* XML File Verification Successful *******
09/13/2026 09:44:54 AM: INFO: ********Verify Login Test********
09/13/2026 09:45:00 AM: INFO: ********Login test Passed********
09/13/2026 09:45:05 AM: INFO: **********Test_002_DDT_Login********
09/13/2026 09:45:05 AM: INFO: ********Verify Login DDT Test********
09/13/2026 09:45:11 AM: INFO: Row 2: *****Test Passed*****
09/13/2026 09:45:15 AM: INFO: Row 3: *****Test Passed*****
09/13/2026 09:45:17 AM: INFO: Row 4: *****Test Passed*****
09/13/2026 09:45:21 AM: INFO: Row 5: *****Test Passed*****
09/13/2026 09:45:24 AM: INFO: Row 6: *****Test Passed*****
09/13/2026 09:45:24 AM: INFO: ****Login DDT Test Passed****
09/13/2026 09:45:24 AM: INFO: ****End of Login DDT Test****
09/13/2026 09:45:24 AM: INFO: *****Completed TC_LoginDDT_002******
09/13/2026 09:45:28 AM: INFO: ******* SearchCustomerByEmail_004 *********
09/13/2026 09:45:32 AM: INFO: *********** Login Successful **********
09/13/2026 09:45:32 AM: INFO: ********** Starting SearchCustomerByEmail_004 **********
09/13/2026 09:45:35 AM: INFO: ******** Searching customer by email ID ***********
09/13/2026 09:45:35 AM: INFO: ******** Customer found successfully ********
09/13/2026 09:45:35 AM: INFO: ******** TC_SearchCustomerByEmail_004 Finished **********
09/13/2026 09:45:42 AM: WARNING: Retrying (Retry(total=2, connect=None, read=None, redirect=None, status=None)) after connection broken by 'NewConnectionError("HTTPConnection(host='localhost', port=64614): Failed to establish a new connection: [WinError 10061] No connection could be made because the target machine actively refused it")': /session/e85752e385d6d380ba000261fb89d883
09/13/2026 09:45:46 AM: WARNING: Retrying (Retry(total=1, connect=None, read=None, redirect=None, status=None)) after connection broken by 'NewConnectionError("HTTPConnection(host='localhost', port=64614): Failed to establish a new connection: [WinError 10061] No connection could be made because the target machine actively refused it")': /session/e85752e385d6d380ba000261fb89d883
09/13/2026 09:45:50 AM: WARNING: Retrying (Retry(total=0, connect=None, read=None, redirect=None, status=None)) after connection broken by 'NewConnectionError("HTTPConnection(host='localhost', port=64614): Failed to establish a new connection: [WinError 10061] No connection could be made because the target machine actively refused it")': /session/e85752e385d6d380ba000261fb89d883
09/13/2026 09:45:56 AM: INFO: ******* SearchCustomerByName_005 *********
09/13/2026 09:46:00 AM: INFO: *********** Login Successful **********
09/13/2026 09:46:00 AM: INFO: ********** Starting SearchCustomerByName_005 **********
09/13/2026 09:46:04 AM: INFO: ******** Customers page opened ********
09/13/2026 09:46:04 AM: INFO: ******** Searching customer by Name ***********
09/13/2026 09:46:05 AM: INFO: ******** TC_SearchCustomerByName_005 Finished **********
09/13/2026 09:46:09 AM: INFO: *****SearchVendorByName_013*****
09/13/2026 09:46:13 AM: INFO: ***********Login Successful**********
09/13/2026 09:46:13 AM: INFO: **********Starting SearchVendorByName_013**********
09/13/2026 09:46:16 AM: INFO: ******** searching vendor by Email***********
09/13/2026 09:46:20 AM: INFO: ********TC_SearchvendorrByEmail_014 Finished**********
09/13/2026 09:46:24 AM: INFO: *****SearchVendorByName_013*****
09/13/2026 09:46:28 AM: INFO: ***********Login Successful**********
09/13/2026 09:46:28 AM: INFO: **********Starting SearchVendorByName_013**********
09/13/2026 09:46:31 AM: INFO: ******** searching vendor by Name***********
09/13/2026 09:46:31 AM: INFO: Selected Vendor Name: Vendor1
09/13/2026 09:46:31 AM: INFO: *******Searching Vendor by Name: {vendor_name}********
09/13/2026 09:46:34 AM: INFO: ********TC_SearchvendorrByName_013 Finished**********
09/13/2026 09:46:39 AM: INFO: ***** SearchActivityDate_016 *****
09/13/2026 09:46:43 AM: INFO: *********** Login Successful **********
09/13/2026 09:46:43 AM: INFO: ********** Starting SearchActivityDate_016 **********
09/13/2026 09:46:47 AM: INFO: Activity log rows found: 15
09/13/2026 09:46:51 AM: INFO: *****SearchActivityIP_017*****
09/13/2026 09:46:55 AM: INFO: ***********Login Successful**********
09/13/2026 09:46:55 AM: INFO: **********Starting SearchActivityIP_017**********
09/13/2026 09:47:03 AM: INFO: *****SearchActivity_LogType_018*****
09/13/2026 09:47:08 AM: INFO: ***********Login Successful**********
09/13/2026 09:47:08 AM: INFO: **********Starting SearchActivity_LogType_018**********
09/13/2026 09:47:17 AM: INFO: *****SearchCustomer_RoleAdministrator_021*****
09/13/2026 09:47:21 AM: INFO: ***********Login Successful**********
09/13/2026 09:47:26 AM: INFO: Administrator search result count: 1
09/13/2026 09:47:30 AM: INFO: *****SearchCustomer_RoleForumModerator_023*****
09/13/2026 09:47:34 AM: INFO: ***********Login Successful**********
09/13/2026 09:47:38 AM: INFO: Forum Moderator search result count: 1
09/13/2026 09:47:43 AM: INFO: *****SearchCustomer_Role_Guests_024*****
09/13/2026 09:47:46 AM: INFO: ***********Login Successful**********
09/13/2026 09:47:46 AM: INFO: ********Starting_SearchGuest_Role_024******
09/13/2026 09:47:50 AM: INFO: Normal table customer count: 15
09/13/2026 09:47:52 AM: INFO: Guests search result count: 15
09/13/2026 09:47:56 AM: INFO: ***** Test_SearchProductByName_029 *****
09/13/2026 09:48:00 AM: INFO: ***** Login Successful *****
09/13/2026 09:48:00 AM: INFO: ***** Starting Search Product By Name Test *****
09/13/2026 09:48:03 AM: INFO: Dynamic product selected: Test Product 2903
09/13/2026 09:48:04 AM: INFO: Product 'Test Product 2903' found successfully
09/13/2026 09:48:08 AM: INFO: *****Test_SearchProductBySKU_030*****
09/13/2026 09:48:12 AM: INFO: *****Login Successful******
09/13/2026 09:48:23 AM: INFO: ********** Test_SearchProductByVendor_031 Started **********
09/13/2026 09:48:26 AM: INFO: Application URL opened: https://localhost:59579/admin
09/13/2026 09:48:26 AM: INFO: ********** Login Successful **********
09/13/2026 09:48:29 AM: INFO: ********** Products page opened successfully **********
09/13/2026 09:48:30 AM: INFO: ********** Product search performed for Vendor1 **********
09/13/2026 09:48:30 AM: INFO: ********** 'No data available in table' validated **********
09/13/2026 09:48:30 AM: INFO: ********** 'No records' validated **********
09/13/2026 09:48:30 AM: INFO: ********** Test_SearchProductByVendor_031 Passed **********
09/13/2026 09:48:34 AM: INFO: *****SearchCustomer_RoleRegistered_022*****
09/13/2026 09:48:38 AM: INFO: ***********Login Successful**********
09/13/2026 09:48:42 AM: INFO: Normal table customer count: 15
09/13/2026 09:48:43 AM: INFO: Registered search result count: 2
09/13/2026 09:48:48 AM: INFO: *****SearchCustomer_Role_Vendors_025*****
09/13/2026 09:48:54 AM: INFO: ***********Login Successful**********
09/13/2026 09:48:54 AM: INFO: ********Starting_SearchVendor_Role_025******
09/13/2026 09:48:57 AM: INFO: Normal table customer count: 15
09/13/2026 09:48:58 AM: INFO: Vendor search result count: 0
